assembly_accession,organism_name,asm_name,gbrs_paired_asm,ftp_path,download_path,file_name
GCF_004115215.2,Ornithorhynchus anatinus,mOrnAna1.pri.v4,GCA_004115215.4,https://ftp.ncbi.nlm.nih.gov/genomes/all/GCF/004/115/215/GCF_004115215.2_mOrnAna1.pri.v4,https://ftp.ncbi.nlm.nih.gov/genomes/all/GCF/004/115/215/GCF_004115215.2_mOrnAna1.pri.v4/GCF_004115215.2_mOrnAna1.pri.v4_cds_from_genomic.fna.gz,GCF_004115215.2_mOrnAna1.pri.v4_cds_from_genomic.fna.gz
GCF_015852505.1,Tachyglossus aculeatus,mTacAcu1.pri,GCA_015852505.1,https://ftp.ncbi.nlm.nih.gov/genomes/all/GCF/015/852/505/GCF_015852505.1_mTacAcu1.pri,https://ftp.ncbi.nlm.nih.gov/genomes/all/GCF/015/852/505/GCF_015852505.1_mTacAcu1.pri/GCF_015852505.1_mTacAcu1.pri_cds_from_genomic.fna.gz,GCF_015852505.1_mTacAcu1.pri_cds_from_genomic.fna.gz
GCF_902635505.1,Sarcophilus harrisii,mSarHar1.11,GCA_902635505.1,https://ftp.ncbi.nlm.nih.gov/genomes/all/GCF/902/635/505/GCF_902635505.1_mSarHar1.11,https://ftp.ncbi.nlm.nih.gov/genomes/all/GCF/902/635/505/GCF_902635505.1_mSarHar1.11/GCF_902635505.1_mSarHar1.11_cds_from_genomic.fna.gz,GCF_902635505.1_mSarHar1.11_cds_from_genomic.fna.gz
GCF_011100635.1,Trichosurus vulpecula,mTriVul1.pri,GCA_011100635.1,https://ftp.ncbi.nlm.nih.gov/genomes/all/GCF/011/100/635/GCF_011100635.1_mTriVul1.pri,https://ftp.ncbi.nlm.nih.gov/genomes/all/GCF/011/100/635/GCF_011100635.1_mTriVul1.pri/GCF_011100635.1_mTriVul1.pri_cds_from_genomic.fna.gz,GCF_011100635.1_mTriVul1.pri_cds_from_genomic.fna.gz
GCF_000208655.1,Dasypus novemcinctus,Dasnov3.0,GCA_000208655.2,https://ftp.ncbi.nlm.nih.gov/genomes/all/GCF/000/208/655/GCF_000208655.1_Dasnov3.0,https://ftp.ncbi.nlm.nih.gov/genomes/all/GCF/000/208/655/GCF_000208655.1_Dasnov3.0/GCF_000208655.1_Dasnov3.0_cds_from_genomic.fna.gz,GCF_000208655.1_Dasnov3.0_cds_from_genomic.fna.gz
GCF_000296755.1,Erinaceus europaeus,EriEur2.0,GCA_000296755.1,https://ftp.ncbi.nlm.nih.gov/genomes/all/GCF/000/296/755/GCF_000296755.1_EriEur2.0,https://ftp.ncbi.nlm.nih.gov/genomes/all/GCF/000/296/755/GCF_000296755.1_EriEur2.0/GCF_000296755.1_EriEur2.0_cds_from_genomic.fna.gz,GCF_000296755.1_EriEur2.0_cds_from_genomic.fna.gz
GCF_000313985.2,Echinops telfairi,ASM31398v2,GCA_000313985.2,https://ftp.ncbi.nlm.nih.gov/genomes/all/GCF/000/313/985/GCF_000313985.2_ASM31398v2,https://ftp.ncbi.nlm.nih.gov/genomes/all/GCF/000/313/985/GCF_000313985.2_ASM31398v2/GCF_000313985.2_ASM31398v2_cds_from_genomic.fna.gz,GCF_000313985.2_ASM31398v2_cds_from_genomic.fna.gz
GCF_000325575.1,Pteropus alecto,ASM32557v1,GCA_000325575.1,https://ftp.ncbi.nlm.nih.gov/genomes/all/GCF/000/325/575/GCF_000325575.1_ASM32557v1,https://ftp.ncbi.nlm.nih.gov/genomes/all/GCF/000/325/575/GCF_000325575.1_ASM32557v1/GCF_000325575.1_ASM32557v1_cds_from_genomic.fna.gz,GCF_000325575.1_ASM32557v1_cds_from_genomic.fna.gz
GCF_014176215.1,Rousettus aegyptiacus,mRouAeg1.p,GCA_014176215.1,https://ftp.ncbi.nlm.nih.gov/genomes/all/GCF/014/176/215/GCF_014176215.1_mRouAeg1.p,https://ftp.ncbi.nlm.nih.gov/genomes/all/GCF/014/176/215/GCF_014176215.1_mRouAeg1.p/GCF_014176215.1_mRouAeg1.p_cds_from_genomic.fna.gz,GCF_014176215.1_mRouAeg1.p_cds_from_genomic.fna.gz
GCF_014825515.1,Artibeus jamaicensis,WHU_Ajam_v2,GCA_014825515.1,https://ftp.ncbi.nlm.nih.gov/genomes/all/GCF/014/825/515/GCF_014825515.1_WHU_Ajam_v2,https://ftp.ncbi.nlm.nih.gov/genomes/all/GCF/014/825/515/GCF_014825515.1_WHU_Ajam_v2/GCF_014825515.1_WHU_Ajam_v2_cds_from_genomic.fna.gz,GCF_014825515.1_WHU_Ajam_v2_cds_from_genomic.fna.gz
GCF_002940915.1,Desmodus rotundus,ASM294091v2,GCA_002940915.2,https://ftp.ncbi.nlm.nih.gov/genomes/all/GCF/002/940/915/GCF_002940915.1_ASM294091v2,https://ftp.ncbi.nlm.nih.gov/genomes/all/GCF/002/940/915/GCF_002940915.1_ASM294091v2/GCF_002940915.1_ASM294091v2_cds_from_genomic.fna.gz,GCF_002940915.1_ASM294091v2_cds_from_genomic.fna.gz
GCF_009663435.1,Callithrix jacchus,Callithrix_jacchus_cj1700_1.1,GCA_009663435.2,https://ftp.ncbi.nlm.nih.gov/genomes/all/GCF/009/663/435/GCF_009663435.1_Callithrix_jacchus_cj1700_1.1,https://ftp.ncbi.nlm.nih.gov/genomes/all/GCF/009/663/435/GCF_009663435.1_Callithrix_jacchus_cj1700_1.1/GCF_009663435.1_Callithrix_jacchus_cj1700_1.1_cds_from_genomic.fna.gz,GCF_009663435.1_Callithrix_jacchus_cj1700_1.1_cds_from_genomic.fna.gz
GCF_009761245.1,Sapajus apella,GSC_monkey_1.0,GCA_009761245.1,https://ftp.ncbi.nlm.nih.gov/genomes/all/GCF/009/761/245/GCF_009761245.1_GSC_monkey_1.0,https://ftp.ncbi.nlm.nih.gov/genomes/all/GCF/009/761/245/GCF_009761245.1_GSC_monkey_1.0/GCF_009761245.1_GSC_monkey_1.0_cds_from_genomic.fna.gz,GCF_009761245.1_GSC_monkey_1.0_cds_from_genomic.fna.gz
GCF_000955945.1,Cercocebus atys,Caty_1.0,GCA_000955945.1,https://ftp.ncbi.nlm.nih.gov/genomes/all/GCF/000/955/945/GCF_000955945.1_Caty_1.0,https://ftp.ncbi.nlm.nih.gov/genomes/all/GCF/000/955/945/GCF_000955945.1_Caty_1.0/GCF_000955945.1_Caty_1.0_cds_from_genomic.fna.gz,GCF_000955945.1_Caty_1.0_cds_from_genomic.fna.gz
GCF_000364345.1,Macaca fascicularis,Macaca_fascicularis_5.0,GCA_000364345.1,https://ftp.ncbi.nlm.nih.gov/genomes/all/GCF/000/364/345/GCF_000364345.1_Macaca_fascicularis_5.0,https://ftp.ncbi.nlm.nih.gov/genomes/all/GCF/000/364/345/GCF_000364345.1_Macaca_fascicularis_5.0/GCF_000364345.1_Macaca_fascicularis_5.0_cds_from_genomic.fna.gz,GCF_000364345.1_Macaca_fascicularis_5.0_cds_from_genomic.fna.gz
GCF_003339765.1,Macaca mulatta,Mmul_10,GCA_003339765.3,https://ftp.ncbi.nlm.nih.gov/genomes/all/GCF/003/339/765/GCF_003339765.1_Mmul_10,https://ftp.ncbi.nlm.nih.gov/genomes/all/GCF/003/339/765/GCF_003339765.1_Mmul_10/GCF_003339765.1_Mmul_10_cds_from_genomic.fna.gz,GCF_003339765.1_Mmul_10_cds_from_genomic.fna.gz
GCF_000956065.1,Macaca nemestrina,Mnem_1.0,GCA_000956065.1,https://ftp.ncbi.nlm.nih.gov/genomes/all/GCF/000/956/065/GCF_000956065.1_Mnem_1.0,https://ftp.ncbi.nlm.nih.gov/genomes/all/GCF/000/956/065/GCF_000956065.1_Mnem_1.0/GCF_000956065.1_Mnem_1.0_cds_from_genomic.fna.gz,GCF_000956065.1_Mnem_1.0_cds_from_genomic.fna.gz
GCF_008728515.1,Papio anubis,Panubis1.0,GCA_008728515.1,https://ftp.ncbi.nlm.nih.gov/genomes/all/GCF/008/728/515/GCF_008728515.1_Panubis1.0,https://ftp.ncbi.nlm.nih.gov/genomes/all/GCF/008/728/515/GCF_008728515.1_Panubis1.0/GCF_008728515.1_Panubis1.0_cds_from_genomic.fna.gz,GCF_008728515.1_Panubis1.0_cds_from_genomic.fna.gz
GCF_003255815.1,Theropithecus gelada,Tgel_1.0,GCA_003255815.1,https://ftp.ncbi.nlm.nih.gov/genomes/all/GCF/003/255/815/GCF_003255815.1_Tgel_1.0,https://ftp.ncbi.nlm.nih.gov/genomes/all/GCF/003/255/815/GCF_003255815.1_Tgel_1.0/GCF_003255815.1_Tgel_1.0_cds_from_genomic.fna.gz,GCF_003255815.1_Tgel_1.0_cds_from_genomic.fna.gz
GCF_000951045.1,Mandrillus leucophaeus,Mleu.le_1.0,GCA_000951045.1,https://ftp.ncbi.nlm.nih.gov/genomes/all/GCF/000/951/045/GCF_000951045.1_Mleu.le_1.0,https://ftp.ncbi.nlm.nih.gov/genomes/all/GCF/000/951/045/GCF_000951045.1_Mleu.le_1.0/GCF_000951045.1_Mleu.le_1.0_cds_from_genomic.fna.gz,GCF_000951045.1_Mleu.le_1.0_cds_from_genomic.fna.gz
GCF_008122165.1,Gorilla gorilla gorilla,Kamilah_GGO_v0,GCA_008122165.1,https://ftp.ncbi.nlm.nih.gov/genomes/all/GCF/008/122/165/GCF_008122165.1_Kamilah_GGO_v0,https://ftp.ncbi.nlm.nih.gov/genomes/all/GCF/008/122/165/GCF_008122165.1_Kamilah_GGO_v0/GCF_008122165.1_Kamilah_GGO_v0_cds_from_genomic.fna.gz,GCF_008122165.1_Kamilah_GGO_v0_cds_from_genomic.fna.gz
GCF_013052645.1,Pan paniscus,Mhudiblu_PPA_v0,GCA_013052645.1,https://ftp.ncbi.nlm.nih.gov/genomes/all/GCF/013/052/645/GCF_013052645.1_Mhudiblu_PPA_v0,https://ftp.ncbi.nlm.nih.gov/genomes/all/GCF/013/052/645/GCF_013052645.1_Mhudiblu_PPA_v0/GCF_013052645.1_Mhudiblu_PPA_v0_cds_from_genomic.fna.gz,GCF_013052645.1_Mhudiblu_PPA_v0_cds_from_genomic.fna.gz
GCF_002880755.1,Pan troglodytes,Clint_PTRv2,GCA_002880755.3,https://ftp.ncbi.nlm.nih.gov/genomes/all/GCF/002/880/755/GCF_002880755.1_Clint_PTRv2,https://ftp.ncbi.nlm.nih.gov/genomes/all/GCF/002/880/755/GCF_002880755.1_Clint_PTRv2/GCF_002880755.1_Clint_PTRv2_cds_from_genomic.fna.gz,GCF_002880755.1_Clint_PTRv2_cds_from_genomic.fna.gz
GCF_002880775.1,Pongo abelii,Susie_PABv2,GCA_002880775.3,https://ftp.ncbi.nlm.nih.gov/genomes/all/GCF/002/880/775/GCF_002880775.1_Susie_PABv2,https://ftp.ncbi.nlm.nih.gov/genomes/all/GCF/002/880/775/GCF_002880775.1_Susie_PABv2/GCF_002880775.1_Susie_PABv2_cds_from_genomic.fna.gz,GCF_002880775.1_Susie_PABv2_cds_from_genomic.fna.gz
GCF_000001405.39,Homo sapiens,GRCh38.p13,GCA_000001405.28,https://ftp.ncbi.nlm.nih.gov/genomes/all/GCF/000/001/405/GCF_000001405.39_GRCh38.p13,https://ftp.ncbi.nlm.nih.gov/genomes/all/GCF/000/001/405/GCF_000001405.39_GRCh38.p13/GCF_000001405.39_GRCh38.p13_cds_from_genomic.fna.gz,GCF_000001405.39_GRCh38.p13_cds_from_genomic.fna.gz
GCF_000002285.5,Canis lupus familiaris,Dog10K_Boxer_Tasha,GCA_000002285.4,https://ftp.ncbi.nlm.nih.gov/genomes/all/GCF/000/002/285/GCF_000002285.5_Dog10K_Boxer_Tasha,https://ftp.ncbi.nlm.nih.gov/genomes/all/GCF/000/002/285/GCF_000002285.5_Dog10K_Boxer_Tasha/GCF_000002285.5_Dog10K_Boxer_Tasha_cds_from_genomic.fna.gz,GCF_000002285.5_Dog10K_Boxer_Tasha_cds_from_genomic.fna.gz
GCF_014441545.1,Canis lupus familiaris,ROS_Cfam_1.0,GCA_014441545.1,https://ftp.ncbi.nlm.nih.gov/genomes/all/GCF/014/441/545/GCF_014441545.1_ROS_Cfam_1.0,https://ftp.ncbi.nlm.nih.gov/genomes/all/GCF/014/441/545/GCF_014441545.1_ROS_Cfam_1.0/GCF_014441545.1_ROS_Cfam_1.0_cds_from_genomic.fna.gz,GCF_014441545.1_ROS_Cfam_1.0_cds_from_genomic.fna.gz
GCF_003160815.1,Vulpes vulpes,VulVul2.2,GCA_003160815.1,https://ftp.ncbi.nlm.nih.gov/genomes/all/GCF/003/160/815/GCF_003160815.1_VulVul2.2,https://ftp.ncbi.nlm.nih.gov/genomes/all/GCF/003/160/815/GCF_003160815.1_VulVul2.2/GCF_003160815.1_VulVul2.2_cds_from_genomic.fna.gz,GCF_003160815.1_VulVul2.2_cds_from_genomic.fna.gz
GCF_002007445.1,Ailuropoda melanoleuca,ASM200744v2,GCA_002007445.2,https://ftp.ncbi.nlm.nih.gov/genomes/all/GCF/002/007/445/GCF_002007445.1_ASM200744v2,https://ftp.ncbi.nlm.nih.gov/genomes/all/GCF/002/007/445/GCF_002007445.1_ASM200744v2/GCF_002007445.1_ASM200744v2_cds_from_genomic.fna.gz,GCF_002007445.1_ASM200744v2_cds_from_genomic.fna.gz
GCF_000215625.1,Mustela putorius furo,MusPutFur1.0,GCA_000215625.1,https://ftp.ncbi.nlm.nih.gov/genomes/all/GCF/000/215/625/GCF_000215625.1_MusPutFur1.0,https://ftp.ncbi.nlm.nih.gov/genomes/all/GCF/000/215/625/GCF_000215625.1_MusPutFur1.0/GCF_000215625.1_MusPutFur1.0_cds_from_genomic.fna.gz,GCF_000215625.1_MusPutFur1.0_cds_from_genomic.fna.gz
GCF_000181335.3,Felis catus,Felis_catus_9.0,GCA_000181335.4,https://ftp.ncbi.nlm.nih.gov/genomes/all/GCF/000/181/335/GCF_000181335.3_Felis_catus_9.0,https://ftp.ncbi.nlm.nih.gov/genomes/all/GCF/000/181/335/GCF_000181335.3_Felis_catus_9.0/GCF_000181335.3_Felis_catus_9.0_cds_from_genomic.fna.gz,GCF_000181335.3_Felis_catus_9.0_cds_from_genomic.fna.gz
GCF_018350215.1,Panthera leo,P.leo_Ple1_pat1.1,GCA_018350215.1,https://ftp.ncbi.nlm.nih.gov/genomes/all/GCF/018/350/215/GCF_018350215.1_P.leo_Ple1_pat1.1,https://ftp.ncbi.nlm.nih.gov/genomes/all/GCF/018/350/215/GCF_018350215.1_P.leo_Ple1_pat1.1/GCF_018350215.1_P.leo_Ple1_pat1.1_cds_from_genomic.fna.gz,GCF_018350215.1_P.leo_Ple1_pat1.1_cds_from_genomic.fna.gz
GCF_001857705.1,Panthera pardus,PanPar1.0,GCA_001857705.1,https://ftp.ncbi.nlm.nih.gov/genomes/all/GCF/001/857/705/GCF_001857705.1_PanPar1.0,https://ftp.ncbi.nlm.nih.gov/genomes/all/GCF/001/857/705/GCF_001857705.1_PanPar1.0/GCF_001857705.1_PanPar1.0_cds_from_genomic.fna.gz,GCF_001857705.1_PanPar1.0_cds_from_genomic.fna.gz
GCF_018350195.1,Panthera tigris,P.tigris_Pti1_mat1.1,GCA_018350195.2,https://ftp.ncbi.nlm.nih.gov/genomes/all/GCF/018/350/195/GCF_018350195.1_P.tigris_Pti1_mat1.1,https://ftp.ncbi.nlm.nih.gov/genomes/all/GCF/018/350/195/GCF_018350195.1_P.tigris_Pti1_mat1.1/GCF_018350195.1_P.tigris_Pti1_mat1.1_cds_from_genomic.fna.gz,GCF_018350195.1_P.tigris_Pti1_mat1.1_cds_from_genomic.fna.gz
GCF_003327715.1,Puma concolor,PumCon1.0,GCA_003327715.1,https://ftp.ncbi.nlm.nih.gov/genomes/all/GCF/003/327/715/GCF_003327715.1_PumCon1.0,https://ftp.ncbi.nlm.nih.gov/genomes/all/GCF/003/327/715/GCF_003327715.1_PumCon1.0/GCF_003327715.1_PumCon1.0_cds_from_genomic.fna.gz,GCF_003327715.1_PumCon1.0_cds_from_genomic.fna.gz
GCF_009762305.2,Zalophus californianus,mZalCal1.pri.v2,GCA_009762305.2,https://ftp.ncbi.nlm.nih.gov/genomes/all/GCF/009/762/305/GCF_009762305.2_mZalCal1.pri.v2,https://ftp.ncbi.nlm.nih.gov/genomes/all/GCF/009/762/305/GCF_009762305.2_mZalCal1.pri.v2/GCF_009762305.2_mZalCal1.pri.v2_cds_from_genomic.fna.gz,GCF_009762305.2_mZalCal1.pri.v2_cds_from_genomic.fna.gz
GCF_000321225.1,Odobenus rosmarus divergens,Oros_1.0,GCA_000321225.1,https://ftp.ncbi.nlm.nih.gov/genomes/all/GCF/000/321/225/GCF_000321225.1_Oros_1.0,https://ftp.ncbi.nlm.nih.gov/genomes/all/GCF/000/321/225/GCF_000321225.1_Oros_1.0/GCF_000321225.1_Oros_1.0_cds_from_genomic.fna.gz,GCF_000321225.1_Oros_1.0_cds_from_genomic.fna.gz
GCF_012393455.1,Halichoerus grypus,Tufts_HGry_1.1,GCA_012393455.1,https://ftp.ncbi.nlm.nih.gov/genomes/all/GCF/012/393/455/GCF_012393455.1_Tufts_HGry_1.1,https://ftp.ncbi.nlm.nih.gov/genomes/all/GCF/012/393/455/GCF_012393455.1_Tufts_HGry_1.1/GCF_012393455.1_Tufts_HGry_1.1_cds_from_genomic.fna.gz,GCF_012393455.1_Tufts_HGry_1.1_cds_from_genomic.fna.gz
GCF_000349705.1,Leptonychotes weddellii,LepWed1.0,GCA_000349705.1,https://ftp.ncbi.nlm.nih.gov/genomes/all/GCF/000/349/705/GCF_000349705.1_LepWed1.0,https://ftp.ncbi.nlm.nih.gov/genomes/all/GCF/000/349/705/GCF_000349705.1_LepWed1.0/GCF_000349705.1_LepWed1.0_cds_from_genomic.fna.gz,GCF_000349705.1_LepWed1.0_cds_from_genomic.fna.gz
GCF_011800145.1,Mirounga leonina,KU_Mleo_1.0,GCA_011800145.1,https://ftp.ncbi.nlm.nih.gov/genomes/all/GCF/011/800/145/GCF_011800145.1_KU_Mleo_1.0,https://ftp.ncbi.nlm.nih.gov/genomes/all/GCF/011/800/145/GCF_011800145.1_KU_Mleo_1.0/GCF_011800145.1_KU_Mleo_1.0_cds_from_genomic.fna.gz,GCF_011800145.1_KU_Mleo_1.0_cds_from_genomic.fna.gz
GCF_004348235.1,Phoca vitulina,GSC_HSeal_1.0,GCA_004348235.1,https://ftp.ncbi.nlm.nih.gov/genomes/all/GCF/004/348/235/GCF_004348235.1_GSC_HSeal_1.0,https://ftp.ncbi.nlm.nih.gov/genomes/all/GCF/004/348/235/GCF_004348235.1_GSC_HSeal_1.0/GCF_004348235.1_GSC_HSeal_1.0_cds_from_genomic.fna.gz,GCF_004348235.1_GSC_HSeal_1.0_cds_from_genomic.fna.gz
GCF_006547405.1,Globicephala melas,ASM654740v1,GCA_006547405.1,https://ftp.ncbi.nlm.nih.gov/genomes/all/GCF/006/547/405/GCF_006547405.1_ASM654740v1,https://ftp.ncbi.nlm.nih.gov/genomes/all/GCF/006/547/405/GCF_006547405.1_ASM654740v1/GCF_006547405.1_ASM654740v1_cds_from_genomic.fna.gz,GCF_006547405.1_ASM654740v1_cds_from_genomic.fna.gz
GCF_000331955.2,Orcinus orca,Oorc_1.1,GCA_000331955.2,https://ftp.ncbi.nlm.nih.gov/genomes/all/GCF/000/331/955/GCF_000331955.2_Oorc_1.1,https://ftp.ncbi.nlm.nih.gov/genomes/all/GCF/000/331/955/GCF_000331955.2_Oorc_1.1/GCF_000331955.2_Oorc_1.1_cds_from_genomic.fna.gz,GCF_000331955.2_Oorc_1.1_cds_from_genomic.fna.gz
GCF_011762595.1,Tursiops truncatus,mTurTru1.mat.Y,GCA_011762595.1,https://ftp.ncbi.nlm.nih.gov/genomes/all/GCF/011/762/595/GCF_011762595.1_mTurTru1.mat.Y,https://ftp.ncbi.nlm.nih.gov/genomes/all/GCF/011/762/595/GCF_011762595.1_mTurTru1.mat.Y/GCF_011762595.1_mTurTru1.mat.Y_cds_from_genomic.fna.gz,GCF_011762595.1_mTurTru1.mat.Y_cds_from_genomic.fna.gz
GCF_002288925.2,Delphinapterus leucas,ASM228892v3,GCA_002288925.3,https://ftp.ncbi.nlm.nih.gov/genomes/all/GCF/002/288/925/GCF_002288925.2_ASM228892v3,https://ftp.ncbi.nlm.nih.gov/genomes/all/GCF/002/288/925/GCF_002288925.2_ASM228892v3/GCF_002288925.2_ASM228892v3_cds_from_genomic.fna.gz,GCF_002288925.2_ASM228892v3_cds_from_genomic.fna.gz
GCF_002837175.2,Physeter catodon,ASM283717v2,GCA_002837175.2,https://ftp.ncbi.nlm.nih.gov/genomes/all/GCF/002/837/175/GCF_002837175.2_ASM283717v2,https://ftp.ncbi.nlm.nih.gov/genomes/all/GCF/002/837/175/GCF_002837175.2_ASM283717v2/GCF_002837175.2_ASM283717v2_cds_from_genomic.fna.gz,GCF_002837175.2_ASM283717v2_cds_from_genomic.fna.gz
GCF_009873245.2,Balaenoptera musculus,mBalMus1.pri.v3,GCA_009873245.3,https://ftp.ncbi.nlm.nih.gov/genomes/all/GCF/009/873/245/GCF_009873245.2_mBalMus1.pri.v3,https://ftp.ncbi.nlm.nih.gov/genomes/all/GCF/009/873/245/GCF_009873245.2_mBalMus1.pri.v3/GCF_009873245.2_mBalMus1.pri.v3_cds_from_genomic.fna.gz,GCF_009873245.2_mBalMus1.pri.v3_cds_from_genomic.fna.gz
GCF_000001905.1,Loxodonta africana,Loxafr3.0,GCA_000001905.1,https://ftp.ncbi.nlm.nih.gov/genomes/all/GCF/000/001/905/GCF_000001905.1_Loxafr3.0,https://ftp.ncbi.nlm.nih.gov/genomes/all/GCF/000/001/905/GCF_000001905.1_Loxafr3.0/GCF_000001905.1_Loxafr3.0_cds_from_genomic.fna.gz,GCF_000001905.1_Loxafr3.0_cds_from_genomic.fna.gz
GCF_001305755.1,Equus asinus,ASM130575v1,GCA_001305755.1,https://ftp.ncbi.nlm.nih.gov/genomes/all/GCF/001/305/755/GCF_001305755.1_ASM130575v1,https://ftp.ncbi.nlm.nih.gov/genomes/all/GCF/001/305/755/GCF_001305755.1_ASM130575v1/GCF_001305755.1_ASM130575v1_cds_from_genomic.fna.gz,GCF_001305755.1_ASM130575v1_cds_from_genomic.fna.gz
GCF_002863925.1,Equus caballus,EquCab3.0,GCA_002863925.1,https://ftp.ncbi.nlm.nih.gov/genomes/all/GCF/002/863/925/GCF_002863925.1_EquCab3.0,https://ftp.ncbi.nlm.nih.gov/genomes/all/GCF/002/863/925/GCF_002863925.1_EquCab3.0/GCF_002863925.1_EquCab3.0_cds_from_genomic.fna.gz,GCF_002863925.1_EquCab3.0_cds_from_genomic.fna.gz
GCF_000696695.1,Equus przewalskii,Burgud,GCA_000696695.1,https://ftp.ncbi.nlm.nih.gov/genomes/all/GCF/000/696/695/GCF_000696695.1_Burgud,https://ftp.ncbi.nlm.nih.gov/genomes/all/GCF/000/696/695/GCF_000696695.1_Burgud/GCF_000696695.1_Burgud_cds_from_genomic.fna.gz,GCF_000696695.1_Burgud_cds_from_genomic.fna.gz
GCF_000003025.6,Sus scrofa,Sscrofa11.1,GCA_000003025.6,https://ftp.ncbi.nlm.nih.gov/genomes/all/GCF/000/003/025/GCF_000003025.6_Sscrofa11.1,https://ftp.ncbi.nlm.nih.gov/genomes/all/GCF/000/003/025/GCF_000003025.6_Sscrofa11.1/GCF_000003025.6_Sscrofa11.1_cds_from_genomic.fna.gz,GCF_000003025.6_Sscrofa11.1_cds_from_genomic.fna.gz
GCF_000767855.1,Camelus bactrianus,Ca_bactrianus_MBC_1.0,GCA_000767855.1,https://ftp.ncbi.nlm.nih.gov/genomes/all/GCF/000/767/855/GCF_000767855.1_Ca_bactrianus_MBC_1.0,https://ftp.ncbi.nlm.nih.gov/genomes/all/GCF/000/767/855/GCF_000767855.1_Ca_bactrianus_MBC_1.0/GCF_000767855.1_Ca_bactrianus_MBC_1.0_cds_from_genomic.fna.gz,GCF_000767855.1_Ca_bactrianus_MBC_1.0_cds_from_genomic.fna.gz
GCF_000803125.2,Camelus dromedarius,CamDro3,GCA_000803125.3,https://ftp.ncbi.nlm.nih.gov/genomes/all/GCF/000/803/125/GCF_000803125.2_CamDro3,https://ftp.ncbi.nlm.nih.gov/genomes/all/GCF/000/803/125/GCF_000803125.2_CamDro3/GCF_000803125.2_CamDro3_cds_from_genomic.fna.gz,GCF_000803125.2_CamDro3_cds_from_genomic.fna.gz
GCF_910594005.1,Cervus elaphus,mCerEla1.1,GCA_910594005.1,https://ftp.ncbi.nlm.nih.gov/genomes/all/GCF/910/594/005/GCF_910594005.1_mCerEla1.1,https://ftp.ncbi.nlm.nih.gov/genomes/all/GCF/910/594/005/GCF_910594005.1_mCerEla1.1/GCF_910594005.1_mCerEla1.1_cds_from_genomic.fna.gz,GCF_910594005.1_mCerEla1.1_cds_from_genomic.fna.gz
GCF_002102435.1,Odocoileus virginianus texanus,Ovir.te_1.0,GCA_002102435.1,https://ftp.ncbi.nlm.nih.gov/genomes/all/GCF/002/102/435/GCF_002102435.1_Ovir.te_1.0,https://ftp.ncbi.nlm.nih.gov/genomes/all/GCF/002/102/435/GCF_002102435.1_Ovir.te_1.0/GCF_002102435.1_Ovir.te_1.0_cds_from_genomic.fna.gz,GCF_002102435.1_Ovir.te_1.0_cds_from_genomic.fna.gz
GCF_002263795.1,Bos taurus,ARS-UCD1.2,GCA_002263795.2,https://ftp.ncbi.nlm.nih.gov/genomes/all/GCF/002/263/795/GCF_002263795.1_ARS-UCD1.2,https://ftp.ncbi.nlm.nih.gov/genomes/all/GCF/002/263/795/GCF_002263795.1_ARS-UCD1.2/GCF_002263795.1_ARS-UCD1.2_cds_from_genomic.fna.gz,GCF_002263795.1_ARS-UCD1.2_cds_from_genomic.fna.gz
GCF_000247795.1,Bos indicus,Bos_indicus_1.0,GCA_000247795.2,https://ftp.ncbi.nlm.nih.gov/genomes/all/GCF/000/247/795/GCF_000247795.1_Bos_indicus_1.0,https://ftp.ncbi.nlm.nih.gov/genomes/all/GCF/000/247/795/GCF_000247795.1_Bos_indicus_1.0/GCF_000247795.1_Bos_indicus_1.0_cds_from_genomic.fna.gz,GCF_000247795.1_Bos_indicus_1.0_cds_from_genomic.fna.gz
GCF_001704415.1,Capra hircus,ARS1,GCA_001704415.1,https://ftp.ncbi.nlm.nih.gov/genomes/all/GCF/001/704/415/GCF_001704415.1_ARS1,https://ftp.ncbi.nlm.nih.gov/genomes/all/GCF/001/704/415/GCF_001704415.1_ARS1/GCF_001704415.1_ARS1_cds_from_genomic.fna.gz,GCF_001704415.1_ARS1_cds_from_genomic.fna.gz
GCF_016772045.1,Ovis aries,ARS-UI_Ramb_v2.0,GCA_016772045.1,https://ftp.ncbi.nlm.nih.gov/genomes/all/GCF/016/772/045/GCF_016772045.1_ARS-UI_Ramb_v2.0,https://ftp.ncbi.nlm.nih.gov/genomes/all/GCF/016/772/045/GCF_016772045.1_ARS-UI_Ramb_v2.0/GCF_016772045.1_ARS-UI_Ramb_v2.0_cds_from_genomic.fna.gz,GCF_016772045.1_ARS-UI_Ramb_v2.0_cds_from_genomic.fna.gz
GCF_014570535.1,Manis javanica,YNU_ManJav_2.0,GCA_014570535.1,https://ftp.ncbi.nlm.nih.gov/genomes/all/GCF/014/570/535/GCF_014570535.1_YNU_ManJav_2.0,https://ftp.ncbi.nlm.nih.gov/genomes/all/GCF/014/570/535/GCF_014570535.1_YNU_ManJav_2.0/GCF_014570535.1_YNU_ManJav_2.0_cds_from_genomic.fna.gz,GCF_014570535.1_YNU_ManJav_2.0_cds_from_genomic.fna.gz
GCF_014633375.1,Ochotona princeps,OchPri4.0,GCA_014633375.1,https://ftp.ncbi.nlm.nih.gov/genomes/all/GCF/014/633/375/GCF_014633375.1_OchPri4.0,https://ftp.ncbi.nlm.nih.gov/genomes/all/GCF/014/633/375/GCF_014633375.1_OchPri4.0/GCF_014633375.1_OchPri4.0_cds_from_genomic.fna.gz,GCF_014633375.1_OchPri4.0_cds_from_genomic.fna.gz
GCF_000003625.3,Oryctolagus cuniculus,OryCun2.0,GCA_000003625.1,https://ftp.ncbi.nlm.nih.gov/genomes/all/GCF/000/003/625/GCF_000003625.3_OryCun2.0,https://ftp.ncbi.nlm.nih.gov/genomes/all/GCF/000/003/625/GCF_000003625.3_OryCun2.0/GCF_000003625.3_OryCun2.0_cds_from_genomic.fna.gz,GCF_000003625.3_OryCun2.0_cds_from_genomic.fna.gz
GCF_001458135.1,Marmota marmota marmota,marMar2.1,GCA_001458135.1,https://ftp.ncbi.nlm.nih.gov/genomes/all/GCF/001/458/135/GCF_001458135.1_marMar2.1,https://ftp.ncbi.nlm.nih.gov/genomes/all/GCF/001/458/135/GCF_001458135.1_marMar2.1/GCF_001458135.1_marMar2.1_cds_from_genomic.fna.gz,GCF_001458135.1_marMar2.1_cds_from_genomic.fna.gz
GCF_003426925.1,Urocitellus parryii,ASM342692v1,GCA_003426925.1,https://ftp.ncbi.nlm.nih.gov/genomes/all/GCF/003/426/925/GCF_003426925.1_ASM342692v1,https://ftp.ncbi.nlm.nih.gov/genomes/all/GCF/003/426/925/GCF_003426925.1_ASM342692v1/GCF_003426925.1_ASM342692v1_cds_from_genomic.fna.gz,GCF_003426925.1_ASM342692v1_cds_from_genomic.fna.gz
GCF_000151885.1,Dipodomys ordii,Dord_2.0,GCA_000151885.2,https://ftp.ncbi.nlm.nih.gov/genomes/all/GCF/000/151/885/GCF_000151885.1_Dord_2.0,https://ftp.ncbi.nlm.nih.gov/genomes/all/GCF/000/151/885/GCF_000151885.1_Dord_2.0/GCF_000151885.1_Dord_2.0_cds_from_genomic.fna.gz,GCF_000151885.1_Dord_2.0_cds_from_genomic.fna.gz
GCF_000223135.1,Cricetulus griseus,CriGri_1.0,GCA_000223135.1,https://ftp.ncbi.nlm.nih.gov/genomes/all/GCF/000/223/135/GCF_000223135.1_CriGri_1.0,https://ftp.ncbi.nlm.nih.gov/genomes/all/GCF/000/223/135/GCF_000223135.1_CriGri_1.0/GCF_000223135.1_CriGri_1.0_cds_from_genomic.fna.gz,GCF_000223135.1_CriGri_1.0_cds_from_genomic.fna.gz
GCF_003668045.3,Cricetulus griseus,CriGri-PICRH-1.0,GCA_003668045.2,https://ftp.ncbi.nlm.nih.gov/genomes/all/GCF/003/668/045/GCF_003668045.3_CriGri-PICRH-1.0,https://ftp.ncbi.nlm.nih.gov/genomes/all/GCF/003/668/045/GCF_003668045.3_CriGri-PICRH-1.0/GCF_003668045.3_CriGri-PICRH-1.0_cds_from_genomic.fna.gz,GCF_003668045.3_CriGri-PICRH-1.0_cds_from_genomic.fna.gz
GCF_017639785.1,Mesocricetus auratus,BCM_Maur_2.0,GCA_017639785.1,https://ftp.ncbi.nlm.nih.gov/genomes/all/GCF/017/639/785/GCF_017639785.1_BCM_Maur_2.0,https://ftp.ncbi.nlm.nih.gov/genomes/all/GCF/017/639/785/GCF_017639785.1_BCM_Maur_2.0/GCF_017639785.1_BCM_Maur_2.0_cds_from_genomic.fna.gz,GCF_017639785.1_BCM_Maur_2.0_cds_from_genomic.fna.gz
GCF_004664715.2,Peromyscus leucopus,UCI_PerLeu_2.1,GCA_004664715.2,https://ftp.ncbi.nlm.nih.gov/genomes/all/GCF/004/664/715/GCF_004664715.2_UCI_PerLeu_2.1,https://ftp.ncbi.nlm.nih.gov/genomes/all/GCF/004/664/715/GCF_004664715.2_UCI_PerLeu_2.1/GCF_004664715.2_UCI_PerLeu_2.1_cds_from_genomic.fna.gz,GCF_004664715.2_UCI_PerLeu_2.1_cds_from_genomic.fna.gz
GCF_002204375.1,Meriones unguiculatus,MunDraft-v1.0,GCA_002204375.1,https://ftp.ncbi.nlm.nih.gov/genomes/all/GCF/002/204/375/GCF_002204375.1_MunDraft-v1.0,https://ftp.ncbi.nlm.nih.gov/genomes/all/GCF/002/204/375/GCF_002204375.1_MunDraft-v1.0/GCF_002204375.1_MunDraft-v1.0_cds_from_genomic.fna.gz,GCF_002204375.1_MunDraft-v1.0_cds_from_genomic.fna.gz
GCF_900094665.1,Mus caroli,CAROLI_EIJ_v1.1,GCA_900094665.2,https://ftp.ncbi.nlm.nih.gov/genomes/all/GCF/900/094/665/GCF_900094665.1_CAROLI_EIJ_v1.1,https://ftp.ncbi.nlm.nih.gov/genomes/all/GCF/900/094/665/GCF_900094665.1_CAROLI_EIJ_v1.1/GCF_900094665.1_CAROLI_EIJ_v1.1_cds_from_genomic.fna.gz,GCF_900094665.1_CAROLI_EIJ_v1.1_cds_from_genomic.fna.gz
GCF_000001635.27,Mus musculus,GRCm39,GCA_000001635.9,https://ftp.ncbi.nlm.nih.gov/genomes/all/GCF/000/001/635/GCF_000001635.27_GRCm39,https://ftp.ncbi.nlm.nih.gov/genomes/all/GCF/000/001/635/GCF_000001635.27_GRCm39/GCF_000001635.27_GRCm39_cds_from_genomic.fna.gz,GCF_000001635.27_GRCm39_cds_from_genomic.fna.gz
GCF_900095145.1,Mus pahari,PAHARI_EIJ_v1.1,GCA_900095145.2,https://ftp.ncbi.nlm.nih.gov/genomes/all/GCF/900/095/145/GCF_900095145.1_PAHARI_EIJ_v1.1,https://ftp.ncbi.nlm.nih.gov/genomes/all/GCF/900/095/145/GCF_900095145.1_PAHARI_EIJ_v1.1/GCF_900095145.1_PAHARI_EIJ_v1.1_cds_from_genomic.fna.gz,GCF_900095145.1_PAHARI_EIJ_v1.1_cds_from_genomic.fna.gz
GCF_015227675.2,Rattus norvegicus,mRatBN7.2,GCA_015227675.2,https://ftp.ncbi.nlm.nih.gov/genomes/all/GCF/015/227/675/GCF_015227675.2_mRatBN7.2,https://ftp.ncbi.nlm.nih.gov/genomes/all/GCF/015/227/675/GCF_015227675.2_mRatBN7.2/GCF_015227675.2_mRatBN7.2_cds_from_genomic.fna.gz,GCF_015227675.2_mRatBN7.2_cds_from_genomic.fna.gz
GCF_011064425.1,Rattus rattus,Rrattus_CSIRO_v1,GCA_011064425.1,https://ftp.ncbi.nlm.nih.gov/genomes/all/GCF/011/064/425/GCF_011064425.1_Rrattus_CSIRO_v1,https://ftp.ncbi.nlm.nih.gov/genomes/all/GCF/011/064/425/GCF_011064425.1_Rrattus_CSIRO_v1/GCF_011064425.1_Rrattus_CSIRO_v1_cds_from_genomic.fna.gz,GCF_011064425.1_Rrattus_CSIRO_v1_cds_from_genomic.fna.gz
GCF_000151735.1,Cavia porcellus,Cavpor3.0,GCA_000151735.1,https://ftp.ncbi.nlm.nih.gov/genomes/all/GCF/000/151/735/GCF_000151735.1_Cavpor3.0,https://ftp.ncbi.nlm.nih.gov/genomes/all/GCF/000/151/735/GCF_000151735.1_Cavpor3.0/GCF_000151735.1_Cavpor3.0_cds_from_genomic.fna.gz,GCF_000151735.1_Cavpor3.0_cds_from_genomic.fna.gz
GCF_000260255.1,Octodon degus,OctDeg1.0,GCA_000260255.1,https://ftp.ncbi.nlm.nih.gov/genomes/all/GCF/000/260/255/GCF_000260255.1_OctDeg1.0,https://ftp.ncbi.nlm.nih.gov/genomes/all/GCF/000/260/255/GCF_000260255.1_OctDeg1.0/GCF_000260255.1_OctDeg1.0_cds_from_genomic.fna.gz,GCF_000260255.1_OctDeg1.0_cds_from_genomic.fna.gz
GCF_000247695.1,Heterocephalus glaber,HetGla_female_1.0,GCA_000247695.1,https://ftp.ncbi.nlm.nih.gov/genomes/all/GCF/000/247/695/GCF_000247695.1_HetGla_female_1.0,https://ftp.ncbi.nlm.nih.gov/genomes/all/GCF/000/247/695/GCF_000247695.1_HetGla_female_1.0/GCF_000247695.1_HetGla_female_1.0_cds_from_genomic.fna.gz,GCF_000247695.1_HetGla_female_1.0_cds_from_genomic.fna.gz
GCF_000002295.2,Monodelphis domestica,MonDom5,na,https://ftp.ncbi.nlm.nih.gov/genomes/all/GCF/000/002/295/GCF_000002295.2_MonDom5,https://ftp.ncbi.nlm.nih.gov/genomes/all/GCF/000/002/295/GCF_000002295.2_MonDom5/GCF_000002295.2_MonDom5_cds_from_genomic.fna.gz,GCF_000002295.2_MonDom5_cds_from_genomic.fna.gz
GCF_014108415.1,Molossus molossus,mMolMol1.p,GCA_014108415.1,https://ftp.ncbi.nlm.nih.gov/genomes/all/GCF/014/108/415/GCF_014108415.1_mMolMol1.p,https://ftp.ncbi.nlm.nih.gov/genomes/all/GCF/014/108/415/GCF_014108415.1_mMolMol1.p/GCF_014108415.1_mMolMol1.p_cds_from_genomic.fna.gz,GCF_014108415.1_mMolMol1.p_cds_from_genomic.fna.gz
GCF_015220235.1,Choloepus didactylus,mChoDid1.pri,GCA_015220235.1,https://ftp.ncbi.nlm.nih.gov/genomes/all/GCF/015/220/235/GCF_015220235.1_mChoDid1.pri,https://ftp.ncbi.nlm.nih.gov/genomes/all/GCF/015/220/235/GCF_015220235.1_mChoDid1.pri/GCF_015220235.1_mChoDid1.pri_cds_from_genomic.fna.gz,GCF_015220235.1_mChoDid1.pri_cds_from_genomic.fna.gz
GCF_000299155.1,Elephantulus edwardii,EleEdw1.0,GCA_000299155.1,https://ftp.ncbi.nlm.nih.gov/genomes/all/GCF/000/299/155/GCF_000299155.1_EleEdw1.0,https://ftp.ncbi.nlm.nih.gov/genomes/all/GCF/000/299/155/GCF_000299155.1_EleEdw1.0/GCF_000299155.1_EleEdw1.0_cds_from_genomic.fna.gz,GCF_000299155.1_EleEdw1.0_cds_from_genomic.fna.gz
GCF_017311325.1,Ursus maritimus,ASM1731132v1,GCA_017311325.1,https://ftp.ncbi.nlm.nih.gov/genomes/all/GCF/017/311/325/GCF_017311325.1_ASM1731132v1,https://ftp.ncbi.nlm.nih.gov/genomes/all/GCF/017/311/325/GCF_017311325.1_ASM1731132v1/GCF_017311325.1_ASM1731132v1_cds_from_genomic.fna.gz,GCF_017311325.1_ASM1731132v1_cds_from_genomic.fna.gz
GCF_000308155.1,Eptesicus fuscus,EptFus1.0,GCA_000308155.1,https://ftp.ncbi.nlm.nih.gov/genomes/all/GCF/000/308/155/GCF_000308155.1_EptFus1.0,https://ftp.ncbi.nlm.nih.gov/genomes/all/GCF/000/308/155/GCF_000308155.1_EptFus1.0/GCF_000308155.1_EptFus1.0_cds_from_genomic.fna.gz,GCF_000308155.1_EptFus1.0_cds_from_genomic.fna.gz
GCF_002201575.1,Neomonachus schauinslandi,ASM220157v1,GCA_002201575.1,https://ftp.ncbi.nlm.nih.gov/genomes/all/GCF/002/201/575/GCF_002201575.1_ASM220157v1,https://ftp.ncbi.nlm.nih.gov/genomes/all/GCF/002/201/575/GCF_002201575.1_ASM220157v1/GCF_002201575.1_ASM220157v1_cds_from_genomic.fna.gz,GCF_002201575.1_ASM220157v1_cds_from_genomic.fna.gz
GCF_900497805.2,Vombatus ursinus,bare-nosed wombat genome assembly,GCA_900497805.2,https://ftp.ncbi.nlm.nih.gov/genomes/all/GCF/900/497/805/GCF_900497805.2_bare-nosed_wombat_genome_assembly,https://ftp.ncbi.nlm.nih.gov/genomes/all/GCF/900/497/805/GCF_900497805.2_bare-nosed_wombat_genome_assembly/GCF_900497805.2_bare-nosed wombat genome assembly_cds_from_genomic.fna.gz,GCF_900497805.2_bare-nosed wombat genome assembly_cds_from_genomic.fna.gz
GCF_003369695.1,Bos indicus x Bos taurus,UOA_Brahman_1,GCA_003369695.2,https://ftp.ncbi.nlm.nih.gov/genomes/all/GCF/003/369/695/GCF_003369695.1_UOA_Brahman_1,https://ftp.ncbi.nlm.nih.gov/genomes/all/GCF/003/369/695/GCF_003369695.1_UOA_Brahman_1/GCF_003369695.1_UOA_Brahman_1_cds_from_genomic.fna.gz,GCF_003369695.1_UOA_Brahman_1_cds_from_genomic.fna.gz
GCF_000164845.3,Vicugna pacos,VicPac3.1,GCA_000164845.4,https://ftp.ncbi.nlm.nih.gov/genomes/all/GCF/000/164/845/GCF_000164845.3_VicPac3.1,https://ftp.ncbi.nlm.nih.gov/genomes/all/GCF/000/164/845/GCF_000164845.3_VicPac3.1/GCF_000164845.3_VicPac3.1_cds_from_genomic.fna.gz,GCF_000164845.3_VicPac3.1_cds_from_genomic.fna.gz
GCF_000165445.2,Microcebus murinus,Mmur_3.0,GCA_000165445.3,https://ftp.ncbi.nlm.nih.gov/genomes/all/GCF/000/165/445/GCF_000165445.2_Mmur_3.0,https://ftp.ncbi.nlm.nih.gov/genomes/all/GCF/000/165/445/GCF_000165445.2_Mmur_3.0/GCF_000165445.2_Mmur_3.0_cds_from_genomic.fna.gz,GCF_000165445.2_Mmur_3.0_cds_from_genomic.fna.gz
GCF_000181295.1,Otolemur garnettii,OtoGar3,GCA_000181295.3,https://ftp.ncbi.nlm.nih.gov/genomes/all/GCF/000/181/295/GCF_000181295.1_OtoGar3,https://ftp.ncbi.nlm.nih.gov/genomes/all/GCF/000/181/295/GCF_000181295.1_OtoGar3/GCF_000181295.1_OtoGar3_cds_from_genomic.fna.gz,GCF_000181295.1_OtoGar3_cds_from_genomic.fna.gz
GCF_003709585.1,Acinonyx jubatus,Aci_jub_2,GCA_003709585.1,https://ftp.ncbi.nlm.nih.gov/genomes/all/GCF/003/709/585/GCF_003709585.1_Aci_jub_2,https://ftp.ncbi.nlm.nih.gov/genomes/all/GCF/003/709/585/GCF_003709585.1_Aci_jub_2/GCF_003709585.1_Aci_jub_2_cds_from_genomic.fna.gz,GCF_003709585.1_Aci_jub_2_cds_from_genomic.fna.gz
GCF_019393635.1,Dromiciops gliroides,mDroGli1.pri,GCA_019393635.1,https://ftp.ncbi.nlm.nih.gov/genomes/all/GCF/019/393/635/GCF_019393635.1_mDroGli1.pri,https://ftp.ncbi.nlm.nih.gov/genomes/all/GCF/019/393/635/GCF_019393635.1_mDroGli1.pri/GCF_019393635.1_mDroGli1.pri_cds_from_genomic.fna.gz,GCF_019393635.1_mDroGli1.pri_cds_from_genomic.fna.gz
GCF_000276665.1,Chinchilla lanigera,ChiLan1.0,GCA_000276665.1,https://ftp.ncbi.nlm.nih.gov/genomes/all/GCF/000/276/665/GCF_000276665.1_ChiLan1.0,https://ftp.ncbi.nlm.nih.gov/genomes/all/GCF/000/276/665/GCF_000276665.1_ChiLan1.0/GCF_000276665.1_ChiLan1.0_cds_from_genomic.fna.gz,GCF_000276665.1_ChiLan1.0_cds_from_genomic.fna.gz
GCF_003265705.1,Callorhinus ursinus,ASM326570v1,GCA_003265705.1,https://ftp.ncbi.nlm.nih.gov/genomes/all/GCF/003/265/705/GCF_003265705.1_ASM326570v1,https://ftp.ncbi.nlm.nih.gov/genomes/all/GCF/003/265/705/GCF_003265705.1_ASM326570v1/GCF_003265705.1_ASM326570v1_cds_from_genomic.fna.gz,GCF_003265705.1_ASM326570v1_cds_from_genomic.fna.gz
GCF_004028035.1,Eumetopias jubatus,ASM402803v1,GCA_004028035.1,https://ftp.ncbi.nlm.nih.gov/genomes/all/GCF/004/028/035/GCF_004028035.1_ASM402803v1,https://ftp.ncbi.nlm.nih.gov/genomes/all/GCF/004/028/035/GCF_004028035.1_ASM402803v1/GCF_004028035.1_ASM402803v1_cds_from_genomic.fna.gz,GCF_004028035.1_ASM402803v1_cds_from_genomic.fna.gz
GCF_008632895.1,Mastomys coucha,UCSF_Mcou_1,GCA_008632895.1,https://ftp.ncbi.nlm.nih.gov/genomes/all/GCF/008/632/895/GCF_008632895.1_UCSF_Mcou_1,https://ftp.ncbi.nlm.nih.gov/genomes/all/GCF/008/632/895/GCF_008632895.1_UCSF_Mcou_1/GCF_008632895.1_UCSF_Mcou_1_cds_from_genomic.fna.gz,GCF_008632895.1_UCSF_Mcou_1_cds_from_genomic.fna.gz
GCF_009829155.1,Mustela erminea,mMusErm1.Pri,GCA_009829155.1,https://ftp.ncbi.nlm.nih.gov/genomes/all/GCF/009/829/155/GCF_009829155.1_mMusErm1.Pri,https://ftp.ncbi.nlm.nih.gov/genomes/all/GCF/009/829/155/GCF_009829155.1_mMusErm1.Pri/GCF_009829155.1_mMusErm1.Pri_cds_from_genomic.fna.gz,GCF_009829155.1_mMusErm1.Pri_cds_from_genomic.fna.gz
GCF_016509475.1,Prionailurus bengalensis,Fcat_Pben_1.1_paternal_pri,GCA_016509475.2,https://ftp.ncbi.nlm.nih.gov/genomes/all/GCF/016/509/475/GCF_016509475.1_Fcat_Pben_1.1_paternal_pri,https://ftp.ncbi.nlm.nih.gov/genomes/all/GCF/016/509/475/GCF_016509475.1_Fcat_Pben_1.1_paternal_pri/GCF_016509475.1_Fcat_Pben_1.1_paternal_pri_cds_from_genomic.fna.gz,GCF_016509475.1_Fcat_Pben_1.1_paternal_pri_cds_from_genomic.fna.gz
GCF_006229205.1,Suricata suricatta,meerkat_22Aug2017_6uvM2_HiC,GCA_006229205.1,https://ftp.ncbi.nlm.nih.gov/genomes/all/GCF/006/229/205/GCF_006229205.1_meerkat_22Aug2017_6uvM2_HiC,https://ftp.ncbi.nlm.nih.gov/genomes/all/GCF/006/229/205/GCF_006229205.1_meerkat_22Aug2017_6uvM2_HiC/GCF_006229205.1_meerkat_22Aug2017_6uvM2_HiC_cds_from_genomic.fna.gz,GCF_006229205.1_meerkat_22Aug2017_6uvM2_HiC_cds_from_genomic.fna.gz
GCF_000952055.2,Aotus nancymaae,Anan_2.0,GCA_000952055.2,https://ftp.ncbi.nlm.nih.gov/genomes/all/GCF/000/952/055/GCF_000952055.2_Anan_2.0,https://ftp.ncbi.nlm.nih.gov/genomes/all/GCF/000/952/055/GCF_000952055.2_Anan_2.0/GCF_000952055.2_Anan_2.0_cds_from_genomic.fna.gz,GCF_000952055.2_Anan_2.0_cds_from_genomic.fna.gz
GCF_002099425.1,Phascolarctos cinereus,phaCin_unsw_v4.1,GCA_002099425.1,https://ftp.ncbi.nlm.nih.gov/genomes/all/GCF/002/099/425/GCF_002099425.1_phaCin_unsw_v4.1,https://ftp.ncbi.nlm.nih.gov/genomes/all/GCF/002/099/425/GCF_002099425.1_phaCin_unsw_v4.1/GCF_002099425.1_phaCin_unsw_v4.1_cds_from_genomic.fna.gz,GCF_002099425.1_phaCin_unsw_v4.1_cds_from_genomic.fna.gz
GCF_903995425.1,Onychomys torridus,mOncTor1.1,GCA_903995425.1,https://ftp.ncbi.nlm.nih.gov/genomes/all/GCF/903/995/425/GCF_903995425.1_mOncTor1.1,https://ftp.ncbi.nlm.nih.gov/genomes/all/GCF/903/995/425/GCF_903995425.1_mOncTor1.1/GCF_903995425.1_mOncTor1.1_cds_from_genomic.fna.gz,GCF_903995425.1_mOncTor1.1_cds_from_genomic.fna.gz
GCF_016699345.1,Saimiri boliviensis boliviensis,BCM_Sbol_2.0,GCA_016699345.1,https://ftp.ncbi.nlm.nih.gov/genomes/all/GCF/016/699/345/GCF_016699345.1_BCM_Sbol_2.0,https://ftp.ncbi.nlm.nih.gov/genomes/all/GCF/016/699/345/GCF_016699345.1_BCM_Sbol_2.0/GCF_016699345.1_BCM_Sbol_2.0_cds_from_genomic.fna.gz,GCF_016699345.1_BCM_Sbol_2.0_cds_from_genomic.fna.gz
GCF_005190385.1,Monodon monoceros,NGI_Narwhal_1,GCA_005190385.2,https://ftp.ncbi.nlm.nih.gov/genomes/all/GCF/005/190/385/GCF_005190385.1_NGI_Narwhal_1,https://ftp.ncbi.nlm.nih.gov/genomes/all/GCF/005/190/385/GCF_005190385.1_NGI_Narwhal_1/GCF_005190385.1_NGI_Narwhal_1_cds_from_genomic.fna.gz,GCF_005190385.1_NGI_Narwhal_1_cds_from_genomic.fna.gz
GCF_008692025.1,Phocoena sinus,mPhoSin1.pri,GCA_008692025.1,https://ftp.ncbi.nlm.nih.gov/genomes/all/GCF/008/692/025/GCF_008692025.1_mPhoSin1.pri,https://ftp.ncbi.nlm.nih.gov/genomes/all/GCF/008/692/025/GCF_008692025.1_mPhoSin1.pri/GCF_008692025.1_mPhoSin1.pri_cds_from_genomic.fna.gz,GCF_008692025.1_mPhoSin1.pri_cds_from_genomic.fna.gz
GCF_000181275.1,Sorex araneus,SorAra2.0,GCA_000181275.2,https://ftp.ncbi.nlm.nih.gov/genomes/all/GCF/000/181/275/GCF_000181275.1_SorAra2.0,https://ftp.ncbi.nlm.nih.gov/genomes/all/GCF/000/181/275/GCF_000181275.1_SorAra2.0/GCF_000181275.1_SorAra2.0_cds_from_genomic.fna.gz,GCF_000181275.1_SorAra2.0_cds_from_genomic.fna.gz
GCF_016881025.1,Ictidomys tridecemlineatus,HiC_Itri_2,GCA_016881025.1,https://ftp.ncbi.nlm.nih.gov/genomes/all/GCF/016/881/025/GCF_016881025.1_HiC_Itri_2,https://ftp.ncbi.nlm.nih.gov/genomes/all/GCF/016/881/025/GCF_016881025.1_HiC_Itri_2/GCF_016881025.1_HiC_Itri_2_cds_from_genomic.fna.gz,GCF_016881025.1_HiC_Itri_2_cds_from_genomic.fna.gz
GCF_000754665.1,Bison bison bison,Bison_UMD1.0,GCA_000754665.1,https://ftp.ncbi.nlm.nih.gov/genomes/all/GCF/000/754/665/GCF_000754665.1_Bison_UMD1.0,https://ftp.ncbi.nlm.nih.gov/genomes/all/GCF/000/754/665/GCF_000754665.1_Bison_UMD1.0/GCF_000754665.1_Bison_UMD1.0_cds_from_genomic.fna.gz,GCF_000754665.1_Bison_UMD1.0_cds_from_genomic.fna.gz
GCF_014898055.1,Talpa occidentalis,MPIMG_talOcc4,GCA_014898055.1,https://ftp.ncbi.nlm.nih.gov/genomes/all/GCF/014/898/055/GCF_014898055.1_MPIMG_talOcc4,https://ftp.ncbi.nlm.nih.gov/genomes/all/GCF/014/898/055/GCF_014898055.1_MPIMG_talOcc4/GCF_014898055.1_MPIMG_talOcc4_cds_from_genomic.fna.gz,GCF_014898055.1_MPIMG_talOcc4_cds_from_genomic.fna.gz
GCF_014108235.1,Myotis myotis,mMyoMyo1.p,GCA_014108235.1,https://ftp.ncbi.nlm.nih.gov/genomes/all/GCF/014/108/235/GCF_014108235.1_mMyoMyo1.p,https://ftp.ncbi.nlm.nih.gov/genomes/all/GCF/014/108/235/GCF_014108235.1_mMyoMyo1.p/GCF_014108235.1_mMyoMyo1.p_cds_from_genomic.fna.gz,GCF_014108235.1_mMyoMyo1.p_cds_from_genomic.fna.gz
GCF_000280705.1,Jaculus jaculus,JacJac1.0,GCA_000280705.1,https://ftp.ncbi.nlm.nih.gov/genomes/all/GCF/000/280/705/GCF_000280705.1_JacJac1.0,https://ftp.ncbi.nlm.nih.gov/genomes/all/GCF/000/280/705/GCF_000280705.1_JacJac1.0/GCF_000280705.1_JacJac1.0_cds_from_genomic.fna.gz,GCF_000280705.1_JacJac1.0_cds_from_genomic.fna.gz
GCF_001984765.1,Castor canadensis,C.can genome v1.0,GCA_001984765.1,https://ftp.ncbi.nlm.nih.gov/genomes/all/GCF/001/984/765/GCF_001984765.1_C.can_genome_v1.0,https://ftp.ncbi.nlm.nih.gov/genomes/all/GCF/001/984/765/GCF_001984765.1_C.can_genome_v1.0/GCF_001984765.1_C.can genome v1.0_cds_from_genomic.fna.gz,GCF_001984765.1_C.can genome v1.0_cds_from_genomic.fna.gz
GCF_009764315.1,Trachypithecus francoisi,Tfra_2.0,GCA_009764315.1,https://ftp.ncbi.nlm.nih.gov/genomes/all/GCF/009/764/315/GCF_009764315.1_Tfra_2.0,https://ftp.ncbi.nlm.nih.gov/genomes/all/GCF/009/764/315/GCF_009764315.1_Tfra_2.0/GCF_009764315.1_Tfra_2.0_cds_from_genomic.fna.gz,GCF_009764315.1_Tfra_2.0_cds_from_genomic.fna.gz
GCF_000147115.1,Myotis lucifugus,Myoluc2.0,GCA_000147115.1,https://ftp.ncbi.nlm.nih.gov/genomes/all/GCF/000/147/115/GCF_000147115.1_Myoluc2.0,https://ftp.ncbi.nlm.nih.gov/genomes/all/GCF/000/147/115/GCF_000147115.1_Myoluc2.0/GCF_000147115.1_Myoluc2.0_cds_from_genomic.fna.gz,GCF_000147115.1_Myoluc2.0_cds_from_genomic.fna.gz
GCF_014108245.1,Pipistrellus kuhlii,mPipKuh1.p,GCA_014108245.1,https://ftp.ncbi.nlm.nih.gov/genomes/all/GCF/014/108/245/GCF_014108245.1_mPipKuh1.p,https://ftp.ncbi.nlm.nih.gov/genomes/all/GCF/014/108/245/GCF_014108245.1_mPipKuh1.p/GCF_014108245.1_mPipKuh1.p_cds_from_genomic.fna.gz,GCF_014108245.1_mPipKuh1.p_cds_from_genomic.fna.gz
GCF_004115265.1,Rhinolophus ferrumequinum,mRhiFer1_v1.p,GCA_004115265.2,https://ftp.ncbi.nlm.nih.gov/genomes/all/GCF/004/115/265/GCF_004115265.1_mRhiFer1_v1.p,https://ftp.ncbi.nlm.nih.gov/genomes/all/GCF/004/115/265/GCF_004115265.1_mRhiFer1_v1.p/GCF_004115265.1_mRhiFer1_v1.p_cds_from_genomic.fna.gz,GCF_004115265.1_mRhiFer1_v1.p_cds_from_genomic.fna.gz
GCF_014754425.2,Oryx dammah,SCBI_Odam_1.1,GCA_014754425.2,https://ftp.ncbi.nlm.nih.gov/genomes/all/GCF/014/754/425/GCF_014754425.2_SCBI_Odam_1.1,https://ftp.ncbi.nlm.nih.gov/genomes/all/GCF/014/754/425/GCF_014754425.2_SCBI_Odam_1.1/GCF_014754425.2_SCBI_Odam_1.1_cds_from_genomic.fna.gz,GCF_014754425.2_SCBI_Odam_1.1_cds_from_genomic.fna.gz
GCF_015252025.1,Chlorocebus sabaeus,Vero_WHO_p1.0,GCA_015252025.1,https://ftp.ncbi.nlm.nih.gov/genomes/all/GCF/015/252/025/GCF_015252025.1_Vero_WHO_p1.0,https://ftp.ncbi.nlm.nih.gov/genomes/all/GCF/015/252/025/GCF_015252025.1_Vero_WHO_p1.0/GCF_015252025.1_Vero_WHO_p1.0_cds_from_genomic.fna.gz,GCF_015252025.1_Vero_WHO_p1.0_cds_from_genomic.fna.gz
GCF_011762505.1,Arvicanthis niloticus,mArvNil1.pat.X,GCA_011762505.1,https://ftp.ncbi.nlm.nih.gov/genomes/all/GCF/011/762/505/GCF_011762505.1_mArvNil1.pat.X,https://ftp.ncbi.nlm.nih.gov/genomes/all/GCF/011/762/505/GCF_011762505.1_mArvNil1.pat.X/GCF_011762505.1_mArvNil1.pat.X_cds_from_genomic.fna.gz,GCF_011762505.1_mArvNil1.pat.X_cds_from_genomic.fna.gz
GCF_007474595.2,Lynx canadensis,mLynCan4.pri.v2,GCA_007474595.2,https://ftp.ncbi.nlm.nih.gov/genomes/all/GCF/007/474/595/GCF_007474595.2_mLynCan4.pri.v2,https://ftp.ncbi.nlm.nih.gov/genomes/all/GCF/007/474/595/GCF_007474595.2_mLynCan4.pri.v2/GCF_007474595.2_mLynCan4.pri.v2_cds_from_genomic.fna.gz,GCF_007474595.2_mLynCan4.pri.v2_cds_from_genomic.fna.gz
GCF_001698545.1,Rhinopithecus bieti,ASM169854v1,GCA_001698545.1,https://ftp.ncbi.nlm.nih.gov/genomes/all/GCF/001/698/545/GCF_001698545.1_ASM169854v1,https://ftp.ncbi.nlm.nih.gov/genomes/all/GCF/001/698/545/GCF_001698545.1_ASM169854v1/GCF_001698545.1_ASM169854v1_cds_from_genomic.fna.gz,GCF_001698545.1_ASM169854v1_cds_from_genomic.fna.gz
GCF_007565055.1,Rhinopithecus roxellana,ASM756505v1,GCA_007565055.1,https://ftp.ncbi.nlm.nih.gov/genomes/all/GCF/007/565/055/GCF_007565055.1_ASM756505v1,https://ftp.ncbi.nlm.nih.gov/genomes/all/GCF/007/565/055/GCF_007565055.1_ASM756505v1/GCF_007565055.1_ASM756505v1_cds_from_genomic.fna.gz,GCF_007565055.1_ASM756505v1_cds_from_genomic.fna.gz
GCF_006542625.1,Nomascus leucogenys,Asia_NLE_v1,GCA_006542625.1,https://ftp.ncbi.nlm.nih.gov/genomes/all/GCF/006/542/625/GCF_006542625.1_Asia_NLE_v1,https://ftp.ncbi.nlm.nih.gov/genomes/all/GCF/006/542/625/GCF_006542625.1_Asia_NLE_v1/GCF_006542625.1_Asia_NLE_v1_cds_from_genomic.fna.gz,GCF_006542625.1_Asia_NLE_v1_cds_from_genomic.fna.gz
GCF_000298355.1,Bos mutus,BosGru_v2.0,GCA_000298355.1,https://ftp.ncbi.nlm.nih.gov/genomes/all/GCF/000/298/355/GCF_000298355.1_BosGru_v2.0,https://ftp.ncbi.nlm.nih.gov/genomes/all/GCF/000/298/355/GCF_000298355.1_BosGru_v2.0/GCF_000298355.1_BosGru_v2.0_cds_from_genomic.fna.gz,GCF_000298355.1_BosGru_v2.0_cds_from_genomic.fna.gz
GCF_000283155.1,Ceratotherium simum simum,CerSimSim1.0,GCA_000283155.1,https://ftp.ncbi.nlm.nih.gov/genomes/all/GCF/000/283/155/GCF_000283155.1_CerSimSim1.0,https://ftp.ncbi.nlm.nih.gov/genomes/all/GCF/000/283/155/GCF_000283155.1_CerSimSim1.0/GCF_000283155.1_CerSimSim1.0_cds_from_genomic.fna.gz,GCF_000283155.1_CerSimSim1.0_cds_from_genomic.fna.gz
GCF_010015895.1,Lontra canadensis,GSC_riverotter_1.0,GCA_010015895.1,https://ftp.ncbi.nlm.nih.gov/genomes/all/GCF/010/015/895/GCF_010015895.1_GSC_riverotter_1.0,https://ftp.ncbi.nlm.nih.gov/genomes/all/GCF/010/015/895/GCF_010015895.1_GSC_riverotter_1.0/GCF_010015895.1_GSC_riverotter_1.0_cds_from_genomic.fna.gz,GCF_010015895.1_GSC_riverotter_1.0_cds_from_genomic.fna.gz
GCF_000317375.1,Microtus ochrogaster,MicOch1.0,GCA_000317375.1,https://ftp.ncbi.nlm.nih.gov/genomes/all/GCF/000/317/375/GCF_000317375.1_MicOch1.0,https://ftp.ncbi.nlm.nih.gov/genomes/all/GCF/000/317/375/GCF_000317375.1_MicOch1.0/GCF_000317375.1_MicOch1.0_cds_from_genomic.fna.gz,GCF_000317375.1_MicOch1.0_cds_from_genomic.fna.gz
GCF_009828535.2,Hylobates moloch,HMol_V2,GCA_009828535.2,https://ftp.ncbi.nlm.nih.gov/genomes/all/GCF/009/828/535/GCF_009828535.2_HMol_V2,https://ftp.ncbi.nlm.nih.gov/genomes/all/GCF/009/828/535/GCF_009828535.2_HMol_V2/GCF_009828535.2_HMol_V2_cds_from_genomic.fna.gz,GCF_009828535.2_HMol_V2_cds_from_genomic.fna.gz
GCF_003121395.1,Bubalus bubalis,UOA_WB_1,GCA_003121395.1,https://ftp.ncbi.nlm.nih.gov/genomes/all/GCF/003/121/395/GCF_003121395.1_ASM312139v1,https://ftp.ncbi.nlm.nih.gov/genomes/all/GCF/003/121/395/GCF_003121395.1_ASM312139v1/GCF_003121395.1_UOA_WB_1_cds_from_genomic.fna.gz,GCF_003121395.1_UOA_WB_1_cds_from_genomic.fna.gz
GCF_004126475.2,Phyllostomus discolor,mPhyDis1.pri.v3,GCA_004126475.3,https://ftp.ncbi.nlm.nih.gov/genomes/all/GCF/004/126/475/GCF_004126475.2_mPhyDis1.pri.v3,https://ftp.ncbi.nlm.nih.gov/genomes/all/GCF/004/126/475/GCF_004126475.2_mPhyDis1.pri.v3/GCF_004126475.2_mPhyDis1.pri.v3_cds_from_genomic.fna.gz,GCF_004126475.2_mPhyDis1.pri.v3_cds_from_genomic.fna.gz
GCF_003676395.1,Lagenorhynchus obliquidens,ASM367639v1,GCA_003676395.1,https://ftp.ncbi.nlm.nih.gov/genomes/all/GCF/003/676/395/GCF_003676395.1_ASM367639v1,https://ftp.ncbi.nlm.nih.gov/genomes/all/GCF/003/676/395/GCF_003676395.1_ASM367639v1/GCF_003676395.1_ASM367639v1_cds_from_genomic.fna.gz,GCF_003676395.1_ASM367639v1_cds_from_genomic.fna.gz
GCF_003676075.2,Marmota flaviventris,GSC_YBM_2.0,GCA_003676075.2,https://ftp.ncbi.nlm.nih.gov/genomes/all/GCF/003/676/075/GCF_003676075.2_GSC_YBM_2.0,https://ftp.ncbi.nlm.nih.gov/genomes/all/GCF/003/676/075/GCF_003676075.2_GSC_YBM_2.0/GCF_003676075.2_GSC_YBM_2.0_cds_from_genomic.fna.gz,GCF_003676075.2_GSC_YBM_2.0_cds_from_genomic.fna.gz
GCF_003009895.1,Hyaena hyaena,ASM300989v1,GCA_003009895.1,https://ftp.ncbi.nlm.nih.gov/genomes/all/GCF/003/009/895/GCF_003009895.1_ASM300989v1,https://ftp.ncbi.nlm.nih.gov/genomes/all/GCF/003/009/895/GCF_003009895.1_ASM300989v1/GCF_003009895.1_ASM300989v1_cds_from_genomic.fna.gz,GCF_003009895.1_ASM300989v1_cds_from_genomic.fna.gz
GCF_019054845.1,Dipodomys spectabilis,ASM1905484v1,GCA_019054845.1,https://ftp.ncbi.nlm.nih.gov/genomes/all/GCF/019/054/845/GCF_019054845.1_ASM1905484v1,https://ftp.ncbi.nlm.nih.gov/genomes/all/GCF/019/054/845/GCF_019054845.1_ASM1905484v1/GCF_019054845.1_ASM1905484v1_cds_from_genomic.fna.gz,GCF_019054845.1_ASM1905484v1_cds_from_genomic.fna.gz
GCF_000412655.1,Myotis brandtii,ASM41265v1,GCA_000412655.1,https://ftp.ncbi.nlm.nih.gov/genomes/all/GCF/000/412/655/GCF_000412655.1_ASM41265v1,https://ftp.ncbi.nlm.nih.gov/genomes/all/GCF/000/412/655/GCF_000412655.1_ASM41265v1/GCF_000412655.1_ASM41265v1_cds_from_genomic.fna.gz,GCF_000412655.1_ASM41265v1_cds_from_genomic.fna.gz
GCF_018167655.1,Microtus oregoni,Mior012,GCA_018167655.1,https://ftp.ncbi.nlm.nih.gov/genomes/all/GCF/018/167/655/GCF_018167655.1_Mior012,https://ftp.ncbi.nlm.nih.gov/genomes/all/GCF/018/167/655/GCF_018167655.1_Mior012/GCF_018167655.1_Mior012_cds_from_genomic.fna.gz,GCF_018167655.1_Mior012_cds_from_genomic.fna.gz
GCF_003584765.2,Ursus arctos horribilis,ASM358476v2,GCA_003584765.2,https://ftp.ncbi.nlm.nih.gov/genomes/all/GCF/003/584/765/GCF_003584765.2_ASM358476v2,https://ftp.ncbi.nlm.nih.gov/genomes/all/GCF/003/584/765/GCF_003584765.2_ASM358476v2/GCF_003584765.2_ASM358476v2_cds_from_genomic.fna.gz,GCF_003584765.2_ASM358476v2_cds_from_genomic.fna.gz
GCF_000442215.1,Lipotes vexillifer,Lipotes_vexillifer_v1,GCA_000442215.1,https://ftp.ncbi.nlm.nih.gov/genomes/all/GCF/000/442/215/GCF_000442215.1_Lipotes_vexillifer_v1,https://ftp.ncbi.nlm.nih.gov/genomes/all/GCF/000/442/215/GCF_000442215.1_Lipotes_vexillifer_v1/GCF_000442215.1_Lipotes_vexillifer_v1_cds_from_genomic.fna.gz,GCF_000442215.1_Lipotes_vexillifer_v1_cds_from_genomic.fna.gz
GCF_000243295.1,Trichechus manatus latirostris,TriManLat1.0,GCA_000243295.1,https://ftp.ncbi.nlm.nih.gov/genomes/all/GCF/000/243/295/GCF_000243295.1_TriManLat1.0,https://ftp.ncbi.nlm.nih.gov/genomes/all/GCF/000/243/295/GCF_000243295.1_TriManLat1.0/GCF_000243295.1_TriManLat1.0_cds_from_genomic.fna.gz,GCF_000243295.1_TriManLat1.0_cds_from_genomic.fna.gz
GCF_017591425.1,Ochotona curzoniae,NIBS_Ocur_1.0,GCA_017591425.1,https://ftp.ncbi.nlm.nih.gov/genomes/all/GCF/017/591/425/GCF_017591425.1_NIBS_Ocur_1.0,https://ftp.ncbi.nlm.nih.gov/genomes/all/GCF/017/591/425/GCF_017591425.1_NIBS_Ocur_1.0/GCF_017591425.1_NIBS_Ocur_1.0_cds_from_genomic.fna.gz,GCF_017591425.1_NIBS_Ocur_1.0_cds_from_genomic.fna.gz
GCF_000151845.1,Pteropus vampyrus,Pvam_2.0,GCA_000151845.2,https://ftp.ncbi.nlm.nih.gov/genomes/all/GCF/000/151/845/GCF_000151845.1_Pvam_2.0,https://ftp.ncbi.nlm.nih.gov/genomes/all/GCF/000/151/845/GCF_000151845.1_Pvam_2.0/GCF_000151845.1_Pvam_2.0_cds_from_genomic.fna.gz,GCF_000151845.1_Pvam_2.0_cds_from_genomic.fna.gz
GCF_902729225.1,Pteropus giganteus,Ma_sr-lr_union100,GCA_902729225.1,https://ftp.ncbi.nlm.nih.gov/genomes/all/GCF/902/729/225/GCF_902729225.1_Ma_sr-lr_union100,https://ftp.ncbi.nlm.nih.gov/genomes/all/GCF/902/729/225/GCF_902729225.1_Ma_sr-lr_union100/GCF_902729225.1_Ma_sr-lr_union100_cds_from_genomic.fna.gz,GCF_902729225.1_Ma_sr-lr_union100_cds_from_genomic.fna.gz
GCF_014570555.1,Manis pentadactyla,YNU_ManPten_2.0,GCA_014570555.1,https://ftp.ncbi.nlm.nih.gov/genomes/all/GCF/014/570/555/GCF_014570555.1_YNU_ManPten_2.0,https://ftp.ncbi.nlm.nih.gov/genomes/all/GCF/014/570/555/GCF_014570555.1_YNU_ManPten_2.0/GCF_014570555.1_YNU_ManPten_2.0_cds_from_genomic.fna.gz,GCF_014570555.1_YNU_ManPten_2.0_cds_from_genomic.fna.gz
GCF_000260355.1,Condylura cristata,ConCri1.0,GCA_000260355.1,https://ftp.ncbi.nlm.nih.gov/genomes/all/GCF/000/260/355/GCF_000260355.1_ConCri1.0,https://ftp.ncbi.nlm.nih.gov/genomes/all/GCF/000/260/355/GCF_000260355.1_ConCri1.0/GCF_000260355.1_ConCri1.0_cds_from_genomic.fna.gz,GCF_000260355.1_ConCri1.0_cds_from_genomic.fna.gz
GCF_000296735.1,Chrysochloris asiatica,ChrAsi1.0,GCA_000296735.1,https://ftp.ncbi.nlm.nih.gov/genomes/all/GCF/000/296/735/GCF_000296735.1_ChrAsi1.0,https://ftp.ncbi.nlm.nih.gov/genomes/all/GCF/000/296/735/GCF_000296735.1_ChrAsi1.0/GCF_000296735.1_ChrAsi1.0_cds_from_genomic.fna.gz,GCF_000296735.1_ChrAsi1.0_cds_from_genomic.fna.gz
GCF_001890085.1,Hipposideros armiger,ASM189008v1,GCA_001890085.1,https://ftp.ncbi.nlm.nih.gov/genomes/all/GCF/001/890/085/GCF_001890085.1_ASM189008v1,https://ftp.ncbi.nlm.nih.gov/genomes/all/GCF/001/890/085/GCF_001890085.1_ASM189008v1/GCF_001890085.1_ASM189008v1_cds_from_genomic.fna.gz,GCF_001890085.1_ASM189008v1_cds_from_genomic.fna.gz
GCF_016433145.1,Gracilinanus agilis,AgileGrace,GCA_016433145.1,https://ftp.ncbi.nlm.nih.gov/genomes/all/GCF/016/433/145/GCF_016433145.1_AgileGrace,https://ftp.ncbi.nlm.nih.gov/genomes/all/GCF/016/433/145/GCF_016433145.1_AgileGrace/GCF_016433145.1_AgileGrace_cds_from_genomic.fna.gz,GCF_016433145.1_AgileGrace_cds_from_genomic.fna.gz
GCF_014824575.2,Sturnira hondurensis,WHU_Shon_v2.1,GCA_014824575.2,https://ftp.ncbi.nlm.nih.gov/genomes/all/GCF/014/824/575/GCF_014824575.2_WHU_Shon_v2.1,https://ftp.ncbi.nlm.nih.gov/genomes/all/GCF/014/824/575/GCF_014824575.2_WHU_Shon_v2.1/GCF_014824575.2_WHU_Shon_v2.1_cds_from_genomic.fna.gz,GCF_014824575.2_WHU_Shon_v2.1_cds_from_genomic.fna.gz
GCF_000327345.1,Myotis davidii,ASM32734v1,GCA_000327345.1,https://ftp.ncbi.nlm.nih.gov/genomes/all/GCF/000/327/345/GCF_000327345.1_ASM32734v1,https://ftp.ncbi.nlm.nih.gov/genomes/all/GCF/000/327/345/GCF_000327345.1_ASM32734v1/GCF_000327345.1_ASM32734v1_cds_from_genomic.fna.gz,GCF_000327345.1_ASM32734v1_cds_from_genomic.fna.gz
GCF_003704035.1,Peromyscus maniculatus bairdii,HU_Pman_2.1.3,GCA_003704035.3,https://ftp.ncbi.nlm.nih.gov/genomes/all/GCF/003/704/035/GCF_003704035.1_HU_Pman_2.1.3,https://ftp.ncbi.nlm.nih.gov/genomes/all/GCF/003/704/035/GCF_003704035.1_HU_Pman_2.1.3/GCF_003704035.1_HU_Pman_2.1.3_cds_from_genomic.fna.gz,GCF_003704035.1_HU_Pman_2.1.3_cds_from_genomic.fna.gz
GCF_000334495.1,Tupaia chinensis,TupChi_1.0,GCA_000334495.1,https://ftp.ncbi.nlm.nih.gov/genomes/all/GCF/000/334/495/GCF_000334495.1_TupChi_1.0,https://ftp.ncbi.nlm.nih.gov/genomes/all/GCF/000/334/495/GCF_000334495.1_TupChi_1.0/GCF_000334495.1_TupChi_1.0_cds_from_genomic.fna.gz,GCF_000334495.1_TupChi_1.0_cds_from_genomic.fna.gz
GCF_012295265.1,Canis lupus dingo,UNSW_AlpineDingo_1.0,GCA_012295265.1,https://ftp.ncbi.nlm.nih.gov/genomes/all/GCF/012/295/265/GCF_012295265.1_UNSW_AlpineDingo_1.0,https://ftp.ncbi.nlm.nih.gov/genomes/all/GCF/012/295/265/GCF_012295265.1_UNSW_AlpineDingo_1.0/GCF_012295265.1_UNSW_AlpineDingo_1.0_cds_from_genomic.fna.gz,GCF_012295265.1_UNSW_AlpineDingo_1.0_cds_from_genomic.fna.gz
GCF_001595765.1,Miniopterus natalensis,Mnat.v1,GCA_001595765.1,https://ftp.ncbi.nlm.nih.gov/genomes/all/GCF/001/595/765/GCF_001595765.1_Mnat.v1,https://ftp.ncbi.nlm.nih.gov/genomes/all/GCF/001/595/765/GCF_001595765.1_Mnat.v1/GCF_001595765.1_Mnat.v1_cds_from_genomic.fna.gz,GCF_001595765.1_Mnat.v1_cds_from_genomic.fna.gz
GCF_000493695.1,Balaenoptera acutorostrata scammoni,BalAcu1.0,GCA_000493695.1,https://ftp.ncbi.nlm.nih.gov/genomes/all/GCF/000/493/695/GCF_000493695.1_BalAcu1.0,https://ftp.ncbi.nlm.nih.gov/genomes/all/GCF/000/493/695/GCF_000493695.1_BalAcu1.0/GCF_000493695.1_BalAcu1.0_cds_from_genomic.fna.gz,GCF_000493695.1_BalAcu1.0_cds_from_genomic.fna.gz
GCF_000951035.1,Colobus angolensis palliatus,Cang.pa_1.0,GCA_000951035.1,https://ftp.ncbi.nlm.nih.gov/genomes/all/GCF/000/951/035/GCF_000951035.1_Cang.pa_1.0,https://ftp.ncbi.nlm.nih.gov/genomes/all/GCF/000/951/035/GCF_000951035.1_Cang.pa_1.0/GCF_000951035.1_Cang.pa_1.0_cds_from_genomic.fna.gz,GCF_000951035.1_Cang.pa_1.0_cds_from_genomic.fna.gz
GCF_000956105.1,Propithecus coquereli,Pcoq_1.0,GCA_000956105.1,https://ftp.ncbi.nlm.nih.gov/genomes/all/GCF/000/956/105/GCF_000956105.1_Pcoq_1.0,https://ftp.ncbi.nlm.nih.gov/genomes/all/GCF/000/956/105/GCF_000956105.1_Pcoq_1.0/GCF_000956105.1_Pcoq_1.0_cds_from_genomic.fna.gz,GCF_000956105.1_Pcoq_1.0_cds_from_genomic.fna.gz
GCF_002288905.1,Enhydra lutris kenyoni,ASM228890v2,GCA_002288905.2,https://ftp.ncbi.nlm.nih.gov/genomes/all/GCF/002/288/905/GCF_002288905.1_ASM228890v2,https://ftp.ncbi.nlm.nih.gov/genomes/all/GCF/002/288/905/GCF_002288905.1_ASM228890v2/GCF_002288905.1_ASM228890v2_cds_from_genomic.fna.gz,GCF_002288905.1_ASM228890v2_cds_from_genomic.fna.gz
GCF_009834535.1,Camelus ferus,BCGSAC_Cfer_1.0,GCA_009834535.1,https://ftp.ncbi.nlm.nih.gov/genomes/all/GCF/009/834/535/GCF_009834535.1_BCGSAC_Cfer_1.0,https://ftp.ncbi.nlm.nih.gov/genomes/all/GCF/009/834/535/GCF_009834535.1_BCGSAC_Cfer_1.0/GCF_009834535.1_BCGSAC_Cfer_1.0_cds_from_genomic.fna.gz,GCF_009834535.1_BCGSAC_Cfer_1.0_cds_from_genomic.fna.gz
GCF_020171115.1,Neovison vison,ASM_NN_V1,GCA_020171115.1,https://ftp.ncbi.nlm.nih.gov/genomes/all/GCF/020/171/115/GCF_020171115.1_ASM_NN_V1,https://ftp.ncbi.nlm.nih.gov/genomes/all/GCF/020/171/115/GCF_020171115.1_ASM_NN_V1/GCF_020171115.1_ASM_NN_V1_cds_from_genomic.fna.gz,GCF_020171115.1_ASM_NN_V1_cds_from_genomic.fna.gz
GCF_000696425.1,Galeopterus variegatus,G_variegatus-3.0.2,GCA_000696425.1,https://ftp.ncbi.nlm.nih.gov/genomes/all/GCF/000/696/425/GCF_000696425.1_G_variegatus-3.0.2,https://ftp.ncbi.nlm.nih.gov/genomes/all/GCF/000/696/425/GCF_000696425.1_G_variegatus-3.0.2/GCF_000696425.1_G_variegatus-3.0.2_cds_from_genomic.fna.gz,GCF_000696425.1_G_variegatus-3.0.2_cds_from_genomic.fna.gz
GCF_004785775.1,Grammomys surdaster,NIH_TR_1.0,GCA_004785775.1,https://ftp.ncbi.nlm.nih.gov/genomes/all/GCF/004/785/775/GCF_004785775.1_NIH_TR_1.0,https://ftp.ncbi.nlm.nih.gov/genomes/all/GCF/004/785/775/GCF_004785775.1_NIH_TR_1.0/GCF_004785775.1_NIH_TR_1.0_cds_from_genomic.fna.gz,GCF_004785775.1_NIH_TR_1.0_cds_from_genomic.fna.gz
GCF_018345385.1,Vulpes lagopus,ASM1834538v1,GCA_018345385.1,https://ftp.ncbi.nlm.nih.gov/genomes/all/GCF/018/345/385/GCF_018345385.1_ASM1834538v1,https://ftp.ncbi.nlm.nih.gov/genomes/all/GCF/018/345/385/GCF_018345385.1_ASM1834538v1/GCF_018345385.1_ASM1834538v1_cds_from_genomic.fna.gz,GCF_018345385.1_ASM1834538v1_cds_from_genomic.fna.gz
GCF_002776525.3,Piliocolobus tephrosceles,ASM277652v3,GCA_002776525.3,https://ftp.ncbi.nlm.nih.gov/genomes/all/GCF/002/776/525/GCF_002776525.3_ASM277652v3,https://ftp.ncbi.nlm.nih.gov/genomes/all/GCF/002/776/525/GCF_002776525.3_ASM277652v3/GCF_002776525.3_ASM277652v3_cds_from_genomic.fna.gz,GCF_002776525.3_ASM277652v3_cds_from_genomic.fna.gz
GCF_012274545.1,Fukomys damarensis,DMR_v1.0_HiC,GCA_012274545.1,https://ftp.ncbi.nlm.nih.gov/genomes/all/GCF/012/274/545/GCF_012274545.1_DMR_v1.0_HiC,https://ftp.ncbi.nlm.nih.gov/genomes/all/GCF/012/274/545/GCF_012274545.1_DMR_v1.0_HiC/GCF_012274545.1_DMR_v1.0_HiC_cds_from_genomic.fna.gz,GCF_012274545.1_DMR_v1.0_HiC_cds_from_genomic.fna.gz
GCF_000622305.1,Nannospalax galili,S.galili_v1.0,GCA_000622305.1,https://ftp.ncbi.nlm.nih.gov/genomes/all/GCF/000/622/305/GCF_000622305.1_S.galili_v1.0,https://ftp.ncbi.nlm.nih.gov/genomes/all/GCF/000/622/305/GCF_000622305.1_S.galili_v1.0/GCF_000622305.1_S.galili_v1.0_cds_from_genomic.fna.gz,GCF_000622305.1_S.galili_v1.0_cds_from_genomic.fna.gz
GCF_903992535.2,Arvicola amphibius,mArvAmp1.2,GCA_903992535.2,https://ftp.ncbi.nlm.nih.gov/genomes/all/GCF/903/992/535/GCF_903992535.2_mArvAmp1.2,https://ftp.ncbi.nlm.nih.gov/genomes/all/GCF/903/992/535/GCF_903992535.2_mArvAmp1.2/GCF_903992535.2_mArvAmp1.2_cds_from_genomic.fna.gz,GCF_903992535.2_mArvAmp1.2_cds_from_genomic.fna.gz
GCF_000298275.1,Orycteropus afer afer,OryAfe1.0,GCA_000298275.1,https://ftp.ncbi.nlm.nih.gov/genomes/all/GCF/000/298/275/GCF_000298275.1_OryAfe1.0,https://ftp.ncbi.nlm.nih.gov/genomes/all/GCF/000/298/275/GCF_000298275.1_OryAfe1.0/GCF_000298275.1_OryAfe1.0_cds_from_genomic.fna.gz,GCF_000298275.1_OryAfe1.0_cds_from_genomic.fna.gz
GCF_019320065.1,Cervus canadensis,ASM1932006v1,GCA_019320065.1,https://ftp.ncbi.nlm.nih.gov/genomes/all/GCF/019/320/065/GCF_019320065.1_ASM1932006v1,https://ftp.ncbi.nlm.nih.gov/genomes/all/GCF/019/320/065/GCF_019320065.1_ASM1932006v1/GCF_019320065.1_ASM1932006v1_cds_from_genomic.fna.gz,GCF_019320065.1_ASM1932006v1_cds_from_genomic.fna.gz
GCF_014898765.1,Puma yagouaroundi,PumYag,GCA_014898765.1,https://ftp.ncbi.nlm.nih.gov/genomes/all/GCF/014/898/765/GCF_014898765.1_PumYag,https://ftp.ncbi.nlm.nih.gov/genomes/all/GCF/014/898/765/GCF_014898765.1_PumYag/GCF_014898765.1_PumYag_cds_from_genomic.fna.gz,GCF_014898765.1_PumYag_cds_from_genomic.fna.gz
GCF_003031525.2,Neophocaena asiaeorientalis asiaeorientalis,Neophocaena_asiaeorientalis_V1,GCA_003031525.2,https://ftp.ncbi.nlm.nih.gov/genomes/all/GCF/003/031/525/GCF_003031525.2_Neophocaena_asiaeorientalis_V1,https://ftp.ncbi.nlm.nih.gov/genomes/all/GCF/003/031/525/GCF_003031525.2_Neophocaena_asiaeorientalis_V1/GCF_003031525.2_Neophocaena_asiaeorientalis_V1_cds_from_genomic.fna.gz,GCF_003031525.2_Neophocaena_asiaeorientalis_V1_cds_from_genomic.fna.gz
GCF_000164805.1,Carlito syrichta,Tarsius_syrichta-2.0.1,GCA_000164805.2,https://ftp.ncbi.nlm.nih.gov/genomes/all/GCF/000/164/805/GCF_000164805.1_Tarsius_syrichta-2.0.1,https://ftp.ncbi.nlm.nih.gov/genomes/all/GCF/000/164/805/GCF_000164805.1_Tarsius_syrichta-2.0.1/GCF_000164805.1_Tarsius_syrichta-2.0.1_cds_from_genomic.fna.gz,GCF_000164805.1_Tarsius_syrichta-2.0.1_cds_from_genomic.fna.gz
GCF_001604975.1,Cebus imitator,Cebus_imitator-1.0,GCA_001604975.1,https://ftp.ncbi.nlm.nih.gov/genomes/all/GCF/001/604/975/GCF_001604975.1_Cebus_imitator-1.0,https://ftp.ncbi.nlm.nih.gov/genomes/all/GCF/001/604/975/GCF_001604975.1_Cebus_imitator-1.0/GCF_001604975.1_Cebus_imitator-1.0_cds_from_genomic.fna.gz,GCF_001604975.1_Cebus_imitator-1.0_cds_from_genomic.fna.gz
