,INTERACTOR_A,INTERACTOR_B
0,FGF7,HSPG2
1,ANK1,OBSCN
2,FASN,FASN
3,PPL,KAZN
4,PDZD2,CTNND2
5,ADAMTSL4,DLK2
6,EWSR1,FASN
7,ADAMTSL4,NTN4
8,ADAMTSL4,CATSPER1
9,ADAMTSL4,KRTAP4-12
10,SPRY2,ADAMTSL4
11,SORBS3,ADAMTSL4
12,FHL3,ADAMTSL4
13,GLRX3,ADAMTSL4
14,STK16,ADAMTSL4
15,PLSCR1,ADAMTSL4
16,DNPEP,ADAMTSL4
17,NTHL1,MYH4
18,KAZN,PPL
19,PPL,KAZN
20,EZR,PPL
21,PPL,PPHLN1
22,MTMR2,SBF1
23,MTMR2,SBF1
24,SBF1,MTMR2
25,OBSCN,ANK1
26,SBF1,SUV39H1
27,SUV39H1,SBF1
28,SUV39H1,SBF1
29,LRP5,AXIN1
30,AXIN1,LRP5
31,GC,CUBN
32,TTR,HSPG2
33,HSPG2,TTR
34,PRELP,HSPG2
35,PDZD2,CTNND2
36,PKP4,PDZD2
37,PDZD2,PKP4
38,PPL,EVPL
39,FN1,TNC
40,FN1,TNC
41,IFT172,LHX3
42,LHX3,IFT172
43,LHX3,IFT172
44,IFT172,LHX4
45,TNC,NCAN
46,CUBN,GIF
47,FGFBP1,HSPG2
48,FGFBP1,HSPG2
49,PDZD2,PKP4
50,PDZD2,ERBB2IP
51,SCGB1A1,CUBN
52,MBL2,MASP1
53,MASP1,MASP2
54,HSPG2,NID2
55,HSPG2,FN1
56,HSPG2,FBLN2
57,TTN,OBSCN
58,TTN,OBSCN
59,EVPL,PPL
60,PPL,EVPL
61,LYST,YWHAQ
62,LYST,CSNK2B
63,LYST,TNNI3
64,LYST,HGS
65,LYST,YWHAB
66,LYST,ESRRA
67,LYST,KPNB1
68,LYST,MRPS31
69,LYST,DGCR14
70,LYST,NCDN
71,LYST,PCBP4
72,LYST,VTA1
73,LYST,DNAJC14
74,LYST,CNTROB
75,LYST,ATN1
76,LYST,EFS
77,LYST,MED12
78,LYST,HNRNPM
79,LYST,CENPJ
80,LYST,MRPL17
81,LYST,ZNF521
82,LYST,CELF4
83,LYST,YWHAZ
84,LYST,CSNK2B
85,LYST,HGS
86,LAMA1,HSPG2
87,SERPING1,MASP1
88,MASP1,FCN2
89,HSPG2,FBLN2
90,HSPG2,PDGFA
91,HSPG2,PDGFB
92,FGF7,HSPG2
93,FGF7,HSPG2
94,COL17A1,PPL
95,AXIN1,LRP5
96,PPL,KRT8
97,PPL,VIM
98,PPL,KRT8
99,RRP1B,CUBN
100,Rrp1b,CUBN
101,USP15,MYH4
102,PMS1,SBF1
103,ATG101,MYH4
104,APC,NAV1
105,FASN,USP2
106,USP2,FASN
107,USP2,FASN
108,CNBP,MYH4
109,KMT2A,SBF1
110,SET1,SBF1
111,E(z),SBF1
112,RYK,FAT4
113,Mapk13,FASN
114,CACNA1A,HSPG2
115,HDAC5,FASN
116,AI837181,FASN
117,Cdk1,PPL
118,SIRT3,SBF1
119,AKT1,PPL
120,MAPK8IP2,MASP1
121,NUDT21,MASP1
122,GSK3B,MASP1
123,UFD1L,MASP1
124,RPS6KA3,MASP1
125,NCK2,MASP1
126,H2AFX,MASP1
127,TNFSF11,SBF1
128,PDPK1,SBF1
129,MAPK6,MASP1
130,RPS6KA6,MASP1
131,GADD45A,MASP1
132,PCK1,FASN
133,RAD21,FASN
134,RAD21,PDZD2
135,NDRG1,FASN
136,MAPK3,FASN
137,NRXN1,PDZD2
138,USP2,FASN
139,ITSN1,PPL
140,ELAVL1,NAV1
141,ARRB1,FASN
142,ARRB1,DNAH3
143,ARRB2,FASN
144,SIRT7,FASN
145,SIRT7,SBF1
146,MASP1,PDCD6IP
147,TSG101,FASN
148,ISG15,FASN
149,CUL3,MASP1
150,CUL3,FASN
151,CDK2,FASN
152,CUL1,PPL
153,DCUN1D1,FASN
154,CUBN,CUBN
155,OBSCN,ANK1
156,KCTD6,OBSCN
157,ATN1,HSPG2
158,ATXN1,FAT4
159,GFI1B,HSPG2
160,USP7,PPL
161,CBL,CUBN
162,GRB2,HSPG2
163,SHC1,FASN
164,AP2M1,FASN
165,PCK2,APP
166,NAV1,APP
167,DDX1,HMCN1
168,EMD,FASN
169,CUBN,LRP1
170,CUBN,PID1
171,BRCA1,CUBN
172,TP53BP1,FASN
173,EIF4A3,FASN
174,MAGOH,FASN
175,PTPN11,FASN
176,FASN,PTPN11
177,UBC,PPL
178,SMURF1,FASN
179,Hoxa1,ADAMTSL4
180,HSP90AB1,FASN
181,HSP90AA1,FASN
182,MYC,PDZD2
183,FN1,HSPG2
184,FN1,FASN
185,VCAM1,FASN
186,HSP90AA1,FASN
187,NOS2,FASN
188,SMAD9,LRP5
189,SKIL,PPL
190,STK16,ADAMTSL4
191,SALL2,ADAMTSL4
192,TUBGCP4,ADAMTSL4
193,COL8A1,ADAMTSL4
194,AQP1,ADAMTSL4
195,LRP5,CAPRIN2
196,LRP5,CAPRIN2
197,LRP5,AXIN1
198,MPG,OBSCN
199,NPM1,FASN
200,SOST,LRP5
201,LMNA,FASN
202,BAI1,PDZD2
203,PPL,AKT1
204,AKT1,PPL
205,VIM,PPL
206,PPL,VIM
207,PPL,Vim
208,PPL,VIM
209,PPL,AKT1
210,LRP5,DKK1
211,PCK2,SMAD3
212,ADAMTSL4,FBLN1
213,EP300,PCK2
214,PCK2,SMAD3
215,FASN,PRR12
216,MAPK1,NAV1
217,CDK19,MASP1
218,YWHAQ,FASN
219,FBXO6,ADAMTSL4
220,FBXO6,FASN
221,FBXO6,HSPG2
222,YWHAB,NAV1
223,CAP1,FASN
224,KIAA1598,FASN
225,SIRT1,FASN
226,TPM3,FASN
227,TPM4,FASN
228,FZD8,LRP5
229,WWOX,MYH4
230,AP2M1,MASP1
231,ERRFI1,MASP1
232,LGR4,FASN
233,PHKG2,FASN
234,ILK,FASN
235,STAU1,FASN
236,ARNT2,ADAMTSL4
237,DGCR6,ADAMTSL4
238,KIF1A,ADAMTSL4
239,MVP,ADAMTSL4
240,PRKAB2,ADAMTSL4
241,NAV1,MAPRE1
242,NAV1,TRIO
243,NAV1,TRIO
244,TRIO,NAV1
245,TRIO,NAV1
246,NAV1,TRIO
247,MAPRE1,NAV1
248,MAPRE1,NAV1
249,CDKN1A,SBF1
250,HUWE1,FASN
251,FUS,FASN
252,RAPGEF2,HMCN1
253,ALAS1,PPL
254,CST2,ADAMTSL4
255,FAH,ADAMTSL4
256,FKBP1B,ADAMTSL4
257,FLNA,ADAMTSL4
258,GATA2,ADAMTSL4
259,GIP,ADAMTSL4
260,HGF,ADAMTSL4
261,HOXA1,ADAMTSL4
262,KRTAP5-9,ADAMTSL4
263,KRT31,NAV1
264,LMO1,ADAMTSL4
265,LMO2,ADAMTSL4
266,NTF4,ADAMTSL4
267,PIN1,ADAMTSL4
268,PPL,TRIM27
269,PPL,TRAF2
270,PPL,VIM
271,PPL,AHCYL1
272,PPL,RALBP1
273,PPL,TSC22D4
274,PPL,RAB3IP
275,PPL,ZSCAN1
276,PPL,CEP57L1
277,PTGER3,ADAMTSL4
278,SMARCC1,ADAMTSL4
279,SPINK2,ADAMTSL4
280,TCEA2,ADAMTSL4
281,TMSB4XP6,ADAMTSL4
282,TRIP6,ADAMTSL4
283,TOP3B,ADAMTSL4
284,EIF4E2,ADAMTSL4
285,CREB5,ADAMTSL4
286,SUSD6,ADAMTSL4
287,AMMECR1,ADAMTSL4
288,SLC23A1,ADAMTSL4
289,GNE,ADAMTSL4
290,FARS2,ADAMTSL4
291,FRS3,ADAMTSL4
292,MID2,ADAMTSL4
293,MAPKBP1,ADAMTSL4
294,DIP2A,ADAMTSL4
295,RCHY1,ADAMTSL4
296,LRRC29,ADAMTSL4
297,CPNE7,ADAMTSL4
298,GNMT,ADAMTSL4
299,CYP2S1,ADAMTSL4
300,CHCHD2,ADAMTSL4
301,FBXW5,ADAMTSL4
302,ADAMTSL4,SLC6A20
303,ADAMTSL4,PID1
304,ADAMTSL4,TAPBPL
305,ADAMTSL4,C19orf66
306,ADAMTSL4,LGALS14
307,ADAMTSL4,NMUR2
308,ADAMTSL4,RHOJ
309,ADAMTSL4,CXCL16
310,ADAMTSL4,GMCL1P1
311,ADAMTSL4,ASPSCR1
312,ADAMTSL4,FAM124B
313,ADAMTSL4,APOL6
314,ADAMTSL4,TSSK3
315,ADAMTSL4,KRTAP4-12
316,ADAMTSL4,KRTAP9-2
317,ADAMTSL4,DSCR8
318,ADAMTSL4,ZNF587
319,ADAMTSL4,RAB2B
320,ADAMTSL4,KRTAP9-4
321,ADAMTSL4,KRTAP4-2
322,ADAMTSL4,LONRF1
323,ADAMTSL4,OLFM3
324,ADAMTSL4,TMEM150A
325,ADAMTSL4,CCDC26
326,ADAMTSL4,SPATA8
327,ADAMTSL4,ZNF417
328,ADAMTSL4,C6orf165
329,ADAMTSL4,LCE4A
330,ADAMTSL4,NATD1
331,ADAMTSL4,MORN3
332,ADAMTSL4,TRIM42
333,ADAMTSL4,ADAMTSL5
334,ADAMTSL4,CLEC18A
335,ADAMTSL4,LCE1B
336,ADAMTSL4,LCE2D
337,ADAMTSL4,LCE3C
338,ADAMTSL4,LCE3E
339,ADAMTSL4,KRTAP10-9
340,ADAMTSL4,KRTAP10-1
341,ADAMTSL4,KRTAP10-11
342,ADAMTSL4,KRTAP10-5
343,ADAMTSL4,KRTAP10-8
344,ADAMTSL4,KRTAP10-3
345,ADAMTSL4,LINC00671
346,ADAMTSL4,GOLGA8EP
347,ADAMTSL4,KRTAP5-6
348,ADAMTSL4,KRTAP4-11
349,GCC1,NAV1
350,ENO1,FAT4
351,SHMT2,FAT4
352,MOV10,OBSCN
353,NXF1,OBSCN
354,NXF1,FAT4
355,OBSCN,BRCA1
356,CUL7,FASN
357,OBSL1,FASN
358,CCDC8,FASN
359,EED,FASN
360,FASN,USP2
361,USP2,FASN
362,ILK,FASN
363,TEX35,HEPHL1
364,COASY,HEPHL1
365,VTI1B,HEPHL1
366,SUSD3,PPL
367,PMM1,HEPHL1
368,EFNB2,SBF1
369,TAZ,LRP5
370,NXPH2,FAT4
371,RASD2,LRP5
372,DKK1,LRP5
373,CDCA8,MYH4
374,SIX1,MYH4
375,SUSD4,LRP5
376,CEACAM21,FAT4
377,TGFBR2,SBF1
378,PARP16,LRP5
379,RAB11B,HEPHL1
380,DDX19B,PPL
381,OR51E2,HEPHL1
382,DTNBP1,NAV1
383,POMK,LRP5
384,SKAP1,SBF1
385,KIR3DS1,PPL
386,TFG,HEPHL1
387,TSC22D4,IFT172
388,B3GALT2,LRP5
389,IFT57,IFT172
390,RCC1,NAV1
391,UGT1A10,PPL
392,CORO1A,IFT172
393,DOLPP1,HEPHL1
394,ETV6,LRP5
395,SGOL2,HEPHL1
396,DDX39A,FAT4
397,GFOD1,SBF1
398,TMEM260,MYH4
399,FASN,PTGR2
400,FASN,KIF3A
401,FASN,IMPDH1
402,FASN,HAUS4
403,ZSCAN20,PPL
404,LACC1,HEPHL1
405,CHST9,LRP5
406,APIP,HEPHL1
407,LIPH,LRP5
408,PYHIN1,HEPHL1
409,TINAGL1,HSPG2
410,RBM24,PPL
411,C1orf186,SBF1
412,C2orf48,FAT4
413,AURKC,MYH4
414,TEAD3,FASN
415,YAP1,FASN
416,HNRNPA1,PPL
417,HSPB1,SBF1
418,FBXW11,SBF1
419,FBXW11,NAV1
420,FASN,ABCC1
421,MYH4,ACTN2
422,FASN,AHSA1
423,FASN,ASNS
424,FASN,CARM1
425,HMCN1,CLP1
426,CCT6A,FASN
427,CCT6B,FASN
428,CYP27A1,FASN
429,HSD17B12,FASN
430,PC,FASN
431,PEF1,FASN
432,PIK3C2B,FASN
433,FASN,GFPT1
434,FASN,GFPT2
435,FASN,HSPBP1
436,PCK2,HSPE1
437,PSAT1,HSPG2
438,FASN,MTCH1
439,TPM1,MYH4
440,NAV1,PPA1
441,NAV1,PPA2
442,PCK2,PPIA
443,DROSHA,PPL
444,P4HA2,PPL
445,PSMA1,PPL
446,PSMA5,PPL
447,PSMB4,PPL
448,PPL,PSMB6
449,FASN,TARBP1
450,PCK2,UBE2L3
451,NTRK1,PCK2
452,NTRK1,SBF1
453,NTRK1,FASN
454,Hoxa1,ADAMTSL4
455,ADAMTSL4,Hoxa1
456,AKT1,FASN
457,PTEN,FASN
458,PTEN,PPL
459,NUP35,PDZD2
460,gag,FASN
461,MED4,NAV1
462,LCA5,IFT172
463,PCM1,IFT172
464,PCM1,NAV1
465,FGFR1OP,NAV1
466,CEP128,NAV1
467,CEP135,NAV1
468,CEP89,NAV1
469,NATD1,ADAMTSL4
470,CYP2S1,ADAMTSL4
471,OTX1,ADAMTSL4
472,AHSA1,FASN
473,PDZD2,PTOV1
474,PDZD2,DDX24
475,PDZD2,PRPF40A
476,HNRNPH2,LYST
477,LLGL2,LYST
478,MLH1,LYST
479,PPIA,LYST
480,TACC1,LYST
481,DAP3,LYST
482,MYH13,LYST
483,SAP30,LYST
484,KIF1C,LYST
485,GAR1,LYST
486,KLC3,LYST
487,HSPA5,FASN
488,KIF11,FASN
489,DNAJC7,FASN
490,PCK2,HSPD1
491,ADD1,HSPG2
492,TMPO,HSPG2
493,PTTG1,HSPG2
494,CCDC22,HSPG2
495,GAR1,HSPG2
496,KIF7,HSPG2
497,LDHD,MYH4
498,RBM4,PPL
499,SYNPO,PPL
500,FYCO1,PPL
501,VWA9,PPL
502,PCK2,PRCC
503,PCK2,TSG101
504,PCK2,PROSC
505,PCK2,CWC15
506,PCK2,MUC13
507,HNRNPD,OBSCN
508,HSF2,OBSCN
509,PCNA,OBSCN
510,RPA1,OBSCN
511,KIAA1107,OBSCN
512,C10orf12,OBSCN
513,VPS18,OBSCN
514,CDCA5,OBSCN
515,RNF41,NAV1
516,Vamp2,LYST
517,Dync1li1,LYST
518,Tnpo1,LYST
519,Ccdc9,LYST
520,Cep85l,LYST
521,Tubg1,FASN
522,Bag2,FASN
523,Id2,HSPG2
524,Espn,HSPG2
525,Shoc2,HSPG2
526,Pxdc1,HSPG2
527,Vps28,HSPG2
528,Heatr2,HSPG2
529,Kif13b,MYH4
530,Rhoa,PPL
531,Anxa2,PPL
532,Cct3,PPL
533,Evpl,PPL
534,Mis12,PPL
535,Trip11,PPL
536,Mtmr2,SBF1
537,Smc3,OBSCN
538,Vps28,OBSCN
539,Chmp4b,OBSCN
540,Actr1b,OBSCN
541,Setd2,OBSCN
542,Kif1b,NAV1
543,Cenpe,NAV1
544,IRF3,FASN
545,FOXI1,FASN
546,FOXI2,FASN
547,SKI,HSPG2
548,CRY1,FASN
549,CRY2,FASN
550,FOXL1,FASN
551,MCM2,FASN
552,MCM2,HSPG2
553,MCM2,HMCN1
554,MCM2,MYH4
555,SNW1,FASN
556,CDC5L,FASN
557,ERBB3,MASP1
558,CDC37,MASP1
559,CHRNG,ADAMTSL4
560,ZNF746,FASN
561,CDH1,FASN
562,CDH1,PPL
563,EGFR,TNC
564,MTMR2,SBF1
565,SBF1,COL1A2
566,SBF1,MTMR1
567,SBF1,MTMR2
568,SBF1,PRKACA
569,SBF1,RPAP3
570,SBF1,SUPT16H
571,SBF1,WDR55
572,SBF2,SBF1
573,SBF2,SBF1
574,SBF1,SBF1
575,SBF1,MTMR1
576,SBF1,MTMR2
577,SBF1,UQCC1
578,SBF1,UQCC2
579,SBF1,RAB35
580,SBF1,IFT27
581,SBF1,CTTNBP2NL
582,SBF1,STIP1
583,SBF1,IFT52
584,SBF1,MRPS16
585,SBF1,PTGES3L
586,TLE3,MYH4
587,TINAGL1,HSPG2
588,HIF1A,MYH4
589,CCDC53,NAV1
590,PCK2,PCK1
591,PCK2,MUC5B
592,IFT57,IFT172
593,FBXL4,HEPHL1
594,PCK2,BPIFB1
595,DDX19B,PPL
596,FCF1,PPL
597,RAB6B,SBF1
598,COG6,NAV1
599,DTNBP1,NAV1
600,POMK,LRP5
601,XAGE1B,FAT4
602,IL31RA,HEPHL1
603,TTC30A,IFT172
604,CDK15,PPL
605,TBC1D22B,PPL
606,SIRT6,FAT4
607,TMEM260,MYH4
608,AURKC,MYH4
609,SIX1,MYH4
610,ZNF408,HSPG2
611,MRPL38,HEPHL1
612,PCK2,DMBT1
613,KIF3A,HEPHL1
614,PCK2,BPIFA1
615,SGOL2,HEPHL1
616,C2orf48,FAT4
617,ETV6,LRP5
618,NPPA,OBSCN
619,TTC30B,IFT172
620,SOST,LRP5
621,NSMAF,HEPHL1
622,PARP16,LRP5
623,LYPD4,OBSCN
624,PCK2,IGHA2
625,CLU,FAT4
626,ZSCAN20,PPL
627,SYT3,MYH4
628,AKAP17A,MYH4
629,DKKL1,FAT4
630,RPL28,FAT4
631,COASY,HEPHL1
632,RAB11B,HEPHL1
633,HAVCR2,SBF1
634,OAZ3,HEPHL1
635,FRMD1,PPL
636,DCDC2B,FAT4
637,CORO1A,IFT172
638,PSG8,FAT4
639,PRSS37,LRP5
640,PCDHGB1,FAT4
641,CSNK1A1,LRP5
642,XCL1,FAT4
643,TGIF2LY,LRP5
644,PYHIN1,HEPHL1
645,CDCA8,MYH4
646,RCC1,NAV1
647,SSSCA1,SBF1
648,PPIAL4G,FAT4
649,FASN,PTGR2
650,RBM24,PPL
651,MANSC1,SBF1
652,RPN2,HEPHL1
653,HENMT1,SBF1
654,PCK2,ZMYM2
655,NXPH2,FAT4
656,TEX35,HEPHL1
657,ZMAT4,HEPHL1
658,DOLPP1,HEPHL1
659,TFG,HEPHL1
660,OR51E2,HEPHL1
661,ZBBX,FAT4
662,GFOD1,SBF1
663,CCNYL1,PPL
664,EFNB2,SBF1
665,SKAP1,SBF1
666,PIP4K2A,SBF1
667,LRRC4C,SBF1
668,FGF8,IFT172
669,SEMG2,HEPHL1
670,DKKL1,LRP5
671,DNA2,FAT4
672,LIMS1,MYH4
673,TAZ,LRP5
674,PCK2,PIGR
675,SUSD4,LRP5
676,CDH5,SBF1
677,SUSD3,PPL
678,IFNE,FAT4
679,TBC1D14,HEPHL1
680,PCK2,AHNAK2
681,LZTS2,SBF1
682,SERPINA12,LRP5
683,LACC1,HEPHL1
684,PMM1,HEPHL1
685,PCK2,IGHA1
686,ST8SIA4,LRP5
687,DKK1,LRP5
688,SCGB1D1,LRP5
689,PCK2,ZMYM4
690,CEACAM21,FAT4
691,LIPH,LRP5
692,DDX39A,FAT4
693,CHST9,LRP5
694,DKK4,LRP5
695,MGAT4C,LRP5
696,VTI1B,HEPHL1
697,DNAJC7,IFT172
698,PCK2,ZG16B
699,CPLX3,HEPHL1
700,PDE4DIP,PPL
701,KRBA1,IFT172
702,UGT1A10,PPL
703,SETDB2,HEPHL1
704,FTH1,PPL
705,KIR3DS1,PPL
706,ACAD9,PPL
707,PDCD1,NAV1
708,GPBP1,HEPHL1
709,F9,LRP5
710,FAM3B,LRP5
711,RASD2,LRP5
712,C4orf26,LRP5
713,TNFRSF19,PPL
714,PCK2,PAG1
715,APIP,HEPHL1
716,PCK2,SUFU
717,PCK2,ALAS1
718,FCGRT,LRP5
719,B3GALT2,LRP5
720,PODN,LRP5
721,PCK2,AHNAK
722,PDGFB,FAT4
723,PCK2,LACRT
724,FASN,USP22
725,TGFBR2,SBF1
726,MAP3K14,NAV1
727,ADAM33,LRP5
728,PCK2,ZMYM3
729,C1orf186,SBF1
730,BRINP3,LRP5
731,LRRC4C,LRP5
732,PRSS37,FAT4
733,NDUFS6,PCK2
734,ISOC2,IFT172
735,SELE,SBF1
736,PCK2,RCOR3
737,PCK2,GAP43
738,CLPSL1,LRP5
739,NXPH2,LRP5
740,UBC,HSPG2
741,AATK,SBF1
742,IFT57,IFT172
743,IFT88,IFT172
744,IFT80,IFT172
745,IFT20,IFT172
746,PCK2,BBS2
747,CLUAP1,IFT172
748,TRAF3IP1,IFT172
749,IFT172,IFT74
750,TTC30A,IFT172
751,KCTD3,NAV1
752,KIF13B,NAV1
753,ZBTB21,NAV1
754,KSR1,NAV1
755,GIGYF1,NAV1
756,NAV1,CGN
757,LRFN1,NAV1
758,DENND1A,NAV1
759,RTKN,NAV1
760,SH3PXD2A,NAV1
761,MAST3,NAV1
762,SRGAP2,NAV1
763,EIF4E2,NAV1
764,SIPA1L1,NAV1
765,PPM1H,NAV1
766,LIMA1,NAV1
767,MAGI1,NAV1
768,DENND4C,NAV1
769,TESK2,NAV1
770,DCLK1,NAV1
771,ZNF638,NAV1
772,NF1,NAV1
773,HDAC4,NAV1
774,CBY1,NAV1
775,SRSF12,NAV1
776,CDC25C,NAV1
777,NAV1,SYDE1
778,MAPKAP1,NAV1
779,NADK,NAV1
780,AGAP1,NAV1
781,GIGYF2,NAV1
782,CDC25B,NAV1
783,IFT27,IFT172
784,INPP5E,NAV1
785,IFT172,IFT46
786,IFT22,IFT172
787,IFT81,IFT172
788,HSPB11,IFT172
789,TTC26,IFT172
790,IFT52,IFT172
791,NUDC,IFT172
792,ICK,IFT172
793,TTC30B,IFT172
794,CYLD,FASN
795,INO80B,SBF1
796,COQ2,PCK2
797,COX15,FASN
798,DLD,FASN
799,DLST,FASN
800,DNM1L,FASN
801,HSD17B10,FASN
802,PDHA1,FASN
803,SDHA,FASN
804,TRIM25,HSPG2
805,TRIM25,LRP5
806,TRIM25,MROH7-TTC4
807,VHL,FASN
808,VHL,FASN
809,FASN,VHL
810,CAD,FASN
811,FASN,HIF1A
812,VHL,FASN
813,UBE2A,OBSCN
814,BRCA1,FASN
815,TES,PCK2
816,HDAC6,FASN
817,OBSCN,TTN
818,TTN,OBSCN
819,HNRNPL,LRP5
820,HNRNPL,PDZD2
821,HNRNPL,OBSCN
822,HNRNPL,NAV1
823,CFTR,MYH4
824,CFTR,FASN
825,PEF1,FASN
826,KIAA1715,FASN
827,CLEC14A,HSPG2
828,ZNF598,FASN
829,FBXO7,FASN
830,EGLN3,FASN
831,RMND5A,FASN
832,EGLN3,IFT172
833,EGLN3,SBF1
834,TMPO,FASN
835,WDR77,HMCN1
836,HSPA8,FASN
837,BRAF,FASN
838,DDX39B,FASN
839,JUP,FASN
840,PPP6C,FASN
841,KIFAP3,NAV1
842,HIF1A,FASN
843,LRP6,LRP5
844,LRP5,LRP6
845,UBE2M,FASN
846,PYHIN1,HSPG2
847,PRPF8,FASN
848,EFTUD2,FASN
849,AAR2,FASN
850,PIH1D1,FASN
851,EFTUD2,NAV1
852,TNIP2,FASN
853,TNIP2,LRP5
854,RNF4,FASN
855,RNF31,ADAMTSL4
856,AMMECR1,ADAMTSL4
857,LHX4,ADAMTSL4
858,HNRNPLL,ADAMTSL4
859,CDC34,FASN
860,CDC34,PCK2
861,FAM188B,IFT172
862,SPDL1,FASN
863,RIOK1,FASN
864,ZUFSP,FASN
865,FGF11,FASN
866,ESR2,FASN
867,ESR2,PPL
868,ESR2,SBF1
869,HEXIM1,FASN
870,RNF123,MYH4
871,RNF123,DNAH3
872,RNF123,FAT4
873,RNF123,OBSCN
874,PPT1,FASN
875,SNAI1,FASN
876,AGR2,FASN
877,AGR2,FASN
878,HRAS,SBF1
879,KRAS,SBF1
880,NRAS,SBF1
881,RECQL4,FASN
882,FASN,CAV1
883,CAV1,FASN
884,FASN,CAV1
885,ANK1,OBSCN
886,OBSCN,ANK1
887,OBSCN,ANK1
888,MYC,PCK2
889,MYC,SBF1
890,MYC,FASN
891,RNF41,NAV1
892,RNF41,NAV1
893,HRAS,NAV1
894,ANK1,OBSCN
895,OBSCN,ANK1
896,ANK1,OBSCN
897,LAMP1,SBF1
898,HSPD1,PCK2
899,TOMM20,PCK2
900,MAPRE1,NAV1
901,MAPRE1,NAV1
902,GRWD1,FASN
903,KRT17,FASN
904,KIAA1429,FAT4
905,KIAA1429,PDZD2
906,KIAA1429,NAV1
907,KIAA1429,OBSCN
908,KIAA1429,PPL
909,KIAA1429,HSPG2
910,KIAA1429,LYST
911,KIAA1429,FASN
912,KIAA1429,LRP5
913,KIAA1429,TNC
914,METTL3,FASN
915,KIAA1429,FASN
916,USP18,FASN
917,ANAPC4,LYST
918,ACTC1,FASN
919,ZBTB7A,FASN
920,PHB,FASN
921,CCND1,FASN
922,USP14,OBSCN
923,USP14,FASN
924,NR2C2,FASN
925,NR2C2,PCK2
926,UCHL3,FASN
927,PPP1CC,NAV1
928,MTDH,FASN
929,MTDH,OBSCN
930,MTDH,HSPG2
931,MTDH,LRP5
932,HDAC2,PCK2
933,HDAC2,HSPG2
934,CSK,MASP1
935,RPS6KA2,SBF1
936,GBF1,FASN
937,DCAF15,FASN
938,DCAF15,OBSCN
939,BMH2,FASN
940,BMH1,FASN
941,NHLRC2,PPL
942,MAPT,MASP1
943,MAPT,MASP1
944,ATXN3,FASN
945,OBSCN,ACOT13
946,ACP2,FASN
947,ANXA5,PCK2
948,CCS,PCK2
949,GMPS,PCK2
950,GSTO1,PCK2
951,HSD17B7,PCK2
952,HSP90AA1,FASN
953,PCK2,ACSF2
954,PCK2,APOA1BP
955,PMPCB,PCK2
956,PPA1,PCK2
957,PDZD2,RAB11FIP5
958,DYRK1A,PPL
959,BCL2L14,PCK2
960,IRF7,FASN
961,NT5C3A,PCK2
962,NCF1,FASN
963,P2RY6,PCK2
964,CUL4A,HSPG2
965,DUPD1,FASN
966,DUSP13,FASN
967,DUSP23,FASN
968,DUSP3,FASN
969,CDC14A,IFT172
970,STYXL1,PPL
971,MTMR2,SBF1
972,ITFG1,FASN
973,GSK3B,FASN
974,CYLD,FASN
975,MTMR2,SBF1
976,SBF1,COL1A2
977,SBF1,MTMR1
978,SBF1,MTMR2
979,SBF1,WDR55
980,SBF1,SUPT16H
981,SBF1,GLUD2
982,SBF1,PRKACA
983,SBF1,ZNHIT1
984,SBF1,RPAP3
985,SBF1,TLE1
986,SBF1,SSRP1
987,SBF1,ACIN1
988,SBF2,SBF1
989,FASN,SPOP
990,SPOP,FASN
991,CLUAP1,IFT172
992,IFT20,IFT172
993,ANO7,FASN
994,BIRC3,FASN
995,LMBR1L,FASN
996,LMBR1L,PCK2
997,PGRMC1,PCK2
998,FAT4,USP51
999,USP51,FAT4
1000,WWP2,FASN
1001,UBC,FASN
1002,TRIM28,PCK2
1003,TRIM28,FASN
1004,SQSTM1,TNC
1005,ATXN1,OBSCN
1006,HTT,FASN
1007,PARK2,FASN
1008,ZNF263,PPL
1009,MYLIP,ADAMTSL4
1010,TFAP2D,ADAMTSL4
1011,ALAS1,PPL
1012,HOXC8,ADAMTSL4
1013,POLD1,ADAMTSL4
1014,LNX1,ADAMTSL4
1015,LNX1,FASN
1016,EXOSC5,ADAMTSL4
1017,RUNX1T1,ADAMTSL4
1018,MID2,ADAMTSL4
1019,GSTP1,ADAMTSL4
1020,ZNF213,PPL
1021,CHERP,ADAMTSL4
1022,EPDR1,ADAMTSL4
1023,MRPL28,PPL
1024,CHRD,ADAMTSL4
1025,KRT31,NAV1
1026,UPRT,PPL
1027,PCSK5,ADAMTSL4
1028,HSD3B7,ADAMTSL4
1029,PICK1,PPL
1030,JOSD1,ADAMTSL4
1031,ACTR5,PPL
1032,QPRT,ADAMTSL4
1033,KCTD9,ADAMTSL4
1034,TGFB1,ADAMTSL4
1035,PBX4,PPL
1036,HOXA1,ADAMTSL4
1037,NUFIP2,ADAMTSL4
1038,CHIC2,ADAMTSL4
1039,ZNF330,ADAMTSL4
1040,PTPMT1,ADAMTSL4
1041,RSRC2,NAV1
1042,MAGOHB,ADAMTSL4
1043,PLSCR4,ADAMTSL4
1044,OTX1,ADAMTSL4
1045,STK16,ADAMTSL4
1046,PPL,POF1B
1047,PPL,HECTD3
1048,PPL,TRAF2
1049,PPL,RAB3IP
1050,PPL,KNSTRN
1051,PPL,ZSCAN1
1052,PPL,ZNF474
1053,PPL,PLEKHA7
1054,PPL,ZBTB26
1055,PPL,DES
1056,PPL,IKZF1
1057,PPL,KCTD21
1058,PPL,ZSCAN16
1059,PPL,KRT39
1060,PPL,C6orf141
1061,PPL,ZNF165
1062,PPL,KRT25
1063,NR4A3,ADAMTSL4
1064,CBX3,ADAMTSL4
1065,PKN1,ADAMTSL4
1066,BANF2,ADAMTSL4
1067,GNG13,ADAMTSL4
1068,DGCR6L,ADAMTSL4
1069,C19orf66,ADAMTSL4
1070,PRKAB2,ADAMTSL4
1071,C19orf57,ADAMTSL4
1072,ITGB4,ADAMTSL4
1073,ZNF414,ADAMTSL4
1074,NAV1,DDIT4L
1075,NAV1,PRIMPOL
1076,NAV1,GCC1
1077,LMO2,ADAMTSL4
1078,ZFHX2,ADAMTSL4
1079,MAPKBP1,ADAMTSL4
1080,GUCD1,ADAMTSL4
1081,SLC13A5,ADAMTSL4
1082,LMO4,ADAMTSL4
1083,USP21,ADAMTSL4
1084,ADAMTSL4,ADAMTSL4
1085,ADAMTSL4,CREB5
1086,ADAMTSL4,ADAM12
1087,ADAMTSL4,POU4F2
1088,ADAMTSL4,VENTX
1089,ADAMTSL4,LONRF1
1090,ADAMTSL4,BAG4
1091,ADAMTSL4,WDYHV1
1092,ADAMTSL4,FBXW5
1093,ADAMTSL4,LCE2B
1094,ADAMTSL4,GNE
1095,ADAMTSL4,ITGB2
1096,ADAMTSL4,NEK8
1097,ADAMTSL4,SCNM1
1098,ADAMTSL4,ERCC3
1099,ADAMTSL4,LCE3D
1100,ADAMTSL4,ALPP
1101,ADAMTSL4,SPRY1
1102,ADAMTSL4,NFKBID
1103,ADAMTSL4,MGAT5B
1104,ADAMTSL4,VASN
1105,ADAMTSL4,GLYCTK
1106,ADAMTSL4,HEXIM2
1107,ADAMTSL4,BOLA2B
1108,ADAMTSL4,KRTAP4-4
1109,ADAMTSL4,POLR1C
1110,ADAMTSL4,EFEMP2
1111,ADAMTSL4,SMARCC1
1112,ADAMTSL4,ZNF417
1113,ADAMTSL4,LRFN4
1114,ADAMTSL4,THAP6
1115,ADAMTSL4,CATSPER1
1116,ADAMTSL4,KLHL38
1117,ADAMTSL4,IP6K1
1118,ADAMTSL4,CPNE7
1119,ADAMTSL4,MKRN3
1120,ADAMTSL4,R3HDM2
1121,ADAMTSL4,BOLA2
1122,ADAMTSL4,LCE3A
1123,ADAMTSL4,LCE3E
1124,ADAMTSL4,LCE1A
1125,ADAMTSL4,KRTAP6-2
1126,ADAMTSL4,KRTAP19-2
1127,ADAMTSL4,KRTAP21-2
1128,ADAMTSL4,RPS19BP1
1129,ADAMTSL4,SLIT1
1130,ADAMTSL4,LCE4A
1131,ADAMTSL4,LCE2A
1132,ADAMTSL4,LCE2C
1133,ADAMTSL4,LCE2D
1134,ADAMTSL4,KRTAP10-8
1135,ADAMTSL4,PRR19
1136,ADAMTSL4,KRTAP1-1
1137,ADAMTSL4,VWC2
1138,ADAMTSL4,KRTAP5-3
1139,ADAMTSL4,LCE1B
1140,ADAMTSL4,LCE1C
1141,ADAMTSL4,CYSRT1
1142,ADAMTSL4,ATG9A
1143,ADAMTSL4,KRTAP9-3
1144,ADAMTSL4,KRTAP12-3
1145,ADAMTSL4,KRTAP5-2
1146,ADAMTSL4,KRTAP4-11
1147,ADAMTSL4,KRTAP6-3
1148,ADAMTSL4,C6orf165
1149,ADAMTSL4,KRTAP10-1
1150,ADAMTSL4,KRTAP10-9
1151,ADAMTSL4,KRTAP1-5
1152,ADAMTSL4,APOL6
1153,ADAMTSL4,RGL2
1154,ADAMTSL4,KRTAP9-2
1155,ADAMTSL4,LCE1F
1156,ADAMTSL4,KRTAP10-5
1157,ADAMTSL4,KRTAP5-4
1158,ADAMTSL4,KCTD7
1159,ADAMTSL4,LCE3C
1160,ADAMTSL4,KRTAP5-7
1161,ADAMTSL4,KRTAP4-2
1162,ADAMTSL4,INS
1163,ADAMTSL4,KRTAP5-9
1164,ADAMTSL4,NOTCH2NL
1165,ADAMTSL4,MYO15B
1166,ADAMTSL4,FBXO17
1167,ADAMTSL4,NBPF19
1168,ADAMTSL4,NATD1
1169,FASN,ADIPOQ
1170,FBXW8,FASN
1171,LRP5,TRAF6
1172,LRP5,TRAF6
1173,LRP5,CTNNB1
1174,TRAF6,LRP5
1175,PLEKHA4,FASN
1176,PLEKHA4,PPL
1177,PINK1,FASN
1178,PINK1,PCK2
1179,YAP1,FASN
1180,TFCP2,FASN
1181,FANCD2,PPL
1182,NGB,FASN
1183,NHLRC2,PCK2
1184,TNC,Itgb1
1185,TNC,Itga7
1186,LINC01554,HMCN1
1187,CYLD,FASN
1188,AKT1,FASN
1189,CSK,FASN
1190,FGFR1,OBSCN
1191,PDPK1,HSPG2
1192,PEBP1,FASN
1193,PRKCE,PCK2
1194,PRKCG,PCK2
1195,PRKD1,PPL
1196,RAC1,FASN
1197,RALBP1,PPL
1198,RASA1,FASN
1199,SNCA,FASN
1200,NME1,FASN
1201,EMC1,FASN
1202,EMC1,PCK2
1203,EMC2,PCK2
1204,MMGT1,FASN
1205,EIF3I,IFT172
1206,PPL,LETM1
1207,DHRS2,DNAH3
1208,ALCAM,HEPHL1
1209,PPL,HNRNPM
1210,RSL1D1,DNAH3
1211,GAPDH,OBSCN
1212,HIST1H1C,FAT4
1213,TCOF1,OBSCN
1214,HNRNPD,DNAH3
1215,PLEC,DNAH3
1216,HIST2H2BE,OBSCN
1217,ERP29,NAV1
1218,B2M,HMCN1
1219,ANKRD55,FASN
1220,E,LRP5
1221,M,LRP5
1222,nsp4,LRP5
1223,nsp6,LRP5
1224,ORF3a,LRP5
1225,ORF3b,LRP5
1226,ORF7a,LRP5
1227,ORF7b,LRP5
1228,ORF8,LRP5
1229,ORF9b,PCK2
1230,E,PCK2
1231,M,SBF1
1232,nsp12,PCK2
1233,nsp16,PCK2
1234,nsp7,NAV1
1235,ORF14,PCK2
1236,ORF7b,PCK2
1237,ESR1,SBF1
1238,IMMP1L,PCK2
1239,IMMP2L,PCK2
1240,STAG2,FASN
1241,DNAJB5,OBSCN
1242,TCAP,HSPG2
1243,TTN,OBSCN
1244,HSCB,PCK2
1245,SAMD4B,NAV1
1246,NEK4,FAT4
1247,NEK4,IFT172
1248,LRRC31,FASN
1249,LRRC31,MYH4
1250,LRRC31,SBF1
1251,DUX4,FASN
1252,CIT,FASN
1253,ANLN,FASN
1254,ANLN,PDZD2
1255,ANLN,PPL
1256,AURKB,FASN
1257,CHMP4B,FASN
1258,CHMP4B,PDZD2
1259,CHMP4C,FASN
1260,ECT2,FASN
1261,ECT2,PDZD2
1262,ECT2,LYST
1263,KIF14,FASN
1264,KIF14,PCK2
1265,KIF14,NAV1
1266,KIF14,ADAMTSL4
1267,KIF20A,FASN
1268,KIF20A,PPL
1269,KIF20A,ADAMTSL4
1270,KIF23,FASN
1271,PRC1,FASN
1272,PRC1,PDZD2
1273,TRIM55,ADAMTSL4
1274,TRIM63,ADAMTSL4
1275,PRNP,TNC
1276,PYHIN1,HSPG2
1277,ACAD9,PCK2
1278,C21orf33,PCK2
1279,FKBP8,NAV1
1280,RHOT2,NAV1
1281,FASN,SLCO4A1
1282,FASN,LDLR
1283,FASN,C12orf49
1284,FASN,RABL3
1285,FASN,MOGS
1286,FASN,LDLRAP1
1287,FASN,PAPSS1
1288,FASN,RAB3GAP2
1289,FASN,PRUNE
1290,FASN,PGRMC2
1291,FASN,ARL1
1292,FASN,SREBF2
1293,FASN,ACAT2
1294,FASN,RAB18
1295,FASN,USP14
1296,FASN,TM9SF3
1297,FASN,ACSL1
1298,FASN,UBA5
1299,FASN,MAP4K4
1300,FASN,ACSL3
1301,FASN,ALG9
1302,FASN,MATR3
1303,FASN,INPP5K
1304,FASN,SCAP
1305,FASN,ALG3
1306,FASN,JTB
1307,FASN,TSSC1
1308,FASN,USP9X
1309,FASN,PHF12
1310,FASN,SAR1A
1311,FASN,DPM1
1312,FASN,LDHB
1313,FASN,KIF23
1314,FASN,SLC39A9
1315,FASN,GCLC
1316,FASN,ASPM
1317,FASN,FCHO2
1318,FASN,UROS
1319,FASN,ZFP36L2
1320,FASN,HNRNPF
1321,FASN,KPNA4
1322,FASN,WDR83OS
1323,FASN,C12orf66
1324,FASN,UBR4
1325,FASN,LCMT1
1326,FASN,CDK5
1327,FASN,SLC33A1
1328,FASN,KCTD5
1329,FASN,CLASP2
1330,FASN,ALDH3A2
1331,FASN,PTAR1
1332,FASN,DEPDC5
1333,FASN,TBC1D20
1334,FASN,SZT2
1335,FASN,CHKA
1336,FASN,GATAD1
1337,FASN,EDC3
1338,FASN,MIB1
1339,FASN,SGPL1
1340,FASN,INPPL1
1341,FASN,VDAC2
1342,FASN,TMEM68
1343,FASN,TSC2
1344,FASN,KHDRBS1
1345,FASN,SLC35A2
1346,FASN,ALDH18A1
1347,FASN,RABGEF1
1348,FASN,PAXIP1
1349,FASN,WAC
1350,FASN,DOLPP1
1351,FASN,ILF3
1352,FASN,SLC35A1
1353,FASN,GET4
1354,FASN,PSMF1
1355,FASN,MCM8
1356,FASN,SEC16A
1357,FASN,PPHLN1
1358,FASN,MAD2L1BP
1359,FASN,NPRL2
1360,FASN,MBTPS2
1361,FASN,SBDS
1362,FASN,STRAP
1363,FASN,RICTOR
1364,FASN,CCDC101
1365,FASN,HK2
1366,FASN,PARN
1367,FASN,RPS25
1368,FASN,MAPKAP1
1369,FASN,HEATR3
1370,FASN,LAMTOR5
1371,FASN,SCD
1372,FASN,VDAC1
1373,FASN,TADA2B
1374,FASN,HSPA14
1375,FASN,PFKP
1376,FASN,MLST8
1377,FASN,C1orf115
1378,FASN,ZBTB2
1379,FASN,ATIC
1380,FASN,CYB5B
1381,FASN,NSUN2
1382,FASN,RPLP2
1383,FASN,DYRK1A
1384,FASN,BRD7
1385,FASN,RPS18
1386,FASN,C19orf53
1387,FASN,EIF4G1
1388,FASN,SP1
1389,FASN,NELFE
1390,FASN,SERPINB3
1391,FASN,PELO
1392,FASN,DPH1
1393,FASN,RPL36
1394,FASN,SLTM
1395,FASN,NRBP1
1396,FASN,CDK4
1397,FASN,TAZ
1398,FASN,RPS10
1399,FASN,MED12
1400,FASN,CCNC
1401,FASN,PGP
1402,FASN,EXOSC1
1403,FASN,XPO4
1404,FASN,CDK8
1405,FASN,RERE
1406,FASN,IER3IP1
1407,FASN,CSRP2BP
1408,FASN,EIF4A1
1409,FASN,SLC4A7
1410,FASN,CCNA2
1411,FASN,PBRM1
1412,FASN,MBD3
1413,FASN,PIK3CA
1414,FASN,WDR43
1415,FASN,LRRC41
1416,FASN,CCDC51
1417,FASN,RPS23
1418,FASN,NCBP2
1419,FASN,MYLIP
1420,FASN,TPK1
1421,FASN,GTPBP2
1422,FASN,CRAMP1L
1423,FASN,MTF2
1424,FASN,DBF4
1425,FASN,DERL2
1426,FASN,SMARCD1
1427,FASN,SLC52A2
1428,FASN,MGAT2
1429,FASN,NIPBL
1430,FASN,EAF1
1431,FASN,KEAP1
1432,FASN,MON2
1433,FASN,ZSWIM6
1434,FASN,PRKCSH
1435,FASN,MPDU1
1436,FASN,MAU2
1437,FASN,ALG6
1438,FASN,SAFB
1439,FASN,CLCC1
1440,FASN,CAPN15
1441,FASN,SLC25A13
1442,FASN,TAF4
1443,FASN,CHD1
1444,FASN,SOX4
1445,FASN,RFWD2
1446,FASN,MTF1
1447,FASN,TSC1
1448,FASN,MORC2
1449,FASN,UFC1
1450,FASN,CUL5
1451,FASN,SALL1
1452,FASN,PLCG1
1453,FASN,TGIF2
1454,FASN,EP300
1455,FASN,ANKRD32
1456,FASN,TEAD1
1457,FASN,CNOT2
1458,FASN,NARS
1459,FASN,NAA35
1460,FASN,SMARCAL1
1461,FASN,MCM9
1462,FASN,RAB1A
1463,FASN,PGM3
1464,FASN,MPHOSPH8
1465,FASN,LPCAT1
1466,FASN,EIF3K
1467,FASN,OTUD5
1468,FASN,ZFX
1469,FASN,ALG8
1470,FASN,TADA1
1471,FASN,MBNL1
1472,FASN,SUPT20H
1473,FASN,TAF5L
1474,FASN,MTX1
1475,FASN,STIP1
1476,FASN,MGA
1477,FASN,RPRD1B
1478,FASN,THRA
1479,FASN,RPRD1A
1480,FASN,TAF6L
1481,FASN,TADA2A
1482,FASN,ZC3H7A
1483,FASN,KMT2A
1484,FASN,FAM122A
1485,FASN,ZNRD1
1486,FASN,UBE2R2
1487,FASN,PDGFRA
1488,FASN,RPS5
1489,FASN,ATF4
1490,FASN,EIF4B
1491,FASN,PSMD2
1492,FASN,CHD8
1493,FASN,ING5
1494,FASN,BRPF3
1495,FASN,SAMD1
1496,FASN,RNF214
1497,FASN,PDCD5
1498,FASN,ERI1
1499,FASN,KIAA0922
1500,FASN,TCEB3
1501,FASN,BZW1
1502,FASN,MEAF6
1503,FASN,LAMTOR4
1504,FASN,CDC25A
1505,FASN,YY1
1506,FASN,ZNF292
1507,FASN,CDK13
1508,FASN,UBE4A
1509,FASN,KPNA4
1510,FASN,WNK1
1511,FASN,TAS2R42
1512,FASN,AHCYL1
1513,FASN,PPAT
1514,FASN,OLA1
1515,FASN,GPATCH4
1516,FASN,NASP
1517,FASN,ARID2
1518,FASN,RRAGA
1519,FASN,AHR
1520,FASN,ASF1A
1521,FASN,GNPTAB
1522,FASN,PC
1523,FASN,SOX12
1524,FASN,SESN2
1525,FASN,NRBP1
1526,FASN,UBE2J2
1527,FASN,E2F7
1528,FASN,MFSD2A
1529,FASN,GLTSCR1
1530,FASN,BRD4
1531,FASN,RAB10
1532,FASN,HEATR1
1533,FASN,DDX54
1534,FASN,TECR
1535,FASN,TLK2
1536,FASN,ARID5B
1537,FASN,CTR9
1538,FASN,CAND1
1539,FASN,DNAJB9
1540,FASN,KCMF1
1541,FASN,SMG7
1542,FASN,C1orf27
1543,FASN,RER1
1544,FASN,BOLA3
1545,FASN,WDR82
1546,FASN,NF2
1547,FASN,PTDSS1
1548,FASN,FBXO11
1549,FASN,CDK6
1550,FASN,YLPM1
1551,FASN,SLC20A1
1552,FASN,MED13
1553,FASN,IPO9
1554,FASN,TSC22D2
1555,FASN,ALKBH8
1556,FASN,WDR59
1557,FASN,CCND3
1558,FASN,DPH5
1559,FASN,RBM26
1560,FASN,DNAJC24
1561,FASN,FOXM1
1562,FASN,ICE2
1563,FASN,TRPM7
1564,FASN,RBM7
1565,FASN,PHF23
1566,FASN,PITRM1
1567,FASN,ZNF622
1568,FASN,PHF10
1569,FASN,MECOM
1570,FASN,LIN28B
1571,FASN,NHLRC2
1572,FASN,IRF2
1573,FASN,DIAPH3
1574,FASN,DPH6
1575,FASN,GSR
1576,FASN,DHDDS
1577,FASN,ADRM1
1578,FASN,CGGBP1
1579,MKI67,DNAH3
1580,ACACA,FASN
1581,FASN,SYS1
1582,FASN,BAHD1
1583,FASN,IWS1
1584,FASN,PCNT
1585,FASN,CDC45
1586,FASN,CDC16
1587,FASN,TRAPPC3
1588,FASN,PQLC2
1589,FASN,PHF5A
1590,FASN,SMC3
1591,FASN,NOSIP
1592,FASN,INPP5B
1593,FASN,SENP8
1594,FASN,ATAD2
1595,FASN,LENG8
1596,FASN,FRZB
1597,FASN,GNA13
1598,FASN,INTS2
1599,FASN,FBXL5
1600,FASN,TGFBR1
1601,FASN,SPNS1
1602,FASN,FITM2
1603,FASN,FLNA
1604,FASN,WWOX
1605,FASN,WBSCR16
1606,FASN,ELK1
1607,FASN,FBXO21
1608,FASN,PRKAG1
1609,FASN,ZMYM4
1610,FASN,NSMCE1
1611,FASN,HELZ
1612,FASN,THOC3
1613,FASN,XPO1
1614,FASN,FASTKD5
1615,FASN,COG2
1616,FASN,TLK1
1617,FASN,CDK5RAP3
1618,FASN,GFPT1
1619,FASN,PSMD4
1620,FASN,ANKS1A
1621,FASN,ANAPC11
1622,FASN,PIK3R2
1623,FASN,OR2F2
1624,FASN,REST
1625,FASN,CLEC14A
1626,FASN,TRUB2
1627,FASN,PTPLAD1
1628,FASN,NUSAP1
1629,FASN,COA6
1630,FASN,COLEC10
1631,FASN,RAB2A
1632,FASN,DHX36
1633,FASN,SLC22A9
1634,FASN,MCM3AP
1635,FASN,HNRNPA1
1636,FASN,MARCH5
1637,FASN,TRIB3
1638,FASN,MRE11A
1639,FASN,LYSMD4
1640,FASN,ZNF408
1641,FASN,SLC7A6OS
1642,FASN,STRA6
1643,FASN,TMEM258
1644,FASN,MCUR1
1645,FASN,DIO1
1646,FASN,CSNK2A1
1647,FASN,SLC6A9
1648,FASN,BTBD7
1649,FASN,EXOSC1
1650,FASN,VRK1
1651,FASN,ACAD9
1652,FASN,LRRC20
1653,FASN,MUC12
1654,FASN,ETFA
1655,FASN,OR2G6
1656,FASN,PRDM10
1657,FASN,FBXO42
1658,FASN,SCAI
1659,FASN,SYVN1
1660,FASN,PPIL3
1661,FASN,GRIK2
1662,FASN,PKMYT1
1663,FASN,PPP2R5C
1664,FASN,CAMK2G
1665,FASN,SLC7A1
1666,FASN,HTRA2
1667,FASN,C11orf73
1668,FASN,MTFMT
1669,FASN,NOC4L
1670,FASN,H2AFZ
1671,FASN,EIF2D
1672,FASN,TLE1
1673,FASN,SLC16A1
1674,FASN,KLF12
1675,FASN,RNF219
1676,FASN,ACTG1
1677,FASN,EFTUD1
1678,FASN,LINS
1679,FASN,PIK3CB
1680,FASN,ENDOD1
1681,FASN,HTT
1682,FASN,SRSF5
1683,FASN,CETN1
1684,FASN,DLL4
1685,FASN,ITGB5
1686,FASN,GLI3
1687,FASN,NCOA1
1688,FASN,UBL4A
1689,FASN,TWIST1
1690,FASN,SGTA
1691,FASN,FBXL4
1692,FASN,OR4K1
1693,FASN,SLC12A1
1694,FASN,POU2F1
1695,FASN,SCG3
1696,FASN,EDEM2
1697,FASN,NR5A2
1698,FASN,PIGH
1699,FASN,C9orf9
1700,FASN,ATP5L
1701,FASN,RPS3A
1702,FASN,NDUFB7
1703,FASN,AAAS
1704,FASN,HSD11B1L
1705,FASN,COQ4
1706,FASN,RASGRP4
1707,FASN,LAMTOR2
1708,FASN,HABP4
1709,FASN,ZSWIM3
1710,FASN,SUMO4
1711,FASN,NHS
1712,FASN,PCED1B
1713,FASN,GATA2
1714,FASN,REPIN1
1715,FASN,R3HDM1
1716,FASN,ZFP41
1717,FASN,APLP2
1718,FASN,ZBED4
1719,FASN,DACH2
1720,FASN,XYLT2
1721,FASN,PIM3
1722,FASN,PLEKHA3
1723,FASN,COMMD6
1724,FASN,ESRRG
1725,FASN,TEX43
1726,FASN,PTRH2
1727,FASN,FIBP
1728,FASN,KPTN
1729,FASN,PLEKHA3
1730,FASN,MANF
1731,FASN,INPP4A
1732,FASN,BIRC6
1733,FASN,SRSF5
1734,FASN,GGNBP2
1735,FASN,XRN1
1736,FASN,SMS
1737,FASN,PDCD6IP
1738,FASN,RAB3GAP1
1739,FASN,TMEM30A
1740,FASN,ALG12
1741,FASN,UGP2
1742,FASN,TMEM147
1743,FASN,SEL1L
1744,FASN,NAA40
1745,FASN,PFN1
1746,FASN,PNRC2
1747,FASN,CKAP2L
1748,FASN,PTPLB
1749,FASN,GPS2
1750,FASN,NMNAT1
1751,FASN,C1orf43
1752,FASN,PAGR1
1753,FASN,ATP13A1
1754,FASN,KMT2C
1755,FASN,COIL
1756,FASN,PES1
1757,FASN,CNNM3
1758,FASN,LSM6
1759,FASN,MBTPS1
1760,FASN,SMPD1
1761,FASN,EIF1
1762,FASN,CEPT1
1763,FASN,VPS72
1764,FASN,VPS52
1765,FASN,KDM5A
1766,FASN,FECH
1767,FASN,ILF2
1768,FASN,NAMPT
1769,FASN,UBE2G2
1770,FASN,C15orf57
1771,FASN,DIS3L2
1772,FASN,GGPS1
1773,FASN,C11orf30
1774,FASN,TRAPPC2L
1775,FASN,TMED2
1776,FASN,CNOT11
1777,FASN,VPS16
1778,FASN,SLC6A8
1779,FASN,MBTD1
1780,FASN,AIG1
1781,FASN,TMED9
1782,FASN,FANCD2
1783,FASN,ITFG2
1784,FASN,TBC1D7
1785,FASN,YTHDF2
1786,FASN,C20orf24
1787,FASN,PRMT1
1788,FASN,XRCC2
1789,FASN,MSL1
1790,FASN,DMAP1
1791,FASN,BAG6
1792,FASN,GTF2E2
1793,FASN,ATL2
1794,FASN,NBAS
1795,FASN,GTF2I
1796,FASN,EDC4
1797,FASN,AUP1
1798,FASN,KCNK2
1799,FASN,UBE2J1
1800,FASN,AURKA
1801,FASN,TRIP13
1802,FASN,VEZF1
1803,FASN,CPEB1
1804,FASN,RBM7
1805,FASN,GSS
1806,FASN,CXorf56
1807,FASN,UBE2V2
1808,FASN,PARP1
1809,FASN,OAZ1
1810,FASN,ATAD3A
1811,FASN,TMEM165
1812,FASN,SFXN1
1813,FASN,SMC6
1814,FASN,VPS54
1815,FASN,RAB5C
1816,FASN,ZFAT
1817,FASN,SCAF1
1818,FASN,DET1
1819,FASN,TMED10
1820,FASN,GIGYF2
1821,FASN,SEC63
1822,FASN,UBE2T
1823,FASN,STT3B
1824,FASN,TRAPPC13
1825,FASN,MRPS9
1826,FASN,PPME1
1827,FASN,USP3
1828,FASN,RPL13
1829,FASN,ELF2
1830,FASN,TADA3
1831,FASN,RAB14
1832,FASN,EIF3J
1833,FASN,HEATR1
1834,FASN,RNF130
1835,FASN,NCOA5
1836,FASN,UBE3D
1837,FASN,TRMT1
1838,FASN,BAK1
1839,FASN,UBP1
1840,FASN,SPTLC2
1841,FASN,GRB2
1842,FASN,DPH2
1843,FASN,HDLBP
1844,FASN,ZNF574
1845,FASN,PGLS
1846,FASN,RPS15A
1847,FASN,TTC4
1848,FASN,CDK2
1849,FASN,ZNF609
1850,FASN,USP1
1851,FASN,WDR24
1852,FASN,HIC2
1853,FASN,UBA3
1854,FASN,MAPK6
1855,FASN,KLF16
1856,FASN,METTL23
1857,FASN,HSPH1
1858,FASN,MED1
1859,FASN,CDV3
1860,FASN,SF3B3
1861,FASN,ARNT
1862,FASN,HNRNPR
1863,FASN,TRIM28
1864,FASN,POLR1E
1865,FASN,MAPKAPK5
1866,FASN,ATXN2L
1867,FASN,SPTLC1
1868,FASN,TAX1BP3
1869,FASN,ZNF236
1870,FASN,TPT1
1871,FASN,ELAVL1
1872,FASN,KLLN
1873,FASN,PAPSS2
1874,FASN,CBX3
1875,FASN,C19orf43
1876,FASN,TAF3
1877,FASN,CNOT1
1878,FASN,ATP6V1E1
1879,FASN,PPP2R5E
1880,FASN,KHSRP
1881,FASN,USP19
1882,FASN,TGIF1
1883,FASN,TFAP4
1884,FASN,NUAK1
1885,FASN,C1orf35
1886,FASN,C19orf10
1887,FASN,MARK3
1888,FASN,DNM1L
1889,FASN,RASEF
1890,FASN,RBM5
1891,FASN,GPATCH8
1892,FASN,LIN28A
1893,FASN,LMBR1
1894,FASN,NUDC
1895,FASN,MFGE8
1896,FASN,RECQL5
1897,FASN,GCSH
1898,FASN,RLF
1899,FASN,PPP2CA
1900,FASN,C2CD5
1901,FASN,TTK
1902,FASN,BMP1
1903,FASN,PABPC4L
1904,FASN,MCM6
1905,FASN,LMAN1L
1906,FASN,MRPL14
1907,FASN,CDK9
1908,FASN,UBN1
1909,FASN,TRIM56
1910,FASN,TEX19
1911,FASN,HAUS3
1912,FASN,SIN3B
1913,FASN,OR4D1
1914,FASN,CEP85
1915,FASN,DCTN1
1916,FASN,NF1
1917,FASN,LTBP1
1918,FASN,CCL11
1919,FASN,LIN52
1920,FASN,GPR107
1921,FASN,SOWAHB
1922,FASN,EZH2
1923,FASN,GABPB1
1924,FASN,DTL
1925,FASN,STRADA
1926,FASN,SCAPER
1927,FASN,HECA
1928,FASN,ALOX12
1929,FASN,LLGL2
1930,FASN,TAS1R1
1931,FASN,MAML2
1932,FASN,SLC34A3
1933,FASN,BAP1
1934,FASN,AMHR2
1935,FASN,CYB5R4
1936,FASN,RGL4
1937,FASN,RNASEH2B
1938,FASN,C2orf72
1939,FASN,ARHGEF28
1940,FASN,DDOST
1941,FASN,ATP13A3
1942,FASN,TRA2A
1943,FASN,NUP188
1944,FASN,SLC39A8
1945,FASN,GJD2
1946,FASN,NIT1
1947,FASN,C15orf40
1948,FASN,BSG
1949,FASN,CCNT2
1950,FASN,PTP4A1
1951,FASN,KIAA0020
1952,FASN,PAFAH1B2
1953,FASN,OR13C8
1954,FASN,PAPOLG
1955,FASN,GFI1
1956,FASN,TCEA1
1957,FASN,RNF187
1958,FASN,SLC38A2
1959,FASN,HCFC2
1960,FASN,RPL35
1961,FASN,FAM169A
1962,FASN,RUFY1
1963,FASN,HAUS6
1964,FASN,NUDT4
1965,FASN,MRPS18C
1966,FASN,SUV39H1
1967,FASN,HYPK
1968,FASN,CHEK2
1969,FASN,CLDN5
1970,FASN,CCDC50
1971,FASN,ZBTB40
1972,FASN,SUB1
1973,FASN,PACRGL
1974,FASN,UBTF
1975,FASN,GBA
1976,FASN,GMPR
1977,FASN,RPL11
1978,FASN,MRAP
1979,FASN,NDUFB9
1980,FASN,SPG11
1981,FASN,C10orf90
1982,FASN,PPP4R4
1983,LDLR,FASN
1984,LDLR,MASP1
1985,SREBF2,FASN
1986,C12orf49,FASN
1987,HNRNPH1,OBSCN
1988,BCAR1,PCK2
1989,BCAR1,IFT172
1990,BCAR1,NAV1
1991,CLPP,PCK2
1992,SUMO2,FASN
1993,NDN,FASN
1994,NONO,PCK2
1995,Rnf183,FASN
1996,AGR2,FASN
1997,BRD4,FASN
1998,RBM45,FASN
1999,C18orf8,PCK2
2000,BRD4,FASN
2001,Apc2,FASN
2002,RBM39,FASN
2003,TNC,ANXA2
2004,SMOC1,TNC
2005,TNC,SMOC1
2006,TNC,SMOC1
2007,TNC,SMOC2
2008,TNC,SPARC
2009,TNC,SMOC1
2010,TNC,FN1
2011,TNC,PGK1
2012,TNC,CLU
2013,TNC,NID2
2014,LGALS9,FASN
2015,HSP90AA1,HSPG2
2016,HSP90AA1,FASN
2017,IFI16,OBSCN
2018,Yap1,FASN
2019,WDR76,HSPG2
2020,NR3C1,PCK2
2021,NR3C1,FAT4
2022,NR3C1,TNC
2023,USP10,FASN
2024,CUL4A,OBSCN
2025,CUL4A,PCK2
2026,INSIG1,FASN
2027,INSIG1,HSPG2
2028,INSIG2,FASN
2029,RIN3,FASN
2030,DNAJC5,SBF1
2031,PRKACA,SBF1
2032,DNAJC7,SBF1
2033,FBXO6,HSPG2
2034,FBXO6,TNC
2035,TRIM37,NAV1
2036,nsp2,FASN
2037,ISG15,FASN
2038,TULP3,SBF1
2039,PARK2,FASN
2040,UFL1,FASN
2041,UFL1,HEPHL1
2042,DDRGK1,FASN
2043,DDRGK1,SBF1
2044,TP53,FASN
2045,TP53,IFT172
2046,LINC00152,FASN
2047,AIFM1,PCK2
2048,AMOT,NAV1
2049,AP2B1,NAV1
2050,ARF6,SBF1
2051,B3GAT1,LRP5
2052,C17orf59,NAV1
2053,C11orf52,SBF1
2054,CEP135,NAV1
2055,DCTN1,NAV1
2056,ELOVL5,LRP5
2057,GOLGA1,NAV1
2058,KDM1A,NAV1
2059,KRAS,SBF1
2060,KRT8,NAV1
2061,LAMP1,SBF1
2062,LCK,NAV1
2063,MAPRE1,NAV1
2064,MAPRE3,NAV1
2065,NDC80,NAV1
2066,PCM1,IFT172
2067,PCM1,NAV1
2068,PDHA1,PCK2
2069,PEX14,NAV1
2070,PFN1,NAV1
2071,RAB35,SBF1
2072,RHOB,SBF1
2073,SQSTM1,IFT172
2074,SQSTM1,NAV1
2075,STX4,NAV1
2076,SYNE3,NAV1
2077,TRAP1,PCK2
2078,TRIM36,NAV1
2079,VCL,NAV1
2080,VIM,NAV1
2081,TRIM37,MYH4
2082,USP11,FASN
2083,FZR1,FASN
2084,FXR1,ADAMTSL4
2085,MBD1,TNC
2086,WDR5,FASN
2087,WDR5,PCK2
2088,WDR5,HEPHL1
2089,PAGE4,FASN
2090,NUDCD2,OBSCN
2091,NAA40,FASN
2092,BGLT3,FASN
2093,PTGES3,SBF1
2094,BRK1,NAV1
2095,CPLX3,HEPHL1
2096,CLU,FAT4
2097,MYH4,SORCS2
2098,DKKL1,LRP5
2099,IGFL3,LRP5
2100,PCK2,ZMYM2
2101,YWHAB,NAV1
2102,IFT22,IFT172
2103,MYH4,MEGF9
2104,LGALS1,FAT4
2105,HEPN1,HEPHL1
2106,NSMAF,HEPHL1
2107,MGAT4C,LRP5
2108,PCK2,IGHA1
2109,PCK2,IGHA2
2110,DNAJC7,IFT172
2111,LIMS1,MYH4
2112,DOLPP1,HEPHL1
2113,TREX2,PPL
2114,PPP2R2B,HEPHL1
2115,DKKL1,FAT4
2116,RBM24,PPL
2117,CSNK1A1,LRP5
2118,GPR17,NAV1
2119,GPATCH2,LRP5
2120,FGF8,IFT172
2121,CDK15,PPL
2122,PCK2,BPIFA1
2123,SUSD3,PPL
2124,TFPI2,IFT172
2125,TTC30A,IFT172
2126,LGI1,LRP5
2127,TFG,HEPHL1
2128,PSME1,SBF1
2129,H2BFWT,HSPG2
2130,PNMA2,SBF1
2131,TAZ,LRP5
2132,HBQ1,FASN
2133,LIPH,LRP5
2134,PPL,HERC2
2135,MYH4,GNAO1
2136,SUSD4,LRP5
2137,CCL17,LRP5
2138,CHST9,LRP5
2139,OAZ3,HEPHL1
2140,LZTR1,MYH4
2141,CD80,NAV1
2142,SGOL2,HEPHL1
2143,B4GALT2,FAT4
2144,OVOL2,LRP5
2145,GFOD1,SBF1
2146,FAM19A5,FAT4
2147,TLE3,MYH4
2148,FAM227B,PPL
2149,RAB6B,SBF1
2150,LRRC4C,LRP5
2151,P2RY10,NAV1
2152,GPIHBP1,LRP5
2153,DNA2,FAT4
2154,ST6GALNAC6,PPL
2155,HMGB3P1,FASN
2156,EFNB2,SBF1
2157,MYH4,MYH7
2158,MYH4,MYH8
2159,MYH4,PALM3
2160,MAGEA8,NAV1
2161,KLHL11,HEPHL1
2162,DUSP16,NAV1
2163,PRSS37,LRP5
2164,FASN,KIF3A
2165,SCGB1D1,LRP5
2166,PCK2,AHNAK2
2167,DCANP1,FAT4
2168,MRPL38,HEPHL1
2169,PSG8,FAT4
2170,SERPINA12,LRP5
2171,C2orf48,FAT4
2172,SNAPC4,IFT172
2173,KIR3DS1,PPL
2174,PCK2,LONP1
2175,DTX4,FAT4
2176,CXorf66,HEPHL1
2177,MYH4,CNTN1
2178,PPL,AHNAK
2179,ZBBX,FAT4
2180,DNAJA2,IFT172
2181,MYH4,GAP43
2182,TRAK1,IFT172
2183,ACAD9,PPL
2184,RSPH6A,MYH4
2185,PPL,UBR5
2186,LZTS2,SBF1
2187,LOC254896,FAT4
2188,CCT8L2,NAV1
2189,XCL1,FAT4
2190,CSNK1A1L,LRP5
2191,AURKC,MYH4
2192,IFNE,FAT4
2193,PDE4DIP,PPL
2194,KRT2,IFT172
2195,DKK2,LRP5
2196,NUP62CL,NAV1
2197,TTC30B,IFT172
2198,MYH3,MYH4
2199,NRSN1,LRP5
2200,PIP4K2A,SBF1
2201,UGT1A10,PPL
2202,TGFBR2,SBF1
2203,FASN,C10orf76
2204,C7orf34,FAT4
2205,EBF2,PPL
2206,TIMP3,LRP5
2207,PPL,SSFA2
2208,TEX35,HEPHL1
2209,RBM45,LRP5
2210,FPR1,NAV1
2211,COG6,NAV1
2212,HIF1A,MYH4
2213,RNF10,LRP5
2214,BRINP3,LRP5
2215,KRT38,NAV1
2216,SIX1,MYH4
2217,HAVCR2,SBF1
2218,LRRC4C,SBF1
2219,ST8SIA4,LRP5
2220,OR2A4,HEPHL1
2221,RYK,FAT4
2222,TINAGL1,HSPG2
2223,FBXO45,FAT4
2224,SLC31A1,SBF1
2225,ZNF383,LRP5
2226,MAP3K14,NAV1
2227,HENMT1,SBF1
2228,FCF1,PPL
2229,PTDSS1,PPL
2230,MYH4,MPP1
2231,BTC,HEPHL1
2232,CMA1,FAT4
2233,PCK2,BPIFB1
2234,WWC1,MYH4
2235,DCDC2B,FAT4
2236,DNMT3B,LRP5
2237,ZC2HC1C,IFT172
2238,ASAH2,MYH4
2239,FBXO2,HSPG2
2240,RCC1,NAV1
2241,IGFBP3,SBF1
2242,IFT27,IFT172
2243,STX17,PPL
2244,APIP,HEPHL1
2245,ETV6,LRP5
2246,CCNYL1,PPL
2247,GUCY1A3,PPL
2248,PPL,ITPR3
2249,C2CD4B,FAT4
2250,SPRR1B,PPL
2251,PCK2,LACRT
2252,RPL23,FAT4
2253,CC2D1B,FAT4
2254,STK11,PPL
2255,POMK,LRP5
2256,MANSC1,SBF1
2257,PCK2,DMBT1
2258,OR51E2,HEPHL1
2259,CD160,FAT4
2260,KRT40,MYH4
2261,HSF2,PPL
2262,GOT1,PPL
2263,NXPH2,FAT4
2264,ZMAT4,HEPHL1
2265,FBXL4,HEPHL1
2266,EFNB1,SBF1
2267,FAM3B,LRP5
2268,PPIAL4G,FAT4
2269,MYH4,EPB41L1
2270,FASN,PTGR2
2271,ZNF408,HSPG2
2272,SEMG2,HEPHL1
2273,CX3CL1,FAT4
2274,OPRL1,NAV1
2275,CX3CL1,SBF1
2276,FCGRT,LRP5
2277,FASN,USP22
2278,F9,LRP5
2279,GPBP1,HEPHL1
2280,CEACAM21,FAT4
2281,RPN2,HEPHL1
2282,SRRT,PPL
2283,PCK2,ALAS1
2284,ZSCAN20,PPL
2285,KRBA1,IFT172
2286,PCK2,MUC5B
2287,HSD17B4,FASN
2288,UCN3,FAT4
2289,RPS14P3,FAT4
2290,CDCA8,MYH4
2291,C4orf26,LRP5
2292,PTDSS1,HEPHL1
2293,IL31RA,HEPHL1
2294,PPL,ITPR2
2295,SLC39A3,MYH4
2296,BACE2,NAV1
2297,NPPB,FAT4
2298,LAIR2,HEPHL1
2299,SSSCA1,SBF1
2300,BTNL9,SBF1
2301,MECOM,MYH4
2302,FAM213A,PPL
2303,TMEM260,MYH4
2304,SELE,SBF1
2305,BAGE2,LRP5
2306,PYHIN1,HEPHL1
2307,YWHAG,NAV1
2308,FBXO3,HEPHL1
2309,BHLHE23,HEPHL1
2310,MYH4,SRC
2311,PCK2,PCK1
2312,SLC6A20,HEPHL1
2313,PCDHGB1,FAT4
2314,NMS,LRP5
2315,IFT57,IFT172
2316,BLOC1S6,NAV1
2317,RASD2,LRP5
2318,KRT27,NAV1
2319,PCK2,ZMYM3
2320,PCK2,ZMYM4
2321,HCN1,PPL
2322,MYH4,C11orf31
2323,C1orf186,SBF1
2324,LACC1,HEPHL1
2325,TEFM,PPL
2326,CCDC53,NAV1
2327,TGS1,MYH4
2328,DISC1,NAV1
2329,DUSP16,IFT172
2330,PPL,NEURL4
2331,ABTB2,MYH4
2332,RIPPLY3,PPL
2333,CARD16,FAT4
2334,HYOU1,FAT4
2335,MYH4,CDCA3
2336,PCK2,RCOR3
2337,PRPS2,SBF1
2338,PCK2,ZG16B
2339,FNDC1,PPL
2340,TBC1D22B,PPL
2341,VTI1B,HEPHL1
2342,DTNBP1,NAV1
2343,PPL,CLMN
2344,CCL19,FAT4
2345,ABTB2,IFT172
2346,KIF3A,HEPHL1
2347,STX17,HEPHL1
2348,PARP16,LRP5
2349,ADAMTS13,FAT4
2350,NDUFS6,PCK2
2351,PNMA2,HEPHL1
2352,RPS15A,FAT4
2353,TRIM52,SBF1
2354,PCK2,GAP43
2355,SOCS1,FAT4
2356,DCDC1,FAT4
2357,FTL,SBF1
2358,FRMD1,PPL
2359,NKAIN3,PPL
2360,CCDC96,IFT172
2361,SOST,LRP5
2362,CORO1A,IFT172
2363,PMM1,HEPHL1
2364,CEACAM8,FAT4
2365,KCNE3,SBF1
2366,KLHL11,PPL
2367,NUP210P1,FAT4
2368,CSTL1,FAT4
2369,PRKY,NAV1
2370,TGIF2LY,LRP5
2371,CD6,SBF1
2372,SYT3,MYH4
2373,AKAP17A,MYH4
2374,OR2A4,PPL
2375,DEFB135,LRP5
2376,CCDC140,LRP5
2377,C1orf189,MYH4
2378,FTH1,PPL
2379,PIPSL,SBF1
2380,MYH4,THYN1
2381,PPP2R2B,PPL
2382,NCR3,LRP5
2383,KXD1,IFT172
2384,DKK4,LRP5
2385,LURAP1,SBF1
2386,CDH5,SBF1
2387,TBC1D14,HEPHL1
2388,SETDB2,HEPHL1
2389,ADAM33,LRP5
2390,DKK1,LRP5
2391,MARCH4,LRP5
2392,SPSB4,FAT4
2393,LIX1L,FAT4
2394,SKAP1,SBF1
2395,LINC01588,FAT4
2396,YWHAH,NAV1
2397,PCK2,SUFU
2398,TCF15,FAT4
2399,PTH2R,NAV1
2400,PPL,TNKS
2401,PIGT,PPL
2402,CTAG1B,SBF1
2403,DUSP14,HEPHL1
2404,PPM1M,SBF1
2405,MBNL1,PPL
2406,CLEC2B,LRP5
2407,B4GALT4,HSPG2
2408,IL17F,HSPG2
2409,WNT10B,LRP5
2410,OBSCN,ATP1A3
2411,UPK1A,PPL
2412,FBXW5,SBF1
2413,OBSCN,SURF1
2414,CAPZA2,HEPHL1
2415,IL5RA,LRP5
2416,IFT46,IFT172
2417,FKBP6,MYH4
2418,CAMKV,HSPG2
2419,OBSCN,SLC1A3
2420,ZC3HC1,PPL
2421,PLD5,HEPHL1
2422,METTL21B,SBF1
2423,FNDC5,PPL
2424,GAA,HSPG2
2425,FIGLA,HSPG2
2426,SNX21,SBF1
2427,TMTC4,HEPHL1
2428,WNT10A,LRP5
2429,SSBP2,PPL
2430,OBSCN,TUBA1A
2431,ZNF444,HSPG2
2432,HLA-G,LRP5
2433,CORO1C,PPL
2434,ISCA2,HEPHL1
2435,KLK5,LRP5
2436,OBSCN,GGT7
2437,APLNR,NAV1
2438,BBOX1,PPL
2439,IQUB,HEPHL1
2440,SDF2L1,HSPG2
2441,PHF11,PPL
2442,PPL,TNKS2
2443,PI15,HSPG2
2444,FBXO6,HSPG2
2445,FASN,ACSL1
2446,NXPH2,LRP5
2447,ADAM30,LRP5
2448,IL5RA,HSPG2
2449,FASN,SLC27A2
2450,ANXA9,PPL
2451,OBSCN,MON2
2452,SPRYD7,SBF1
2453,GPC5,HSPG2
2454,PRG2,LRP5
2455,LATS1,MYH4
2456,TAF6L,MYH4
2457,CCR1,PPL
2458,SDF2L1,LRP5
2459,OPALIN,SBF1
2460,GPR182,NAV1
2461,MFSD4,NAV1
2462,ITGAD,HEPHL1
2463,LIPG,LRP5
2464,NSUN5P1,SBF1
2465,PODN,LRP5
2466,SLC25A6,PPL
2467,CSGALNACT1,HEPHL1
2468,C18orf21,PPL
2469,OBSCN,TUBA4A
2470,BRICD5,HSPG2
2471,FOS,HEPHL1
2472,KLK3,LRP5
2473,PINK1,PPL
2474,RNF115,PPL
2475,YIF1B,HEPHL1
2476,D2HGDH,SBF1
2477,ALDH3B1,SBF1
2478,LRCH1,HEPHL1
2479,KLHL14,SBF1
2480,OBSCN,CBWD3
2481,FNDC5,HSPG2
2482,FGF4,HSPG2
2483,EDN3,LRP5
2484,ST8SIA5,LRP5
2485,POLG2,HEPHL1
2486,SF3B3,SBF1
2487,AGPAT1,PPL
2488,SSUH2,HEPHL1
2489,C1orf35,PPL
2490,CRYBB3,SBF1
2491,SSUH2,PPL
2492,TULP3,HSPG2
2493,DPPA4,PPL
2494,SYNC,PPL
2495,FOSL1,PPL
2496,NPSR1,HEPHL1
2497,UBXN6,NAV1
2498,PPL,ECI2
2499,SIRPD,HSPG2
2500,ZSCAN5A,MYH4
2501,TSPAN33,MYH4
2502,SIRPD,LRP5
2503,LACTB2,MYH4
2504,CRYBA4,SBF1
2505,CRISP2,LRP5
2506,SULT1C4,SBF1
2507,ANXA9,HEPHL1
2508,TFPT,SBF1
2509,UBA5,FASN
2510,SGIP1,HEPHL1
2511,GDF9,HSPG2
2512,B4GALT2,SBF1
2513,DHDH,SBF1
2514,HDHD1,SBF1
2515,HDAC1,MYH4
2516,LYZL1,LRP5
2517,LYPD1,LRP5
2518,BPHL,PPL
2519,PINK1,HEPHL1
2520,C12orf74,NAV1
2521,TMEM87A,LRP5
2522,SYP,HEPHL1
2523,P2RX6,PPL
2524,CHSY3,LRP5
2525,ADAMTS4,LRP5
2526,PRG2,HSPG2
2527,SRMS,HEPHL1
2528,MAP7,SBF1
2529,UBXN6,SBF1
2530,FGF1,HSPG2
2531,SARAF,PPL
2532,FSTL1,HEPHL1
2533,PI15,LRP5
2534,IDS,HSPG2
2535,C1orf106,SBF1
2536,FOXN3,HEPHL1
2537,KDELR2,HEPHL1
2538,DTNBP1,HEPHL1
2539,CFC1,LRP5
2540,CIB2,SBF1
2541,DNASE2B,LRP5
2542,SARAF,HEPHL1
2543,ST3GAL4,LRP5
2544,CCDC101,PPL
2545,VAPB,NAV1
2546,DHRS12,HEPHL1
2547,PPL,USP16
2548,OBSCN,HEATR6
2549,METTL21B,NAV1
2550,PPL,MAP7D1
2551,GPR45,NAV1
2552,DNAJB9,LRP5
2553,LOXL3,HSPG2
2554,FAM167A,PPL
2555,AGPAT1,HEPHL1
2556,EDN3,HSPG2
2557,SRSF10,HEPHL1
2558,TRMT61A,SBF1
2559,KLK15,LRP5
2560,MBNL1,HEPHL1
2561,PPL,MTUS1
2562,CCR1,HEPHL1
2563,INF2,SBF1
2564,APBA3,SBF1
2565,PEMT,HEPHL1
2566,SPRTN,FASN
2567,USP11,PCK2
2568,TBC1D32,NAV1
2569,BTF3,FASN
2570,ZRANB1,SBF1
2571,FBXW7,PCK2
2572,FBXW7,HSPG2
2573,UBR5,MYH4
2574,RPF1,FASN
2575,FGD5,FASN
2576,FGD5,MYH4
2577,FBXL6,FASN
2578,CCNF,FASN
2579,MAP1LC3B,FASN
2580,NBR1,FASN
2581,CALCOCO2,FASN
2582,SQSTM1,FASN
2583,TAX1BP1,FASN
2584,SIRT6,SBF1
2585,DVL2,HMCN1
2586,PER2,FASN
2587,GLI3,HSPG2
2588,E,PDZD2
2589,E,PDZD2
2590,HERC5,HSPG2
2591,Cluh,PCK2
2592,CDC42,SBF1
2593,RAC1,SBF1
2594,RHOG,SBF1
2595,RHOJ,SBF1
2596,RHOQ,SBF1
2597,RAC2,SBF1
2598,RAC3,SBF1
2599,RHOA,SBF1
2600,RHOB,SBF1
2601,RHOC,SBF1
2602,RHOD,SBF1
2603,RHOF,SBF1
2604,RHOU,SBF1
2605,RHOH,SBF1
2606,RND1,SBF1
2607,RND2,SBF1
2608,RND3,SBF1
2609,RHOA,LRP5
2610,RHOJ,LRP5
2611,RAC1,LRP5
2612,RAC2,LRP5
2613,RAC3,LRP5
2614,RAC3,FAT4
2615,RHOB,FAT4
2616,RHOC,FAT4
2617,RHOF,FAT4
2618,CDC42,FAT4
2619,CDC42,LRP5
2620,RHOA,FAT4
2621,ORF3,FASN
2622,SNX8,FASN
2623,FASN,SNX8
2624,TRIM28,FASN
2625,TRIM21,FASN
2626,RFWD2,FASN
2627,SNX8,FASN
2628,ARL6IP6,FASN
2629,CAPZB,FASN
2630,CDS1,FASN
2631,COPZ1,NAV1
2632,CSNK2A2,SBF1
2633,CSNK2B,LYST
2634,CTTN,SBF1
2635,FASN,NSDHL
2636,FKBP5,FASN
2637,HMGN5,FASN
2638,HSPB11,IFT172
2639,MAPRE1,NAV1
2640,MTMR1,SBF1
2641,MTMR2,SBF1
2642,MVD,FASN
2643,PTGES3,SBF1
2644,SAR1B,FASN
2645,SF3A2,FASN
2646,YWHAB,NAV1
2647,YWHAG,NAV1
2648,YWHAH,NAV1
2649,RAB7A,LYST
2650,SNX27,SBF1
2651,SOX2,PPL
2652,MLXIPL,FASN
2653,ATG9B,FASN
2654,PHLPP1,FASN
2655,NUP35,PCK2
2656,WDR5,SBF1
2657,TNFAIP8L1,SBF1
2658,NUP43,PDZD2
2659,PRMT1,FASN
2660,MYCN,PPL
2661,MYCN,LYST
2662,MYC,LYST
2663,PCBP1,FASN
2664,PARK2,FASN
2665,PARK2,HMCN1
2666,PARK2,PCK2
2667,TRIM5,PCK2
2668,TRIM5,FASN
2669,CUL3,FASN
2670,CUL3,TNC
2671,CUL3,HSPG2
2672,CUL3,HMCN1
2673,NAV1,CCNB1
2674,ARL14,FAT4
2675,TRIM23,PPL
2676,AIMP2,FASN
2677,IPO5,FASN
2678,PLOD2,FASN
2679,HNRNPDL,FASN
2680,KIF3B,IFT172
2681,DHX15,FASN
2682,PSMD3,FASN
2683,PPL,SEC31A
2684,PPL,G6PD
2685,PPL,HARS
2686,PPL,COASY
2687,PPL,CUL5
2688,PPL,CNOT10
2689,RNF40,FASN
2690,FLNB,FASN
2691,CSDE1,FASN
2692,PSMD10,FASN
2693,SSB,FASN
2694,EPRS,FASN
2695,HSPA1A,FASN
2696,PRKAR1A,FASN
2697,HSPA5,FASN
2698,HSPA8,FASN
2699,PABPC1,FASN
2700,PLS3,FASN
2701,SNRPB,FASN
2702,DSP,FASN
2703,HSPA6,FASN
2704,PSMC3,FASN
2705,PTPN1,FASN
2706,GSTM3,FASN
2707,FLNA,FASN
2708,AHCY,FASN
2709,EIF4B,FASN
2710,PSMA4,FASN
2711,MAP4,FASN
2712,S100A2,FASN
2713,PPP2R1A,FASN
2714,MAT2A,FASN
2715,AKT2,FASN
2716,CTNNA1,FASN
2717,HSPA9,FASN
2718,CCT6A,FASN
2719,GARS,FASN
2720,IARS,FASN
2721,QARS,FASN
2722,FASN,CCT8
2723,FASN,HNRNPA3
2724,FASN,SMS
2725,FASN,ACLY
2726,FASN,RARS
2727,FASN,MARS
2728,FASN,RAB1A
2729,FASN,PSME1
2730,FASN,KLC1
2731,FASN,AIMP1
2732,FASN,CUL2
2733,FASN,DYNC1H1
2734,FASN,FLNC
2735,FASN,PSMD6
2736,FASN,KARS
2737,FASN,ADRM1
2738,FASN,DPYSL2
2739,FASN,CARM1
2740,FASN,COLGALT1
2741,FASN,SCPEP1
2742,FASN,MAT2B
2743,FASN,LARS
2744,FASN,DNAJB11
2745,FASN,PRPF19
2746,FASN,PSMD13
2747,FASN,NUDC
2748,IFT88,IFT172
2749,PCK2,RBM12
2750,PCK2,CAPN7
2751,HUWE1,IFT172
2752,ARL14EP,IFT172
2753,IFT81,IFT172
2754,HDAC6,FASN
2755,ATP1A1,FASN
2756,RNF43,OBSCN
2757,RNF43,PPL
2758,ORF6,FASN
2759,,
