,INTERACTOR_A,INTERACTOR_B
0,BRCA1,MSH6
1,FGF7,HSPG2
2,ANK1,RHAG
3,ANK1,OBSCN
4,STK19,POLE
5,PHKB,C20orf27
6,HNRNPC,PHKB
7,MMP14,LUM
8,CASP4,MSH6
9,MYC,MSH6
10,MYC,POLE
11,BRCA1,MSH6
12,MSH6,BLM
13,BCAR1,TNS1
14,MSH6,ATM
15,MSH6,MLH1
16,BARD1,MSH6
17,BRCA1,MSH6
18,MRE11A,MSH6
19,MSH2,MSH6
20,NBN,MSH6
21,RAD50,MSH6
22,MSH6,RFC1
23,MED10,MED13
24,MED9,MED13
25,MED29,MED13
26,MED19,MED13
27,MED28,MED13
28,MED26,MED13
29,MSH2,MSH6
30,MSH6,SMC1A
31,LRP1,MMP14
32,EZR,AHNAK
33,RAD17,POLE
34,RAD17,POLE
35,CHD1,BCLAF1
36,CLK1,BCLAF1
37,GAP43,PLCD1
38,ROR2,MAGED1
39,RHAG,ANK1
40,OBSCN,ANK1
41,GRB2,PLEC
42,CDK5RAP2,STARD9
43,CDK5RAP2,MAGEH1
44,CDK5RAP2,PTN
45,CDK5RAP2,SENP2
46,CDK5RAP2,ZPR1
47,CDK5RAP2,C14orf1
48,CDK5RAP2,HAP1
49,CDK5RAP2,KAT5
50,CDK5RAP2,LUC7L2
51,CDK5RAP2,CRMP1
52,CDK5RAP2,RBM48
53,CDK5RAP2,EEF1G
54,TTR,HSPG2
55,HSPG2,TTR
56,PRELP,HSPG2
57,SPTB,ANK1
58,FN1,TNC
59,FN1,TNC
60,TNC,NCAN
61,MSH2,MSH6
62,ANK1,TTN
63,ANK1,TTN
64,FGFBP1,HSPG2
65,FGFBP1,HSPG2
66,TIMP2,MMP14
67,TIMP2,MMP14
68,CDK8,MED13
69,VDR,MED13
70,HSPG2,NID2
71,HSPG2,FN1
72,HSPG2,FBLN2
73,CDK5R1,CDK5RAP2
74,CDK5RAP2,CDK5R1
75,CDK5RAP2,CDK5
76,CDK5R1,CDK5RAP2
77,TOPBP1,POLE
78,NPHP1,TNS1
79,MSH6,PCNA
80,MSH6,PCNA
81,MSH6,PCNA
82,SLC4A1,ANK1
83,SLC4A3,ANK1
84,S100B,AHNAK
85,S100B,AHNAK
86,S100B,AHNAK
87,MMP14,C1QBP
88,PCNA,MSH6
89,PCNA,POLE
90,SPTA1,ANK1
91,ANK1,TIAM1
92,TIAM1,ANK1
93,TIAM1,ANK1
94,SPOCK3,MMP14
95,LAMA1,HSPG2
96,PLEC,VIM
97,PLEC,MAP2
98,PLEC,SPTA1
99,PLEC,SPTAN1
100,VIM,PLEC
101,SPTAN1,PLEC
102,HSPG2,FBLN2
103,ESR1,MED13
104,CDK8,MED13
105,MSH6,MSH2
106,MSH2,MSH6
107,HSPG2,PDGFA
108,HSPG2,PDGFB
109,FGF7,HSPG2
110,FGF7,HSPG2
111,MSH2,MSH6
112,TGM2,PLCD1
113,MED1,MED13
114,MED10,MED13
115,MED1,MED13
116,MED10,MED13
117,MED28,MED13
118,MED29,MED13
119,MED18,MED13
120,MED30,MED13
121,USP20,PLEC
122,PAN2,PLEC
123,KCTD13,PLEC
124,PMS2,MSH6
125,AIRE,MSH6
126,MSH6,ATR
127,MSH6,TOPBP1
128,MSH6,CLSPN
129,MSH6,CHEK1
130,ATR,MSH6
131,CLSPN,MSH6
132,TOPBP1,MSH6
133,CHEK1,MSH6
134,EGFR,AHNAK
135,IKBKG,ROR2
136,CLN3,RIF1
137,FYCO1,C18orf8
138,FYCO1,CCZ1
139,FYCO1,MAP4
140,FYCO1,MON1B
141,FYCO1,LMNA
142,FYCO1,RPA2
143,FYCO1,TMPO
144,FYCO1,RPA1
145,FYCO1,SEC23B
146,FYCO1,SEC24B
147,FYCO1,CCAR1
148,FYCO1,FOXK1
149,FYCO1,RPA3
150,FYCO1,EMD
151,FYCO1,KIF5B
152,FYCO1,KIF23
153,MAP1LC3A,FYCO1
154,MAP1LC3B,FYCO1
155,PLEKHA5,PLEC
156,YWHAZ,TNS1
157,GRB2,RIF1
158,PRKCZ,MSH6
159,SRRM1,BCLAF1
160,SRRM2,PLEC
161,TRRAP,MED13
162,SREBF1,MED13
163,SUPT3H,MED13
164,MORF4L1,MSH6
165,MED12,MED13
166,MED1,MED13
167,MED18,MED13
168,ZC3H13,MED13
169,MED28,MED13
170,TRIP4,MED13
171,OBFC1,MED13
172,QKI,MED13
173,TADA2A,MED13
174,TERF2,MYOM2
175,ETS1,PLEC
176,MYC,POLE
177,MYC,MSH6
178,RYK,CELSR2
179,PCNA,POLE
180,SREBF1,MED13
181,VDR,MED13
182,CDK8,MED13
183,MED1,MED13
184,MED25,MED13
185,MED15,MED13
186,TJP1,PLEC
187,CACNA1A,HSPG2
188,UBE3A,PHKB
189,EP300,MSH6
190,CREBBP,MSH6
191,SREBF1,MED13
192,YWHAG,BCLAF1
193,Erh,BCLAF1
194,AI837181,AHNAK
195,Tpr,AHNAK
196,Ndc80,PHKB
197,Ccdc15,AHNAK
198,Cdk1,AHNAK
199,Slc25a4,BCLAF1
200,Cdc6,BCLAF1
201,Tipin,BCLAF1
202,Mad2l1,BCLAF1
203,Spag5,CDK5RAP2
204,Csnk1e,AHNAK
205,MED10,MED13
206,CDK8,MED13
207,SIRT3,RIF1
208,BARD1,MSH6
209,KLF10,TNS1
210,OSGEP,TNS1
211,RALA,PLCD1
212,PLCD1,RALA
213,RALA,PLCD1
214,PCNA,MSH6
215,DTL,MSH6
216,MSH6,CHAF1A
217,MSH6,CHAF1A
218,MSH6,CHAF1A
219,MSH6,PCNA
220,SMARCAD1,MSH6
221,PPP1CA,RIF1
222,MSH6,MSH2
223,MSH6,MLH1
224,MSH6,PMS2
225,MSH6,PMS1
226,MLH1,MSH6
227,MSH2,MSH6
228,PMS2,MSH6
229,PMS1,MSH6
230,ABCA2,CDK5RAP2
231,MED4,MED13
232,STK36,CDK5RAP2
233,BLM,MSH6
234,TP53,MSH6
235,RAD51,MSH6
236,MSH6,BLM
237,MSH6,MSH2
238,XRCC6,MSH6
239,XRCC6,MSH6
240,MSH6,XRCC6
241,MSH6,XRCC5
242,MSH6,PRKDC
243,ARRB1,BCLAF1
244,ARRB2,BCLAF1
245,SIRT7,PLEC
246,SIRT7,AHNAK
247,SIRT7,RIF1
248,SIRT7,MSH6
249,SIRT7,POLE
250,SP1,PLEC
251,POLE2,POLE
252,POLE2,POLE
253,POLE3,POLE
254,POLD4,POLE
255,POLE,GINS4
256,ISG15,AHNAK
257,ISG15,PLEC
258,FBXO25,MSH6
259,POT1,AHNAK
260,CUL3,PLEC
261,CUL3,TMTC2
262,CUL3,MSH6
263,CUL3,BCLAF1
264,CDK2,AHNAK
265,CDK2,PLEC
266,CAND1,BCLAF1
267,ANK1,KCTD6
268,ANK1,KCTD6
269,OBSCN,ANK1
270,CUL3,ANK1
271,SLX4,MSH6
272,LNX1,INSC
273,Mdm2,POLE
274,ATN1,HSPG2
275,GFI1B,HSPG2
276,LRRK2,PLEC
277,GRK5,BCLAF1
278,HUS1,MSH6
279,RAD1,MSH6
280,RAD9A,MSH6
281,HUS1,MSH6
282,RAD1,MSH6
283,RAD9A,MSH6
284,GRB2,HSPG2
285,GRB2,AHNAK
286,MUTYH,MSH6
287,MUTYH,MSH6
288,CDK5RAP2,TUBGCP6
289,CDK5RAP2,TUBGCP5
290,CDK5RAP2,TUBGCP2
291,CDK5RAP2,TUBGCP3
292,CDK5RAP2,NME7
293,CDK5RAP2,MZT2A
294,CDK5RAP2,MZT2B
295,CDK5RAP2,TUBG1
296,CDK5RAP2,TUBGCP5
297,CDK5RAP2,TUBG1
298,ROR2,MAP3K7
299,MAP3K7,ROR2
300,ROR2,DAZAP2
301,ROR2,WNT1
302,EGFR,BCLAF1
303,MAP1LC3A,FYCO1
304,MAP1LC3B,FYCO1
305,RAD23A,SZT2
306,MSH6,MLH1
307,MSH6,PMS2
308,MLH1,MSH6
309,FYCO1,APP
310,PLCD1,APP
311,MSH2,MSH6
312,MED13,MED29
313,MED13,MED24
314,MED13,MED4
315,MED13,MED14
316,MED13,MED16
317,POLE,POLE3
318,POLE,POLE2
319,MED13,MED21
320,MSH6,PCNA
321,POLE,PRIM1
322,ITGB4,PLEC
323,MSH3,MSH6
324,RIF1,TOR1AIP1
325,PITRM1,RIF1
326,RIF1,SUCLG1
327,JUP,PLEC
328,RIF1,TMED9
329,HPDL,RIF1
330,AHNAK,HNRNPD
331,PPT1,RIF1
332,PRDX2,RIF1
333,PHKB,RAVER1
334,NOMO1,PLEC
335,RIF1,MRPL50
336,MTDH,PLEC
337,MSH6,SUPT16H
338,AHNAK2,KRT10
339,PLEC,TRA2A
340,HNRNPL,PLEC
341,GNAI2,PLEC
342,PLEC,SLTM
343,PLEC,UQCRC1
344,ESR1,BCLAF1
345,ESR1,AHNAK
346,ESR1,PLEC
347,DMD,AHNAK
348,BARD1,BCLAF1
349,BRCA1,USH2A
350,PAXIP1,PLCD1
351,PAXIP1,BCLAF1
352,NOTCH1,RIF1
353,TSGA10,PLEC
354,PPP1CC,RIF1
355,FBXW7,MED13
356,FBXW7,MED13
357,FBXW7,MED13
358,MED1,MED13
359,CDK8,MED13
360,SMURF1,BCLAF1
361,AHNAK,FMNL1
362,FMNL1,AHNAK
363,FMNL1,AHNAK
364,FMNL1,PLEC
365,VCP,BCLAF1
366,VCP,PLEC
367,VCP,RIF1
368,BCAR1,MMP14
369,MSH2,MSH6
370,RIF1,TERF2IP
371,ATXN1,SLC6A13
372,PPP1CC,RIF1
373,PPP1CC,TNS1
374,MYC,RIF1
375,VCAM1,PLEC
376,FN1,PLEC
377,FN1,AHNAK
378,FN1,HSPG2
379,HSP90AA1,ROR2
380,ROR2,HSP90AA1
381,CSNK2A1,BCLAF1
382,CSNK2A1,MSH6
383,BRAF,PHKB
384,ATF2,AHNAK
385,IQCB1,FYCO1
386,NOS2,PLEC
387,SMAD9,PLEC
388,MAP1LC3A,FYCO1
389,ITGA4,PLEC
390,SPTBN1,ANK1
391,TGFBR1,ANK1
392,gag-pol,POLE
393,MED19,MED13
394,MED26,MED13
395,CBX8,BCLAF1
396,MSH2,MSH6
397,EMD,BCLAF1
398,BCLAF1,EMD
399,BCLAF1,EMD
400,EMD,BCLAF1
401,MSH6,PCNA
402,MMS19,POLE
403,PHB,PLEC
404,CDK5RAP2,PCNT
405,CDK5RAP2,AKAP9
406,MED19,MED13
407,MED13,MED1
408,MED13,MED26
409,MED13,MED19
410,MED13,MED7
411,PAN2,PLEC
412,PAN2,BCLAF1
413,FYCO1,KDM1A
414,FYCO1,PRMT6
415,LMNA,RIF1
416,HDAC11,BCLAF1
417,HDAC11,MSH6
418,HDAC11,RIF1
419,ANK1,CD44
420,BAG3,BCLAF1
421,BAG3,PLEC
422,ATP4A,AHNAK
423,CDK5RAP2,TSNAX
424,CDK5RAP2,TRIM37
425,CDK5RAP2,PCBD1
426,CDK5RAP2,MAPRE1
427,CDK5RAP2,FBXO25
428,MMP14,RRAD
429,MMP14,PLLP
430,RIF1,SMARCD1
431,POT1,RIF1
432,CDK8,MED13
433,CDK19,MED13
434,CLK3,BCLAF1
435,SRPK2,BCLAF1
436,SRPK1,BCLAF1
437,CLK2,BCLAF1
438,FBXO6,HSPG2
439,TARDBP,BCLAF1
440,TARDBP,AHNAK
441,FYCO1,KDM1A
442,FYCO1,PRMT6
443,PIN1,BCLAF1
444,BAG2,AHNAK
445,PLEC,GBF1
446,ATP6V1B2,MSH6
447,GANAB,MSH6
448,HYOU1,MSH6
449,XRCC6,MSH6
450,PLEC,NCAPH
451,CDK9,PLEC
452,CCAR2,PLEC
453,NCAPG,PLEC
454,RABEP1,PLEC
455,SMC2,PLEC
456,SMC4,PLEC
457,AHNAK2,PSMD14
458,MSH6,SAMHD1
459,MSH6,SUPT5H
460,RPA1,AHNAK
461,RPA2,AHNAK
462,RPA3,AHNAK
463,ASB3,BCLAF1
464,ASB18,BCLAF1
465,ZBTB1,BCLAF1
466,POLK,MSH6
467,PRKACA,CDK5RAP2
468,PRKACB,CDK5RAP2
469,DCP2,PHKB
470,XIRP1,NEB
471,XIRP1,NEBL
472,NEBL,XIRP1
473,NEB,XIRP1
474,NEBL,XIRP1
475,NEBL,XIRP1
476,XIRP1,FLNC
477,XIRP1,ACTA1
478,FLNC,XIRP1
479,FLNC,XIRP1
480,XIRP1,VASP
481,XIRP1,ENAH
482,XIRP1,EVL
483,VASP,XIRP1
484,XIRP1,VASP
485,FAM96A,POLE
486,FAM96B,POLE
487,CIAO1,POLE
488,AURKB,PHKB
489,TP53,PHKB
490,KLHL40,AHNAK
491,SART3,BCLAF1
492,PCNA,MSH6
493,PCNA,POLE
494,RAF1,FYCO1
495,RAPGEF2,PLEC
496,SPTA1,ANK1
497,CAMK2B,PHKB
498,CRX,ROR2
499,CRX,SZT2
500,DAB1,ROR2
501,MMP14,CCDC155
502,ROR2,ROR2
503,ROR2,ZMYM4
504,ROR2,DAZAP2
505,ROR2,RBPMS
506,ROR2,C1orf94
507,ROR2,PRR20A
508,REL,SZT2
509,TCF4,SZT2
510,GABARAPL2,AHNAK2
511,GABARAPL1,AHNAK2
512,AHNAK,AHNAK
513,AHNAK,NOL9
514,SHMT2,SZT2
515,MOV10,FYCO1
516,MOV10,BCLAF1
517,MOV10,ROR2
518,NXF1,BCLAF1
519,NXF1,ROR2
520,NXF1,AHNAK
521,BRCA1,MSH6
522,CUL7,AHNAK
523,CUL7,BCLAF1
524,CUL7,PLEC
525,CUL7,RIF1
526,OBSL1,AHNAK
527,OBSL1,BCLAF1
528,OBSL1,PLEC
529,OBSL1,RIF1
530,CCDC8,AHNAK
531,CCDC8,PLEC
532,EZH2,PLEC
533,SUZ12,PLEC
534,SUZ12,BCLAF1
535,SUZ12,CDK5RAP2
536,EED,RIF1
537,EED,PLEC
538,RNF2,BCLAF1
539,BMI1,PLEC
540,BMI1,BCLAF1
541,CALM1,PHKB
542,EGFR,BCLAF1
543,FOXRED2,USH2A
544,SUMO2,AHNAK
545,SIRT6,MSH6
546,LUZP4,BCLAF1
547,POLE,POLE2
548,TEX35,PLCD1
549,MED7,MED13
550,FYCO1,CCT7
551,FYCO1,CCT6B
552,FYCO1,CCT6A
553,FYCO1,CCT2
554,FYCO1,CCT3
555,FYCO1,DTNA
556,FYCO1,TCP1
557,FYCO1,MLYCD
558,FYCO1,SASS6
559,KLK11,FRAS1
560,C1QTNF2,SZT2
561,SOCS6,PLEC
562,SOCS6,CDK5RAP2
563,SPIN1,BCLAF1
564,TAZ,FRAS1
565,MLF1,CDK5RAP2
566,NXPH2,FRAS1
567,NXPH2,CELSR2
568,SUSD4,FRAS1
569,USP36,CELSR2
570,KLK5,FRAS1
571,KLK5,CELSR2
572,CCDC101,FYCO1
573,DTWD2,POLE
574,DTWD2,CELSR2
575,ZPBP2,FRAS1
576,CCNC,MED13
577,PRPS1,CDK5RAP2
578,DOK4,PHKB
579,LRRC46,POLE
580,NAALADL2,CELSR2
581,PPP1CC,RIF1
582,PVRIG,FRAS1
583,PYCR2,AHNAK2
584,RAB11B,PLCD1
585,MPPED1,PHKB
586,PPP1CA,RIF1
587,TRUB2,FYCO1
588,PRMT8,BCLAF1
589,CCDC68,FYCO1
590,CCDC68,PLEC
591,PRKAR2B,CDK5RAP2
592,CARD9,CDK5RAP2
593,DDX19B,PLEC
594,TFDP3,PLEC
595,DTNBP1,CDK5RAP2
596,LUC7L,BCLAF1
597,NR1I3,MED13
598,QPCT,FRAS1
599,CSNK2A2,BCLAF1
600,LUC7L2,BCLAF1
601,SNIP1,BCLAF1
602,KPTN,SZT2
603,PTPRK,FRAS1
604,JSRP1,AHNAK2
605,JSRP1,AHNAK
606,DDX39A,CELSR2
607,GFOD1,PLEC
608,CHST8,FRAS1
609,FGL2,CDK5RAP2
610,TGOLN2,POLE
611,C17orf59,CDK5RAP2
612,C17orf59,FYCO1
613,MED19,MED13
614,TNF,CELSR2
615,WNT4,FRAS1
616,LIPH,FRAS1
617,PYHIN1,PLCD1
618,TINAGL1,HSPG2
619,SMARCD1,PLCD1
620,GPHA2,FRAS1
621,TCL1B,MED13
622,LYPD6,CELSR2
623,RBM24,PLCD1
624,TNFAIP8L2,AHNAK2
625,ZFP41,FRAS1
626,CDK8,MED13
627,PILRA,B4GALNT3
628,CDK19,MED13
629,Numb,BCLAF1
630,HIF1A,MED13
631,FBXW7,MED13
632,FBXW7,MED13
633,CEP68,CDK5RAP2
634,AMOT,RIF1
635,PPP1R3A,RIF1
636,RPS6KB2,MSH6
637,S100A10,AHNAK
638,S100A10,AHNAK
639,WHSC1,PLEC
640,HSPB1,ANK1
641,FBXW11,POLE
642,UNK,MSH6
643,UNK,BCLAF1
644,NTRK1,ROR2
645,AHNAK,ACTN4
646,ASNS,AHNAK
647,C14orf166,AHNAK
648,CDC42,AHNAK
649,EEF1B2,AHNAK
650,EEF1D,AHNAK
651,GORASP2,AHNAK
652,GRPEL1,AHNAK
653,HSPA9,AHNAK
654,HSPB1,AHNAK
655,LASP1,AHNAK
656,MYL6,AHNAK
657,OXCT1,AHNAK
658,STMN1,AHNAK
659,TARS,AHNAK
660,DYNC1I2,AHNAK2
661,NAA10,AHNAK2
662,MSH6,ANKRD17
663,AHNAK,ARHGDIA
664,AHNAK,CCT5
665,PHKB,CORO1B
666,PHKB,CORO1C
667,AHNAK,EEF1A1
668,AHNAK,EEF2
669,MED13,EFTUD2
670,MSH6,FEN1
671,AHNAK,FLNB
672,MSH6,HDGF
673,AHNAK,HNRNPAB
674,AHNAK,HNRNPD
675,AHNAK,HNRNPDL
676,AHNAK,HNRNPH1
677,PSAT1,HSPG2
678,MED13,MED1
679,MED13,MED10
680,MED12,MED13
681,MED17,MED13
682,MED24,MED13
683,PRPF8,MED13
684,MED13,MED14
685,MED13,MED16
686,MED13,MED18
687,MED13,MED19
688,MED13,MED27
689,MED13,MED6
690,MED13,MED8
691,RIF1,MRGBP
692,MSH2,MSH6
693,POLE,MSH6
694,PRDX1,MSH6
695,PRDX2,MSH6
696,SMC3,MSH6
697,RIF1,NUDT21
698,POLE,PABPC1
699,POLE,PABPC4
700,MSH6,PCNA
701,C17orf85,PLEC
702,DDX17,PLEC
703,NUP50,PLEC
704,QARS,PLEC
705,EIF4G1,POLE
706,PCNA,POLE
707,PEX19,POLE
708,POLA1,POLE
709,POLE3,POLE
710,POLE4,POLE
711,PSMD11,POLE
712,PSMD4,POLE
713,SMC1A,POLE
714,SSB,POLE
715,POLE,POLE2
716,RIF1,PPP2R1A
717,AHNAK,PSME3
718,MSH6,RAD21
719,MED13,RANBP2
720,BCLAF1,RPS9
721,AHNAK,RUVBL1
722,AHNAK,SEC16A
723,AHNAK,STIP1
724,RIF1,THOC6
725,BCLAF1,THRAP3
726,AHNAK,VARS
727,AHNAK,YARS
728,SFN,PLEC
729,NTRK1,BCLAF1
730,NTRK1,POLE
731,NTRK1,PHKB
732,NTRK1,MSH6
733,MUS81,CDK5RAP2
734,PTTG1,CDK5RAP2
735,TP53,USH2A
736,HSPB2,MYOM2
737,FRS3,TNS1
738,MMP14,SPOCK3
739,PTEN,PLEC
740,PLK4,CDK5RAP2
741,CEP192,CDK5RAP2
742,CEP152,CDK5RAP2
743,CDK5RAP2,CEP152
744,gag,AHNAK
745,MED4,AHNAK
746,MED4,MED13
747,MED23,MED13
748,MED4,MED13
749,MED4,BCLAF1
750,MED23,PHKB
751,HERC2,PHKB
752,HERC2,PHKB
753,SRPK2,BCLAF1
754,CLK1,ASXL3
755,LCA5,CELSR2
756,RPGRIP1L,CDK5RAP2
757,CEP19,MSH6
758,TMEM17,ROR2
759,TMEM216,ROR2
760,XPO1,FYCO1
761,XPO1,BCLAF1
762,HIST1H3E,BCLAF1
763,AHSA1,BCLAF1
764,MSH6,DECR1
765,BCLAF1,FMR1
766,MSH6,H3F3A
767,BCLAF1,PRMT1
768,ADD1,HSPG2
769,TMPO,HSPG2
770,PTTG1,HSPG2
771,CCDC22,HSPG2
772,GAR1,HSPG2
773,KIF7,HSPG2
774,MSH6,MSH2
775,MSH6,PCNA
776,PHKG2,PHKB
777,BUB1,PLEC
778,CAPZA2,PLEC
779,FLNA,PLEC
780,MYH9,PLEC
781,PPP1CB,PLEC
782,NIPSNAP1,PLEC
783,IQGAP1,PLEC
784,PDLIM7,PLEC
785,SYNPO,PLEC
786,MAPRE1,PLEC
787,PHF8,PLEC
788,LIMA1,PLEC
789,ANLN,PLEC
790,MYO19,PLEC
791,MYO18A,PLEC
792,FYCO1,PPL
793,MSH6,STX3
794,BCLAF1,DDX39B
795,BCLAF1,FXR1
796,BCLAF1,PABPN1
797,BCLAF1,THOC5
798,MSH6,AKR7A2
799,BCLAF1,SRSF9
800,BCLAF1,APOBEC3B
801,CDK2,BCLAF1
802,PDGFRB,BCLAF1
803,THOC1,BCLAF1
804,MYH7B,BCLAF1
805,CDKN2AIPNL,BCLAF1
806,MSH6,RUSC2
807,BCLAF1,ZC3H11A
808,BCLAF1,THRAP3
809,CDK8,MED13
810,MED12,MED13
811,BCLAF1,THOC1
812,MSH6,PARP2
813,BCLAF1,ALYREF
814,BCLAF1,SPEN
815,BCLAF1,KIAA1429
816,BCLAF1,CHTOP
817,BCLAF1,PPHLN1
818,BCLAF1,CDK12
819,PPP1CB,RIF1
820,PPP1CC,RIF1
821,PHF8,RIF1
822,ASF1A,RIF1
823,FYCO1,DDX60
824,PCNT,CDK5RAP2
825,PRKAR2B,CDK5RAP2
826,DYNLL1,CDK5RAP2
827,FGFR1OP,CDK5RAP2
828,MAPRE1,CDK5RAP2
829,USP43,CDK5RAP2
830,CHMP4B,CDK5RAP2
831,FYCO1,GOPC
832,MSH6,KIAA1191
833,BCLAF1,THOC2
834,MSH6,CHD8
835,CAPZA2,AHNAK
836,HSPA5,AHNAK
837,MYH9,AHNAK
838,STRN,AHNAK
839,LIMA1,AHNAK
840,MYO19,AHNAK
841,TUBA1C,AHNAK
842,BCLAF1,THOC6
843,PAX6,FYCO1
844,FYCO1,NOL9
845,BCLAF1,THOC7
846,BCLAF1,POLDIP3
847,FYCO1,POLDIP3
848,BCLAF1,THOC3
849,FYCO1,ADO
850,FYCO1,RFT1
851,HUWE1,AHNAK2
852,BCLAF1,RBMXL1
853,MSH6,BRINP1
854,Eif3i,MSH6
855,Id2,HSPG2
856,Espn,HSPG2
857,Shoc2,HSPG2
858,Pxdc1,HSPG2
859,Vps28,HSPG2
860,Heatr2,HSPG2
861,Ppp1r3b,PHKB
862,Myh9,PLEC
863,Lima1,PLEC
864,Calml3,PLEC
865,Cep78,PLEC
866,Flnb,PLEC
867,Psmb5,BCLAF1
868,Uso1,BCLAF1
869,Prkaa1,BCLAF1
870,Srsf1,BCLAF1
871,Dennd6a,BCLAF1
872,Med22,MED13
873,Sesn2,SZT2
874,Bmpr1a,RIF1
875,Ppp1cb,RIF1
876,Ncstn,RIF1
877,Tmed10,RIF1
878,Heatr2,RIF1
879,Mapre1,CDK5RAP2
880,Prkacb,CDK5RAP2
881,Prkar2a,CDK5RAP2
882,Prkar2b,CDK5RAP2
883,Uso1,CDK5RAP2
884,Fgfr1op,CDK5RAP2
885,Actb,AHNAK
886,Bmpr1a,AHNAK
887,Anxa2,AHNAK
888,Ppp1cb,AHNAK
889,Coro1c,AHNAK
890,Lima1,AHNAK
891,Kctd5,AHNAK
892,Calml3,AHNAK
893,Fam83d,AHNAK
894,Erp44,AHNAK
895,Flnb,AHNAK
896,Anxa2,AHNAK2
897,Shoc2,AHNAK2
898,Cul4a,AHNAK2
899,MSH2,MSH6
900,FOXB1,POLE
901,FOXB1,RIF1
902,FOXC2,RIF1
903,FOXE1,POLE
904,FOXE1,RIF1
905,FOXG1,POLE
906,FOXG1,RIF1
907,GAN,PLEC
908,GAN,BCLAF1
909,SKI,PLEC
910,SKI,AHNAK
911,SKI,HSPG2
912,FOXL1,RIF1
913,FOXL1,POLE
914,FBXW7,MED13
915,ALKBH3,RIF1
916,ALKBH3,BCLAF1
917,FOXQ1,POLE
918,ASXL3,BAP1
919,BAP1,ASXL3
920,MCM2,PLEC
921,MCM2,AHNAK
922,MCM2,HSPG2
923,Ksr1,MSH6
924,USP37,RIF1
925,SNW1,POLE
926,SNW1,MSH6
927,SNW1,PLEC
928,SNW1,RIF1
929,SNW1,AHNAK
930,CDC5L,MSH6
931,CDC5L,PLEC
932,CDC5L,RIF1
933,CDC5L,AHNAK
934,RNF126,MSH6
935,FAF2,MSH6
936,EGFR,AHNAK
937,NANOG,BCLAF1
938,POU5F1,MSH6
939,ZMIZ1,BCLAF1
940,U2AF2,AHNAK
941,CCNB1,BCLAF1
942,POLE,PCNA
943,ATOH1,PLEC
944,TSC22D2,MED13
945,ZNF131,AHNAK
946,KDM6A,MSH6
947,RYR1,ANK1
948,ZNF746,MSH6
949,CDH1,PLEC
950,CDH1,AHNAK
951,EGFR,TNC
952,EGFR,BCLAF1
953,PPP1CA,RIF1
954,PPP1CC,RIF1
955,PPP3CB,AHNAK
956,TNS1,BABAM1
957,TNS1,BRCC3
958,TNS1,CSK
959,TNS1,CTNNAL1
960,TNS1,DMD
961,TNS1,DTNB
962,TNS1,FAM175B
963,TNS1,SNTB1
964,TNS1,SNTB2
965,TNS1,SORBS3
966,TNS1,UTRN
967,CDC14B,MSH6
968,PTPRT,PHKB
969,SSH3,CDK5RAP2
970,TPTE2,CDK5RAP2
971,EYA2,PHKB
972,POLE,POLE2
973,PHKG2,PHKB
974,MPPED1,PHKB
975,MED19,MED13
976,MED21,MED13
977,C7orf60,SZT2
978,TRUB2,FYCO1
979,RAPGEF5,ANK1
980,MED18,MED13
981,CCNC,MED13
982,TINAGL1,HSPG2
983,ITFG2,SZT2
984,HIF1AN,FYCO1
985,MED1,MED13
986,KPTN,SZT2
987,PCDHB11,TMTC2
988,CHL1,ANK1
989,CCDC68,FYCO1
990,FBXL4,PLCD1
991,MED7,MED13
992,PCDHGB1,TMTC2
993,C1orf87,CDK5RAP2
994,FYCO1,MLYCD
995,C6orf141,PLEC
996,IL31RA,PLCD1
997,ANK1,FIG4
998,DEPDC5,SZT2
999,ANK1,PIKFYVE
1000,VBP1,PHKB
1001,ZNF408,HSPG2
1002,CDK8,MED13
1003,PPP1CA,RIF1
1004,TCL1B,MED13
1005,DOK4,PHKB
1006,GDF5,PLCD1
1007,LMO2,AHNAK2
1008,TCP10L,FYCO1
1009,LPXN,CDK5RAP2
1010,XAGE1B,CELSR2
1011,SIRT6,CELSR2
1012,C1QTNF2,SZT2
1013,CCDC101,FYCO1
1014,FYCO1,SASS6
1015,RAB11B,PLCD1
1016,PILRA,B4GALNT3
1017,FGL2,CDK5RAP2
1018,TEX35,PLCD1
1019,PRKAR2B,CDK5RAP2
1020,TMEM30B,CELSR2
1021,DKKL1,CELSR2
1022,PPP1CC,RIF1
1023,ZFP41,FRAS1
1024,CDK19,MED13
1025,PRKACB,CDK5RAP2
1026,SCGB2A2,B4GALNT3
1027,PDE4DIP,CDK5RAP2
1028,FYCO1,DTNA
1029,TULP3,PHKB
1030,PYHIN1,PLCD1
1031,ASF1A,RIF1
1032,GPBP1,PLCD1
1033,GAA,B4GALNT3
1034,LGALS3BP,PHKB
1035,MB,ANK1
1036,DFNA5,PLEC
1037,ANK1,PDS5B
1038,CLK2,BCLAF1
1039,TAZ,FRAS1
1040,CCDC68,PLEC
1041,RBM24,PLCD1
1042,NEFM,PLEC
1043,GLRX3,AHNAK2
1044,GJB7,AHNAK2
1045,IKBIP,CDK5RAP2
1046,SNRNP70,BCLAF1
1047,SMARCD1,PLCD1
1048,C17orf59,FYCO1
1049,DKKL1,FRAS1
1050,RAPGEF5,PLEC
1051,PCDH12,CELSR2
1052,DEFA5,FRAS1
1053,PCDHGB1,CELSR2
1054,C16orf45,POLE
1055,ANK1,VAC14
1056,GPHA2,FRAS1
1057,PCK2,AHNAK2
1058,MLF1,CDK5RAP2
1059,RPL28,CELSR2
1060,PSG8,CELSR2
1061,SNIP1,BCLAF1
1062,JSRP1,AHNAK
1063,PSG8,FRAS1
1064,LGALS3BP,POLE
1065,LUC7L2,BCLAF1
1066,CARD9,CDK5RAP2
1067,KIF3A,PLCD1
1068,ZBBX,CELSR2
1069,GFOD1,PLEC
1070,LINC01587,CDK5RAP2
1071,FAM81B,CDK5RAP2
1072,PYCR2,AHNAK2
1073,PNN,BCLAF1
1074,DTWD2,CELSR2
1075,FGFRL1,CELSR2
1076,ASF1B,RIF1
1077,ZNF408,FRAS1
1078,ANXA2,AHNAK2
1079,PRMT8,BCLAF1
1080,ANK1,NELFB
1081,JSRP1,AHNAK2
1082,DNAJC7,POLE
1083,HSD17B3,AHNAK
1084,SSX2,CDK5RAP2
1085,FYCO1,CCT6A
1086,DUSP23,AHNAK2
1087,KLK5,FRAS1
1088,SCGB1D1,FRAS1
1089,LYPD6,CELSR2
1090,PMS1,AHNAK
1091,NXPH2,CELSR2
1092,ST8SIA4,FRAS1
1093,VAPB,CELSR2
1094,DDX39A,CELSR2
1095,FKBP11,AHNAK2
1096,MGAT4C,FRAS1
1097,ING2,AHNAK
1098,FYCO1,CCT3
1099,GML,FRAS1
1100,RPL28,POLE
1101,GJB7,AHNAK
1102,ST8SIA4,CELSR2
1103,SOCS6,PLEC
1104,IFNE,FRAS1
1105,TMEM9B,RIF1
1106,TFDP3,PLEC
1107,LRRTM1,FRAS1
1108,PRPS1,CDK5RAP2
1109,PCDH20,CELSR2
1110,NR1I3,MED13
1111,NCSTN,AHNAK2
1112,ADAMTS4,FRAS1
1113,RALBP1,CDK5RAP2
1114,PRG3,FRAS1
1115,USP14,AHNAK2
1116,DKKL1,POLE
1117,U2AF2,BCLAF1
1118,CORO2A,BCLAF1
1119,SUSD4,FRAS1
1120,LUC7L,BCLAF1
1121,SLC15A1,RIF1
1122,ALPPL2,AHNAK
1123,USP36,CELSR2
1124,MLF1,PLEC
1125,PCK2,AHNAK
1126,GPR141,AHNAK
1127,FYCO1,CCT2
1128,CHST8,FRAS1
1129,NAALADL2,CELSR2
1130,PYCR2,AHNAK
1131,LRRC46,POLE
1132,SDC1,AHNAK
1133,POLE,HSPA8
1134,TKT,PLEC
1135,DDX19B,PLEC
1136,IL27RA,CELSR2
1137,BSG,RIF1
1138,ZBBX,POLE
1139,POLH,AHNAK
1140,XAGE1B,FRAS1
1141,SLC39A9,RIF1
1142,LAMP3,RIF1
1143,FCGR1A,FRAS1
1144,OS9,FRAS1
1145,LYZL1,FRAS1
1146,USP14,AHNAK
1147,C6orf141,CDK5RAP2
1148,ZNF517,AHNAK
1149,FYCO1,TCP1
1150,DOCK5,SZT2
1151,RFPL2,AHNAK
1152,LRRC4C,FRAS1
1153,PCDHGC3,AHNAK
1154,SCN2B,RIF1
1155,SLAMF1,FRAS1
1156,C1QL4,AHNAK2
1157,LYPD4,POLE
1158,CHRM4,RIF1
1159,GALK2,AHNAK
1160,TENC1,TNS1
1161,UBC,HSPG2
1162,UBC,PLEC
1163,ROR2,PPP3CB
1164,ROR2,PPM1A
1165,ROR2,PPM1B
1166,ROR2,PPM1F
1167,ROR2,ILKAP
1168,ROR2,TAB1
1169,ROR2,PTPRR
1170,ROR2,PTPN6
1171,ROR2,PTPN7
1172,ROR2,PTPN11
1173,ROR2,PTPN12
1174,ROR2,PTPN20B
1175,ROR2,DUSP1
1176,ROR2,DUSP6
1177,ROR2,DUSP10
1178,ROR2,DUSP14
1179,ROR2,DUSP18
1180,ROR2,DUSP19
1181,ROR2,DUSP21
1182,ROR2,DUPD1
1183,ROR2,STYX
1184,ROR2,CDC14A
1185,ROR2,TPTE
1186,ROR2,MTMR1
1187,ROR2,MTMR2
1188,ROR2,MTMR6
1189,ROR2,MTMR9
1190,ROR2,CDC25C
1191,ROR2,EYA2
1192,RIF1,PPP1R7
1193,PPP1CA,RIF1
1194,AAK1,PLEC
1195,PLEC,PPIP5K2
1196,SEC24B,PLEC
1197,CCDC88A,PLEC
1198,EYA4,PLEC
1199,PLEC,LUZP1
1200,UBE2D2,PLEC
1201,PPP1CB,RIF1
1202,NUP88,PLEC
1203,PLEC,URGCP
1204,PLEC,DVL3
1205,QSER1,PLEC
1206,ARFGAP3,PLEC
1207,AHNAK,PLEC
1208,AHNAK,PPIP5K2
1209,WNK1,PLEC
1210,NCL,MSH6
1211,NCL,MSH6
1212,CYLD,FYCO1
1213,CYLD,AHNAK
1214,CYLD,MSH6
1215,CYLD,PLEC
1216,CYLD,BCLAF1
1217,COQ2,BCLAF1
1218,DLD,BCLAF1
1219,DLST,PLEC
1220,PARK7,BCLAF1
1221,PDHA1,PLEC
1222,TRIM25,AHNAK
1223,TRIM25,FRAS1
1224,TRIM25,FYCO1
1225,TRIM25,HSPG2
1226,TRIM25,MED13
1227,TRIM25,MSH6
1228,G3BP1,MSH6
1229,CCND2,PLEC
1230,HDAC6,MSH6
1231,HDAC6,MSH6
1232,UHRF2,BCLAF1
1233,HEY1,PLEC
1234,BRCA1,PLEC
1235,BRCA1,AHNAK
1236,YAP1,AHNAK
1237,TES,PLEC
1238,K8.1,POLE
1239,ORF21,BCLAF1
1240,TXNIP,AHNAK
1241,FURIN,MMP14
1242,FURIN,MMP14
1243,MMP14,TIMP2
1244,MMP14,MMP3
1245,MMP14,MMP3
1246,MMP14,TIMP1
1247,MCM9,MSH6
1248,MCM9,MSH6
1249,MSH6,MCM9
1250,HIST1H3A,MSH6
1251,HIST1H3A,MSH6
1252,UHRF1,MSH6
1253,HNRNPL,ROR2
1254,HNRNPL,PHKB
1255,HNRNPL,DNAH1
1256,ZUFSP,RIF1
1257,ZUFSP,MSH6
1258,ZUFSP,POLE
1259,ZUFSP,SZT2
1260,CFTR,PLEC
1261,CFTR,AHNAK
1262,HUS1,POLE
1263,LTN1,POLE
1264,MED23,POLE
1265,NUBP1,POLE
1266,POLE,POLE
1267,POLE,RPL36A
1268,POLE,TIMELESS
1269,CLEC14A,HSPG2
1270,DDX39B,BCLAF1
1271,EGLN3,MSH6
1272,TRIM14,MSH6
1273,IQGAP1,BCLAF1
1274,MED9,MED13
1275,EGLN3,POLE
1276,EGLN3,CDK5RAP2
1277,RIPK4,POLE
1278,MAPK6,RIF1
1279,TMPO,AHNAK
1280,PPP1CC,RIF1
1281,PPP1CA,RIF1
1282,PPP1CB,RIF1
1283,PPP1R3C,PHKB
1284,PPP1CC,RIF1
1285,PPP1CA,RIF1
1286,PPP1CB,RIF1
1287,POLE,MMS19
1288,POLE,CIAO1
1289,POLE,POLE2
1290,POLE,POLE3
1291,POLE,POLE4
1292,POLE,DDB1
1293,POLE,CIAO1
1294,POLE,MMS19
1295,POLE,POLR2B
1296,DEPDC5,SZT2
1297,DEPDC5,SZT2
1298,WDR59,SZT2
1299,KPTN,SZT2
1300,ITFG2,SZT2
1301,SZT2,KPTN
1302,SZT2,C12orf66
1303,SZT2,ITFG2
1304,WDR24,SZT2
1305,NPRL2,SZT2
1306,SZT2,NPRL3
1307,SZT2,NPRL2
1308,LAMP1,SZT2
1309,MED12,MED13
1310,GSK3A,BCLAF1
1311,HNF1B,BCLAF1
1312,MAP2K1,DNAH1
1313,MTCH2,BCLAF1
1314,TRIP4,BCLAF1
1315,HIF1A,MSH6
1316,PYHIN1,HSPG2
1317,BCOR,FRAS1
1318,PRPF8,PLEC
1319,PRPF8,AHNAK
1320,EFTUD2,PLEC
1321,EFTUD2,AHNAK
1322,EFTUD2,AHNAK2
1323,AAR2,AHNAK
1324,PIH1D1,PLEC
1325,PIH1D1,AHNAK
1326,EFTUD2,MSH6
1327,EFTUD2,RIF1
1328,TNIP2,BCLAF1
1329,TNIP2,FYCO1
1330,TNIP2,CDK5RAP2
1331,TNIP2,MED13
1332,CHD3,MSH6
1333,CHD3,BCLAF1
1334,RNF4,RIF1
1335,RNF4,PLEC
1336,CHD4,BCLAF1
1337,RNF31,BCLAF1
1338,TNF,PLEC
1339,RNF4,BCLAF1
1340,RNF4,AHNAK
1341,ARIH1,POLE
1342,CDC34,MSH6
1343,MMS19,POLE
1344,CIAO1,POLE
1345,CALCOCO2,PLEC
1346,SPDL1,BCLAF1
1347,SPDL1,PLEC
1348,SPDL1,MSH6
1349,SPDL1,AHNAK
1350,RIOK1,MSH6
1351,VPS35,MMP14
1352,ESR2,MED13
1353,ESR2,FYCO1
1354,RNF123,ANK1
1355,RNF123,MSH6
1356,RNF123,AHNAK
1357,PPT1,PLEC
1358,PPT1,AHNAK
1359,HERC2,PLEC
1360,UBE3A,AHNAK
1361,SNAI1,MSH6
1362,AGR2,AHNAK
1363,AGR2,AHNAK2
1364,AGR2,DNAH1
1365,AGR2,FYCO1
1366,AGR2,PLEC
1367,AGR2,AHNAK
1368,AGR2,PLEC
1369,AGR2,MSH6
1370,AGR2,MSH6
1371,HRAS,PLCD1
1372,HRAS,ROR2
1373,KRAS,PLCD1
1374,KRAS,ROR2
1375,NRAS,PLCD1
1376,NRAS,ROR2
1377,WWOX,MSH6
1378,EZH2,AHNAK
1379,EZH2,POLE
1380,RECQL4,MSH6
1381,FBXW7,MSH6
1382,ZBTB38,MSH6
1383,DCPS,AHNAK
1384,DCPS,PLEC
1385,TNRC6A,AHNAK2
1386,TNRC6A,MED13
1387,CAV1,MMP14
1388,CAV1,MMP14
1389,GPC1,PLEC
1390,RIF1,SUMO2
1391,PIAS4,RIF1
1392,RIF1,TP53BP1
1393,MMP14,NPR1
1394,MMP14,SLC16A8
1395,MMP14,PNMT
1396,MMP14,NOS2
1397,ANK1,OBSCN
1398,OBSCN,ANK1
1399,OBSCN,ANK1
1400,TTN,ANK1
1401,MYC,POLE
1402,MYC,MMP14
1403,MYC,MSH6
1404,MYC,AHNAK
1405,MYC,PLEC
1406,MYC,RIF1
1407,MYC,AHNAK2
1408,RNF41,RIF1
1409,RNF41,AHNAK
1410,CDK9,PLEC
1411,CDK9,AHNAK2
1412,HRAS,CELSR2
1413,NRAS,CELSR2
1414,ANK1,OBSCN
1415,OBSCN,ANK1
1416,ANK1,OBSCN
1417,HIST1H4A,RIF1
1418,HIST1H4A,AHNAK
1419,HIST1H2BB,AHNAK
1420,HIST1H2BB,RIF1
1421,HIST1H3A,MSH6
1422,HIST1H3A,RIF1
1423,AURKB,RIF1
1424,CDK7,RIF1
1425,CDK8,RIF1
1426,CDK8,MED13
1427,CDK8,MED13
1428,EZR,AHNAK
1429,MED13,CCNC
1430,MED13,CDK8
1431,MED13,MED1
1432,MED13,MED10
1433,MED13,MED11
1434,MED13,MED12
1435,MED13,MED12L
1436,MED13,MED13
1437,MED13,MED13L
1438,MED13,MED14
1439,MED13,MED15
1440,MED13,MED16
1441,MED13,MED17
1442,MED13,MED18
1443,MED13,MED19
1444,MED13,MED20
1445,MED13,MED21
1446,MED13,MED22
1447,MED13,MED23
1448,MED13,MED24
1449,MED13,MED25
1450,MED13,MED27
1451,MED13,MED28
1452,MED13,MED29
1453,MED13,MED30
1454,MED13,MED31
1455,MED13,MED4
1456,MED13,MED6
1457,MED13,MED7
1458,MED13,MED8
1459,MED13,MED9
1460,MED13,CCNC
1461,MED13,CDK8
1462,MED13,MED1
1463,MED13,MED10
1464,MED13,MED11
1465,MED13,MED12
1466,MED13,MED13
1467,MED13,MED13L
1468,MED13,MED14
1469,MED13,MED15
1470,MED13,MED16
1471,MED13,MED17
1472,MED13,MED18
1473,MED13,MED19
1474,MED13,MED20
1475,MED13,MED21
1476,MED13,MED22
1477,MED13,MED23
1478,MED13,MED24
1479,MED13,MED25
1480,MED13,MED27
1481,MED13,MED28
1482,MED13,MED29
1483,MED13,MED30
1484,MED13,MED31
1485,MED13,MED4
1486,MED13,MED6
1487,MED13,MED7
1488,MED13,MED8
1489,MED13,MED9
1490,MED13,MED12L
1491,MAPRE1,CDK5RAP2
1492,CDK5RAP2,AKAP9
1493,CDK5RAP2,PDE4DIP
1494,CDK5RAP2,PRKAR2A
1495,CDK5RAP2,HIST1H2AH
1496,CDK5RAP2,BIRC6
1497,CDK5RAP2,PABPC1
1498,CDK5RAP2,AHNAK
1499,CDK5RAP2,CAPZA2
1500,CDK5RAP2,LGALS3BP
1501,CDK5RAP2,CLTC
1502,CDK5RAP2,PRKDC
1503,CDK5RAP2,HIST1H4A
1504,CDK5RAP2,RAB5C
1505,CDK5RAP2,ACTC1
1506,CDK5RAP2,LMNA
1507,CDK5RAP2,TKT
1508,CDK5RAP2,HIST1H2BK
1509,CDK5RAP2,PARP1
1510,CDK5RAP2,DNAJA1
1511,CDK5RAP2,PKP3
1512,CDK5RAP2,FLNB
1513,CDK5RAP2,PABPC4
1514,CDK5RAP2,TMPO
1515,CDK5RAP2,CORO1B
1516,CDK5RAP2,DDX5
1517,PDE4DIP,PLEC
1518,PDE4DIP,CDK5RAP2
1519,MAPRE1,CDK5RAP2
1520,PDE4DIP,CDK5RAP2
1521,CDK5RAP2,AKAP9
1522,CDK5RAP2,PDE4DIP
1523,CDK5RAP2,PRKAR2A
1524,CDK5RAP2,PRKACA
1525,AKAP9,CDK5RAP2
1526,AKAP9,CDK5RAP2
1527,PRKAR2A,CDK5RAP2
1528,CDK5RAP2,LGALS3BP
1529,TP53BP1,RIF1
1530,TP53BP1,MED13
1531,BRCA1,RIF1
1532,BRCA1,POLE
1533,MDC1,RIF1
1534,GRWD1,BCLAF1
1535,GRWD1,RIF1
1536,KIAA1429,AHNAK2
1537,KIAA1429,AHNAK
1538,KIAA1429,PLEC
1539,KIAA1429,MED13
1540,KIAA1429,CELSR2
1541,KIAA1429,ALPK2
1542,KIAA1429,FYCO1
1543,KIAA1429,CDK5RAP2
1544,KIAA1429,ANK1
1545,KIAA1429,TNS1
1546,KIAA1429,HSPG2
1547,KIAA1429,TMTC2
1548,KIAA1429,SZT2
1549,KIAA1429,POLE
1550,KIAA1429,PHKB
1551,KIAA1429,RIF1
1552,KIAA1429,TNC
1553,METTL3,MSH6
1554,METTL14,PLEC
1555,METTL14,AHNAK
1556,KIAA1429,PLEC
1557,KIAA1429,AHNAK
1558,KIAA1429,MSH6
1559,PSME3,BCLAF1
1560,PSME3,PLEC
1561,ANK3,PLEC
1562,ANK3,PLEC
1563,ANK3,PLEC
1564,RC3H1,BCLAF1
1565,RC3H2,BCLAF1
1566,SZT2,NPRL3
1567,SZT2,NPRL2
1568,SZT2,MIOS
1569,SZT2,WDR24
1570,SZT2,WDR59
1571,SESN2,SZT2
1572,SZT2,LAMP1
1573,SZT2,LAMP2
1574,SZT2,RAB7A
1575,SZT2,WDR59
1576,SZT2,DEPDC5
1577,SZT2,NPRL2
1578,SZT2,NPRL3
1579,SZT2,MIOS
1580,SZT2,WDR59
1581,SZT2,SEC13
1582,SZT2,SEH1L
1583,SZT2,SEC13
1584,SZT2,SEH1L
1585,ATG16L1,PLEC
1586,ERBB2,ROR2
1587,ACTC1,RIF1
1588,ACTC1,BCLAF1
1589,ACTC1,MSH6
1590,ESR2,PLEC
1591,PHB,POLE
1592,RBX1,BCLAF1
1593,BRCA2,PLEC
1594,BRCA2,PLEC
1595,PLEC,BRCA2
1596,BRCA2,PLEC
1597,H2AFX,MSH6
1598,H2AFZ,MSH6
1599,H2AFY,MSH6
1600,KMT2C,ASXL3
1601,KDM6A,ASXL3
1602,Fhl1,BCLAF1
1603,BCLAF1,Fhl1
1604,Fhl1,BCLAF1
1605,BCLAF1,FHL1
1606,FHL1,BCLAF1
1607,C20orf196,RIF1
1608,FLCN,AHNAK
1609,ARMC12,PLEC
1610,BLM,RIF1
1611,SPIDR,RIF1
1612,CCND1,CDK5RAP2
1613,CCND1,RIF1
1614,CCND1,MSH6
1615,TET2,PLEC
1616,DDX1,RIF1
1617,DDX1,RIF1
1618,RIF1,DDX1
1619,DDX1,RIF1
1620,TANK,AHNAK
1621,TANK,PLEC
1622,TRAF2,PLEC
1623,NR2C2,AHNAK
1624,NR2C2,ANK1
1625,NR2C2,PLEC
1626,NR2C2,MSH6
1627,PPP1CC,BCLAF1
1628,PPP1CC,RIF1
1629,PPP1CC,PLEC
1630,TRIM29,MSH6
1631,TRIM29,MSH6
1632,H2AFX,MSH6
1633,MTDH,HSPG2
1634,MTDH,PLEC
1635,UBE3C,AHNAK
1636,UBE3C,AHNAK
1637,AHNAK,UBE3C
1638,AHNAK,TP53
1639,ERCC6,RIF1
1640,RIF1,TP53BP1
1641,RIF1,ERCC6
1642,HDAC2,AHNAK
1643,HDAC2,AHNAK2
1644,HDAC2,HSPG2
1645,CSK,ALPK2
1646,RPS6KA2,ROR2
1647,GBF1,AHNAK
1648,GBF1,AHNAK2
1649,XRCC6,BCLAF1
1650,XRCC6,MSH6
1651,XRCC6,RIF1
1652,MAP1LC3A,FYCO1
1653,NHLRC2,BCLAF1
1654,KRAS,POLE
1655,KRAS,BCLAF1
1656,DYNC1I2,PHKB
1657,DYNLT1,PLEC
1658,BICD2,PLEC
1659,HOOK1,PLEC
1660,HOOK3,PLEC
1661,FBXO38,POLE
1662,VRK3,BCLAF1
1663,HIST1H4A,AHNAK
1664,HIST1H4A,RIF1
1665,HIST1H4A,BCLAF1
1666,LINC00839,RIF1
1667,PSMD14,PLEC
1668,SLC4A1,ANK1
1669,APEX1,RIF1
1670,APEX1,AHNAK
1671,DYRK1A,AHNAK2
1672,DYRK1A,AHNAK
1673,RNF38,AHNAK
1674,AHNAK,RNF38
1675,RNF38,AHNAK
1676,P2RY6,MSH6
1677,SLC15A3,MSH6
1678,TNFSF13B,MSH6
1679,UNC93B1,MSH6
1680,RNF213,AHNAK2
1681,SECTM1,BCLAF1
1682,COMMD3,AHNAK
1683,SNRNP70,MSH6
1684,SNRNP70,BCLAF1
1685,BCL9,PLEC
1686,CUL4A,HSPG2
1687,HSPB1,MSH6
1688,CA9,MMP14
1689,CA9,MMP14
1690,MMP14,CA9
1691,PTPRH,MMP14
1692,PTPRO,MMP14
1693,CDC14A,MSH6
1694,CDC25B,MSH6
1695,CDKN3,MSH6
1696,PTPMT1,MSH6
1697,PTPRM,MSH6
1698,DUSP15,POLE
1699,DUSP2,POLE
1700,DUSP26,POLE
1701,MTMR4,POLE
1702,PTPN14,POLE
1703,TPTE2,POLE
1704,FUS,BCLAF1
1705,TAF15,BCLAF1
1706,MATR3,RIF1
1707,MATR3,MSH6
1708,ITFG1,FYCO1
1709,ITFG1,RIF1
1710,CYLD,ANK1
1711,CYLD,PLEC
1712,MTMR4,MSH6
1713,HMGB1,AHNAK
1714,HMGB1,BCLAF1
1715,RHBDD1,AHNAK
1716,RHBDD1,BCLAF1
1717,RHBDF2,ROR2
1718,RHBDF2,AHNAK
1719,LRWD1,RIF1
1720,CDK8,MED13
1721,nsp13,CDK5RAP2
1722,nsp13,FYCO1
1723,BIRC3,BCLAF1
1724,BIRC3,RIF1
1725,BIRC3,MSH6
1726,STAU1,RIF1
1727,STAU1,POLE
1728,STAU1,BCLAF1
1729,LMBR1L,POLE
1730,NFX1,BCLAF1
1731,BRD7,BCLAF1
1732,FAM105A,ROR2
1733,MATR3,BCLAF1
1734,KIAA1107,BCLAF1
1735,SOX2,BCLAF1
1736,TRIM28,MSH6
1737,TRIM28,POLE
1738,SQSTM1,TNC
1739,SQSTM1,CDK5RAP2
1740,SQSTM1,AHNAK
1741,ATXN1,MYOM2
1742,HTT,PLEC
1743,TRAIP,POLE
1744,EP300,RIF1
1745,EP300,FYCO1
1746,EP300,ANK1
1747,LRRK2,RIF1
1748,CMTR1,BCLAF1
1749,ANK1,FXYD3
1750,ANK1,RBFA
1751,ANK1,EMD
1752,ANK1,EMP1
1753,ANK1,NRM
1754,ANK1,SLC30A8
1755,ANK1,TMEM203
1756,ANK1,RTP2
1757,ANK1,LOC100507537
1758,PHKA2,PHKB
1759,VAMP3,AHNAK2
1760,MSMO1,MMP14
1761,CTSA,AHNAK2
1762,SMARCD1,INSC
1763,PITX1,ROR2
1764,PLA2G10,ROR2
1765,AQP6,MMP14
1766,CREM,ROR2
1767,HIVEP1,ROR2
1768,POLE2,POLE
1769,ALG13,ROR2
1770,CYB5B,AHNAK2
1771,TTC23,INSC
1772,CRX,ROR2
1773,MEOX2,AHNAK
1774,LHX6,ROR2
1775,LHX3,INSC
1776,POU2AF1,ROR2
1777,TSPO2,AHNAK2
1778,FAM46A,ROR2
1779,C3orf52,AHNAK2
1780,IGFBP5,AHNAK2
1781,ELOVL4,MMP14
1782,MSX2,ROR2
1783,SORBS3,INSC
1784,UBIAD1,AHNAK2
1785,GPSM2,INSC
1786,AHNAK,AHNAK
1787,TEKT3,INSC
1788,FOSB,ROR2
1789,PRKAB2,ROR2
1790,BHLHE40,ROR2
1791,GABARAPL1,AHNAK2
1792,ASGR1,AHNAK2
1793,C1orf94,ROR2
1794,ATXN7L1,ROR2
1795,EBP,MMP14
1796,STOM,MMP14
1797,VENTX,ROR2
1798,FAM168B,ROR2
1799,ZUFSP,MMP14
1800,SH3RF1,XIRP1
1801,WDYHV1,PLCD1
1802,MMP14,F11R
1803,MMP14,HSD17B13
1804,MMP14,TMEM31
1805,MMP14,FHL3
1806,RUSC1,INSC
1807,PRR35,INSC
1808,ZFPL1,AHNAK2
1809,ABLIM2,AHNAK2
1810,TLX3,ROR2
1811,GEM,INSC
1812,STOX1,ROR2
1813,PRAP1,AHNAK2
1814,USP54,INSC
1815,ENTHD2,SZT2
1816,SOX14,ROR2
1817,ROR2,ISX
1818,ROR2,DAZAP2
1819,ROR2,KRTAP6-2
1820,ROR2,C19orf54
1821,ROR2,ZNF34
1822,ROR2,ARID5A
1823,ROR2,PRR20B
1824,ROR2,PRR20A
1825,ROR2,C3orf56
1826,ROR2,C10orf55
1827,ROR2,PRR20D
1828,ROR2,PRR20C
1829,ROR2,PRR20E
1830,ROR2,KRTAP19-7
1831,ROR2,KRTAP7-1
1832,POLE,ABHD16A
1833,C17orf62,AHNAK2
1834,HGS,PLCD1
1835,AHNAK2,FAM3C
1836,INSC,ZNF587
1837,INSC,GPANK1
1838,INSC,MGC50722
1839,ZNF655,SZT2
1840,MLH1,MSH6
1841,OBSL1,DNAH1
1842,CUL7,PLEC
1843,CUL7,MSH6
1844,PLEKHA4,MSH6
1845,PLEKHA4,PHKB
1846,PLEKHA4,PLEC
1847,PLEKHA4,POLE
1848,PLEKHA4,BCLAF1
1849,PLEKHA4,RIF1
1850,PLEKHA4,AHNAK
1851,RAD18,BCLAF1
1852,SETD1A,AHNAK
1853,MAGEA3,PHKB
1854,TIMP1,MMP14
1855,PINK1,PLEC
1856,PINK1,BCLAF1
1857,PINK1,AHNAK
1858,PINK1,MSH6
1859,FANCD2,AHNAK
1860,FANCD2,PLEC
1861,FANCD2,RIF1
1862,FANCD2,BCLAF1
1863,ORF7b,CELSR2
1864,ORF7a,RIF1
1865,ORF7b,CELSR2
1866,PTEN,MSH6
1867,TNC,Itgb1
1868,TNC,Itga7
1869,SLX4,MSH6
1870,ZC3H18,BCLAF1
1871,ABI1,BCLAF1
1872,DOK2,BCLAF1
1873,DUSP4,PLEC
1874,ELK4,BCLAF1
1875,FGFR1,PLEC
1876,MTA2,AHNAK
1877,PDPK1,HSPG2
1878,PRKCE,BCLAF1
1879,PRKD1,PLEC
1880,PTPRR,PLEC
1881,RAB5A,BCLAF1
1882,SH2D3C,RIF1
1883,SH2D3C,POLE
1884,YES1,BCLAF1
1885,EMC1,AHNAK
1886,EMC1,AHNAK2
1887,EMC2,AHNAK
1888,MMGT1,AHNAK
1889,MMGT1,AHNAK2
1890,SCD,ASXL3
1891,CASQ2,PLEC
1892,PPP1R15A,PLEC
1893,ANXA2,AHNAK
1894,TAC1,PLEC
1895,VARS,PHKB
1896,RPL3,AHNAK2
1897,VDAC2,AHNAK
1898,PEX5,PLEC
1899,RP1,BCLAF1
1900,POLE,UHRF1BP1
1901,AHNAK,DOCK11
1902,AHNAK,CNST
1903,AHNAK,JADE3
1904,AHNAK,HIST1H2BH
1905,AHNAK,OR10H1
1906,PAPPA,PLEC
1907,PLEC,INA
1908,PLEC,CCDC27
1909,PLEC,FILIP1L
1910,PLEC,CCDC62
1911,PLEC,FGD5
1912,PLEC,RSRC2
1913,PLEC,N4BP2
1914,PLEC,FANCM
1915,PLEC,GPR161
1916,PLEC,MOAP1
1917,PLEC,DIS3
1918,FRAS1,HIST1H2BH
1919,HIST1H2BH,DNAH1
1920,TOMM70A,AHNAK2
1921,AHNAK,FAM136A
1922,RIF1,VDAC3
1923,FYCO1,RRBP1
1924,LOC100128274,AHNAK
1925,HIP1,PLEC
1926,PRMT5,PLEC
1927,KIF3C,PLEC
1928,MAGEB4,PLEC
1929,MCM3AP,PLEC
1930,GPR37L1,PLEC
1931,RECQL4,PLEC
1932,SNUPN,PLEC
1933,IFNA2,PLEC
1934,LMNA,TNS1
1935,H2AFZ,DNAH1
1936,HIST1H1E,ALPK2
1937,ACP2,PLEC
1938,TOP1,ASXL3
1939,MTHFD1,AHNAK
1940,SCG2,PLEC
1941,PRKCH,PLEC
1942,ADH6,PLEC
1943,STAT6,PLEC
1944,NCAPD3,PLEC
1945,KRT6C,PLEC
1946,RPL14,AHNAK
1947,DNA2,PLEC
1948,LOC102724334,DNAH1
1949,S100A10,AHNAK
1950,ACTR1A,PLEC
1951,ACTR1A,AHNAK2
1952,ACTC1,PLEC
1953,RBM6,PLEC
1954,HNRNPU,DNAH1
1955,KHDRBS1,PLEC
1956,AHNAK,HIST3H3
1957,AHNAK,HIST2H2BE
1958,AHNAK,LRRK2
1959,AHNAK,GALNTL5
1960,AHNAK,C14orf37
1961,AHNAK,C2CD5
1962,AHNAK,YTHDC1
1963,AHNAK,RBM15
1964,AHNAK,NUDT12
1965,AHNAK,DCUN1D5
1966,AHNAK,PRX
1967,AHNAK,PNPLA3
1968,AHNAK,DIS3
1969,AHNAK,ST14
1970,TP53BP2,PLEC
1971,PLEC,AXDND1
1972,PLEC,TMIGD1
1973,PLEC,GBP6
1974,PLEC,MYO18B
1975,PLEC,ANKS4B
1976,PLEC,OR4K17
1977,PLEC,DNAH3
1978,PLEC,DNAH5
1979,PLEC,ZNF721
1980,PLEC,AHCTF1
1981,PLEC,CTTNBP2
1982,PLEC,PGBD4
1983,PLEC,GALNT14
1984,PLEC,MTR
1985,PLEC,MYBBP1A
1986,PLEC,KIFC1
1987,PLEC,R3HDML
1988,PLEC,WNK1
1989,PLEC,ASH1L
1990,PLEC,MXRA5
1991,PLEC,CDK12
1992,PLEC,RRBP1
1993,PLEC,CTSZ
1994,PLEC,TRPS1
1995,PLEC,EXO1
1996,PLEC,THRAP3
1997,PLEC,SBDS
1998,PLEC,ZNF451
1999,CTC1,RIF1
2000,TCP1,FRAS1
2001,VDAC1,RIF1
2002,RPL23A,AHNAK
2003,LAMA5,PLEC
2004,CS,PLEC
2005,KRT14,PLEC
2006,KRT18,PLEC
2007,KRT8,PLEC
2008,PLCD1,PLEC
2009,MAP1A,PLEC
2010,ROR1,PLEC
2011,DHX9,FRAS1
2012,ITK,AHNAK
2013,AHNAK,CHD4
2014,AHNAK,ACSM5
2015,AHNAK,TMEM184A
2016,AHNAK,MORC4
2017,AHNAK,RPF2
2018,AHNAK,DNAJC28
2019,AHNAK,ANKRD26
2020,ATR,PLEC
2021,URB2,PLEC
2022,ITPR1,PLEC
2023,KIF14,PLEC
2024,PLEC,HIST3H3
2025,PLEC,KAZN
2026,PLEC,SLC25A25
2027,PLEC,TRAPPC5
2028,PLEC,UTP11L
2029,PLEC,SSX6
2030,SNIP1,BCLAF1
2031,TET2,BCLAF1
2032,N,POLE
2033,nsp13,CDK5RAP2
2034,nsp16,CDK5RAP2
2035,nsp8,CDK5RAP2
2036,nsp8,MED13
2037,nsp9,CDK5RAP2
2038,nsp9,MED13
2039,ORF14,POLE
2040,ORF3b,CDK5RAP2
2041,ORF6,CDK5RAP2
2042,ORF9b,ALPK2
2043,ORF9b,CDK5RAP2
2044,M,ROR2
2045,nsp4,FRAS1
2046,nsp4,ROR2
2047,nsp6,FRAS1
2048,nsp7,AHNAK2
2049,nsp7,POLE
2050,ORF3a,FRAS1
2051,ORF3a,ROR2
2052,ORF3b,ROR2
2053,ORF7a,FRAS1
2054,ORF7b,FRAS1
2055,ORF7b,ROR2
2056,S,ROR2
2057,ESR1,MED13
2058,ESR1,MSH6
2059,ESR1,RIF1
2060,ORF7b,ROR2
2061,MAP1LC3B,FYCO1
2062,SMC1A,RIF1
2063,SMC3,PLEC
2064,STAG2,BCLAF1
2065,STAG2,RIF1
2066,PDS5A,RIF1
2067,PDS5B,ROR2
2068,NIPBL,MED13
2069,MAU2,MED13
2070,MAU2,RIF1
2071,ANKRD1,MYOM2
2072,CLIP4,CDK5RAP2
2073,DYSF,MYOM2
2074,ENO1,MED13
2075,MYBPC2,MYOM2
2076,MYOM2,SEC31A
2077,MYOM2,TNNT1
2078,MYOM2,JMJD1C
2079,MYOM2,MYOM2
2080,MYOM2,ACTN2
2081,MYOM2,MYH7
2082,MYOM2,NEB
2083,MYOM2,RPS6
2084,MYOM2,RYR1
2085,MYOM2,TAF1
2086,SNAPIN,PLEC
2087,TCAP,HSPG2
2088,TTN,MYOM2
2089,DYSF,MYOM2
2090,MYOM2,ACTN2
2091,MYOM2,RYR1
2092,FMR1,AHNAK
2093,FMR1,BCLAF1
2094,FXR1,BCLAF1
2095,NXF1,BCLAF1
2096,ST7,FRAS1
2097,TBK1,CDK5RAP2
2098,NEK4,ALPK2
2099,NEK4,ASXL3
2100,NEK4,BCLAF1
2101,NEK4,FRAS1
2102,MSH6,HRAS
2103,MSH6,MAP2K1
2104,MSH6,NANS
2105,LRRC31,MSH6
2106,LRRC31,PHKB
2107,LRRC31,PLEC
2108,LRRC31,AHNAK
2109,RET,ROR2
2110,PTPRA,ROR2
2111,DUX4,AHNAK
2112,CIT,PLEC
2113,CIT,MSH6
2114,CIT,BCLAF1
2115,CIT,AHNAK
2116,CIT,RIF1
2117,CIT,AHNAK2
2118,CIT,MYOM2
2119,CIT,CDK5RAP2
2120,CIT,CELSR2
2121,ANLN,PLEC
2122,ANLN,AHNAK
2123,ANLN,BCLAF1
2124,ANLN,PLCD1
2125,AURKB,PLEC
2126,AURKB,MSH6
2127,AURKB,BCLAF1
2128,AURKB,AHNAK
2129,AURKB,PHKB
2130,AURKB,CDK5RAP2
2131,AURKB,XIRP1
2132,AURKB,MYOM2
2133,CHMP4B,PLEC
2134,CHMP4B,AHNAK
2135,CHMP4B,BCLAF1
2136,CHMP4B,AHNAK2
2137,CHMP4C,AHNAK
2138,ECT2,PLEC
2139,ECT2,AHNAK
2140,ECT2,BCLAF1
2141,ECT2,AHNAK2
2142,KIF14,PLEC
2143,KIF14,AHNAK
2144,KIF14,BCLAF1
2145,KIF14,AHNAK2
2146,KIF14,CDK5RAP2
2147,KIF14,XIRP1
2148,KIF14,PLCD1
2149,KIF20A,PLEC
2150,KIF20A,BCLAF1
2151,KIF20A,AHNAK
2152,KIF20A,AHNAK2
2153,KIF20A,CDK5RAP2
2154,KIF20A,PLCD1
2155,KIF23,PLEC
2156,KIF23,AHNAK
2157,KIF23,BCLAF1
2158,KIF23,MSH6
2159,KIF23,AHNAK2
2160,PRC1,PLEC
2161,PRC1,BCLAF1
2162,PRC1,CDK5RAP2
2163,PRC1,AHNAK
2164,BRD9,MSH6
2165,AR,TNS1
2166,GAB1,TNS1
2167,KIT,TNS1
2168,MET,TNS1
2169,TRIM55,SLC6A13
2170,TRIM63,SLC6A13
2171,PRNP,TNC
2172,AIM2,MSH6
2173,IFI16,MSH6
2174,PYHIN1,HSPG2
2175,ARHGAP21,AHNAK
2176,Arhgap33,RIF1
2177,ARHGEF1,RIF1
2178,SYDE2,PLEC
2179,VAV1,PLEC
2180,ARHGEF16,RIF1
2181,ARHGEF25,PLEC
2182,ARHGAP23,PLEC
2183,ARHGAP29,RIF1
2184,ARHGAP31,RIF1
2185,ARHGAP36,AHNAK
2186,ARHGAP42,PLEC
2187,ARHGEF4,PLEC
2188,DEPDC1B,PLEC
2189,DOCK5,RIF1
2190,ECT2L,PLEC
2191,FGD4,PLEC
2192,MCF2L2,RIF1
2193,MYO9A,PLEC
2194,NGEF,RIF1
2195,SH3BP1,PLEC
2196,SYDE1,RIF1
2197,VAV1,RIF1
2198,EGFR,TNS1
2199,ERBB2,TNS1
2200,ERBB3,TNS1
2201,ERBB4,TNS1
2202,HAX1,CDK5RAP2
2203,HAX1,POLE
2204,RHOT2,AHNAK2
2205,FASN,SZT2
2206,FASN,MED13
2207,MKI67,FRAS1
2208,SREBF2,MSH6
2209,C12orf49,MED13
2210,HNRNPH1,SZT2
2211,nsp13,CDK5RAP2
2212,nsp13,FYCO1
2213,nsp13ab,CDK5RAP2
2214,nsp13ab,CDK5RAP2
2215,nsp13ab,FYCO1
2216,RPN1,FRAS1
2217,SEC62,ROR2
2218,SEC61B,FRAS1
2219,LRRC59,MSH6
2220,INS,TNS1
2221,NMRAL1,PLEC
2222,USP14,RIF1
2223,SUMO2,AHNAK
2224,SUMO2,AHNAK2
2225,SUMO2,MSH6
2226,SUMO2,PLEC
2227,SUMO2,RIF1
2228,NDN,BCLAF1
2229,NDN,AHNAK
2230,Rnf183,AHNAK
2231,ZNF263,MSH6
2232,BRD4,MSH6
2233,NINL,DNAH1
2234,NUPR1,AHNAK
2235,NUPR1,BCLAF1
2236,NUPR1,PLEC
2237,E5,MMP14
2238,E5a,MMP14
2239,E5b,MMP14
2240,E6,MMP14
2241,PTP4A3,MYOM2
2242,C18orf8,MSH6
2243,TRIM21,PLEC
2244,CIC,RIF1
2245,CIC,BCLAF1
2246,CIC,POLE
2247,BRD4,MSH6
2248,BRD4,PLEC
2249,BRD4,POLE
2250,BRD4,BCLAF1
2251,BRD4,MED13
2252,BRD4,AHNAK
2253,BRD4,RIF1
2254,UBR5,MSH6
2255,nsp7,AHNAK
2256,M,AHNAK2
2257,Apc2,ALPK2
2258,Apc2,AHNAK
2259,Apc2,PLEC
2260,Apc2,MSH6
2261,FBXW7,MED13
2262,RBM39,BCLAF1
2263,FBP1,BCLAF1
2264,ORF6,FYCO1
2265,nsp10,MSH6
2266,nsp8,MSH6
2267,TNC,ANXA2
2268,SMOC1,TNC
2269,TNC,SMOC1
2270,TNC,SMOC1
2271,TNC,SMOC2
2272,TNC,SPARC
2273,TNC,SMOC1
2274,TNC,FN1
2275,TNC,PGK1
2276,TNC,CLU
2277,TNC,NID2
2278,nsp12,AHNAK
2279,HSP90AA1,HSPG2
2280,MMP14,TGM2
2281,WDR76,MSH6
2282,WDR76,HSPG2
2283,WDR76,PLEC
2284,WDR76,FRAS1
2285,WDR76,MSH6
2286,EIF3F,BCLAF1
2287,HDAC1,CDK5RAP2
2288,NR3C1,TNC
2289,NR3C1,POLE
2290,NR3C1,AHNAK2
2291,NR3C1,CDK5RAP2
2292,NR3C1,ASXL3
2293,MAP1LC3C,FYCO1
2294,MAP1LC3C,FYCO1
2295,INSIG1,HSPG2
2296,ASXL1,BCLAF1
2297,ASXL1,BCLAF1
2298,vpr,BCLAF1
2299,RIN3,MSH6
2300,RIN3,PLEC
2301,DNAJC25,BCLAF1
2302,DNAJB5,CDK5RAP2
2303,DNAJC25,ROR2
2304,DNAJC25,FRAS1
2305,DNAJC5B,ROR2
2306,DNAJC5,ROR2
2307,DNAJC7,POLE
2308,DNAJC7,CDK5RAP2
2309,LRRC61,CDK5RAP2
2310,PRKACA,ROR2
2311,DNAJB13,CDK5RAP2
2312,DNAJB8,CDK5RAP2
2313,MED7,MED13
2314,MED13,MED31
2315,MED13,MED30
2316,MED13,MED18
2317,MED13,MED12
2318,MED13,MED13L
2319,MED13,MED21
2320,MED13,MED9
2321,MED13,MED11
2322,MED13,MED26
2323,MED13,MED6
2324,MED13,MED19
2325,MED13,CCNC
2326,MED13,MED20
2327,MED13,MED1
2328,MED13,MED14
2329,MED13,MED22
2330,MED13,MED28
2331,MED13,MED10
2332,MED13,MED27
2333,MED13,MED4
2334,MED13,MED8
2335,MED13,CDK19
2336,MED13,MED17
2337,MED13,CDK8
2338,MED13,MED15
2339,MED13,POLR2I
2340,POLR2E,MED13
2341,MYOM2,EHMT2
2342,POLR2C,MED13
2343,MED13,POLR2A
2344,ASF1A,RIF1
2345,MED13,POLR2B
2346,MED13,POLR2H
2347,MED13,MED29
2348,MED13,MED12L
2349,MED13,ACAD11
2350,MED13,MED24
2351,MED13,POLR2G
2352,MED13,MED16
2353,RIF1,C15orf41
2354,SMCHD1,RIF1
2355,CDAN1,RIF1
2356,RIF1,UBN2
2357,TRIM21,RIF1
2358,HIRA,RIF1
2359,TDRKH,PLEC
2360,IDH2,RIF1
2361,KDM4C,RIF1
2362,ERP44,RIF1
2363,RIF1,CABIN1
2364,EPB41L3,RIF1
2365,MED13,RPAP2
2366,UBN1,RIF1
2367,TLK2,RIF1
2368,MED23,MED13
2369,MKRN2,BCLAF1
2370,MKRN3,BCLAF1
2371,PHRF1,BCLAF1
2372,RBBP6,BCLAF1
2373,GLE1,BCLAF1
2374,MKRN2,CELSR2
2375,DDX58,MSH6
2376,DDX58,CDK5RAP2
2377,DDX58,TMTC2
2378,OGT,BCLAF1
2379,FBXO6,FRAS1
2380,FBXO6,HSPG2
2381,FBXO6,MMP14
2382,FBXO6,TNC
2383,MMP14,FBXO6
2384,FBXO6,MMP14
2385,BAG5,PLEC
2386,BAG5,AHNAK
2387,SPOP,PLEC
2388,ISG15,AHNAK
2389,ISG15,AHNAK2
2390,ISG15,BCLAF1
2391,ISG15,PLEC
2392,PARK2,BCLAF1
2393,UFL1,BCLAF1
2394,DDRGK1,BCLAF1
2395,ACBD5,CDK5RAP2
2396,AGPS,CDK5RAP2
2397,ANAPC2,CDK5RAP2
2398,APEX1,RIF1
2399,ARF6,ROR2
2400,ASF1A,RIF1
2401,ATP2A1,FRAS1
2402,B3GAT1,ROR2
2403,BCAP31,FRAS1
2404,C17orf59,CDK5RAP2
2405,C11orf52,ROR2
2406,CAV1,ROR2
2407,CAV1,AHNAK2
2408,CBX3,RIF1
2409,CCDC14,CDK5RAP2
2410,CDK5RAP2,AKAP9
2411,CDK5RAP2,ALMS1
2412,CDK5RAP2,BIRC6
2413,CDK5RAP2,BUB1
2414,CDK5RAP2,CCDC18
2415,CDK5RAP2,CEP112
2416,CDK5RAP2,CEP131
2417,CDK5RAP2,CEP152
2418,CDK5RAP2,CEP192
2419,CDK5RAP2,CEP350
2420,CDK5RAP2,MAGED2
2421,CDK5RAP2,NCKAP5L
2422,CDK5RAP2,NEDD1
2423,CDK5RAP2,OFD1
2424,CDK5RAP2,PCNT
2425,CDK5RAP2,PIBF1
2426,CDK5RAP2,RPGRIP1L
2427,CDK5RAP2,SSX2IP
2428,CDK5RAP2,TEX9
2429,CDK5RAP2,TUBGCP2
2430,CDK5RAP2,TXNL1
2431,CDK5RAP2,C11orf49
2432,CDK5RAP2,CCP110
2433,CDK5RAP2,LRRC49
2434,CDK5RAP2,PRKAR2A
2435,CDK5RAP2,STXBP4
2436,CDK5RAP2,TRIM36
2437,CENPA,MSH6
2438,CENPA,POLE
2439,CEP135,CDK5RAP2
2440,CLTA,AHNAK2
2441,COIL,MSH6
2442,CXADR,ROR2
2443,DCTN2,CDK5RAP2
2444,DDX23,BCLAF1
2445,DERL1,FRAS1
2446,DHFRL1,CDK5RAP2
2447,DHX40,BCLAF1
2448,DHX8,BCLAF1
2449,DIRAS3,ROR2
2450,EBAG9,ROR2
2451,EMD,FRAS1
2452,EPB41L4A,ROR2
2453,FLOT1,PLEC
2454,FLOT1,ROR2
2455,GJA1,ROR2
2456,GJD3,ROR2
2457,GOLGA1,AHNAK2
2458,HIST1H2BG,MSH6
2459,HIST1H2BG,RIF1
2460,HIST1H3A,RIF1
2461,KRAS,ROR2
2462,KRAS,CELSR2
2463,KRT18,PLEC
2464,KRT19,CDK5RAP2
2465,KRT19,PLEC
2466,KRT8,CDK5RAP2
2467,KRT8,PLEC
2468,LAMP1,AHNAK2
2469,LAMP2,FYCO1
2470,LAMP2,ROR2
2471,LAMP2,SZT2
2472,LAMP3,ROR2
2473,LAMTOR1,FYCO1
2474,LAMTOR1,ROR2
2475,LAMTOR1,SZT2
2476,LATS1,CDK5RAP2
2477,LCK,ROR2
2478,LCK,AHNAK2
2479,LYN,ROR2
2480,LYN,AHNAK2
2481,MAPRE1,CDK5RAP2
2482,MAPRE3,CDK5RAP2
2483,MARCKS,ROR2
2484,METTL7A,ROR2
2485,MLLT4,ROR2
2486,NDC80,CDK5RAP2
2487,NEFM,PLEC
2488,OCLN,ROR2
2489,PANX1,ROR2
2490,PARD3,ROR2
2491,PCM1,CDK5RAP2
2492,PCNT,CDK5RAP2
2493,PCNT,PLEC
2494,PFN1,AHNAK2
2495,POLR2C,CDK5RAP2
2496,PRPH,PLEC
2497,PXN,CDK5RAP2
2498,RAB11A,AHNAK2
2499,RAB11A,ROR2
2500,RAB2A,ROR2
2501,RAB35,ROR2
2502,RAB4A,AHNAK2
2503,RAB5A,ROR2
2504,RAB9A,FYCO1
2505,RAB9A,ROR2
2506,RAB9A,SZT2
2507,RHOB,ROR2
2508,RPN1,FRAS1
2509,RPN2,FRAS1
2510,SASS6,CDK5RAP2
2511,SEC61B,FRAS1
2512,SEC62,CELSR2
2513,SEC62,FRAS1
2514,SEPT10,CDK5RAP2
2515,STIL,CDK5RAP2
2516,STX4,CELSR2
2517,STX4,ROR2
2518,STX6,AHNAK2
2519,STX6,ROR2
2520,STX7,CELSR2
2521,STX7,ROR2
2522,SYNE3,CDK5RAP2
2523,SYNE3,PLEC
2524,TERF2IP,RIF1
2525,VIM,PLEC
2526,ZFPL1,ROR2
2527,ZNF330,POLE
2528,ZNF330,MSH6
2529,ZYX,AHNAK2
2530,TRIM37,PLEC
2531,TRIM37,AHNAK
2532,USP2,AHNAK
2533,FZR1,MSH6
2534,MBD1,TNC
2535,DDX39A,TMTC2
2536,DDX39A,ROR2
2537,WDR5,PLEC
2538,WDR5,BCLAF1
2539,WDR5,TNS1
2540,PAGE4,RIF1
2541,PAGE4,BCLAF1
2542,NUDCD2,PLEC
2543,NAA40,MSH6
2544,NAA40,BCLAF1
2545,NAA40,RIF1
2546,NAA40,AHNAK
2547,NAA40,AHNAK2
2548,VPS33A,CDK5RAP2
2549,VPS33A,POLE
2550,SMAD4,FYCO1
2551,ZBTB2,BCLAF1
2552,ZBTB2,MSH6
2553,SOSTDC1,PLEC
2554,SCN4A,XIRP1
2555,GAA,B4GALNT3
2556,PCDHB11,TMTC2
2557,LUC7L,BCLAF1
2558,FGL2,CDK5RAP2
2559,POLE4,POLE
2560,MAS1,RIF1
2561,MED10,MED13
2562,LPXN,CDK5RAP2
2563,RBM24,PLCD1
2564,ALPK2,SPRYD3
2565,GPHA2,FRAS1
2566,LLGL2,BCLAF1
2567,ALPK2,TYW3
2568,KXD1,FYCO1
2569,TMEM9,RIF1
2570,HIF1AN,FYCO1
2571,ERH,BCLAF1
2572,OCIAD1,RIF1
2573,ARMC10,AHNAK2
2574,CCDC68,FYCO1
2575,INSC,GPSM2
2576,SNAPC4,POLE
2577,ANK1,NELFB
2578,MED29,MED13
2579,TSGA10IP,SZT2
2580,PRMT8,BCLAF1
2581,GFOD1,PLEC
2582,CHL1,ANK1
2583,USP36,CELSR2
2584,GOT1,PLEC
2585,MLF1,CDK5RAP2
2586,SIX3,AHNAK2
2587,ANK1,PDS5B
2588,FBXO3,PLCD1
2589,POLE3,POLE
2590,ZCCHC9,AHNAK
2591,SPSB4,CELSR2
2592,PTGES3,POLE
2593,PTDSS1,PLEC
2594,TCL1B,MED13
2595,PYCR2,AHNAK2
2596,DUSP16,POLE
2597,B4GALNT3,SMEK2
2598,RSPH6A,MYOM2
2599,FYCO1,CCT6A
2600,CDK19,MED13
2601,DFNA5,PLEC
2602,H2BFWT,HSPG2
2603,WSB2,BCLAF1
2604,TCP10L,FYCO1
2605,OMP,AHNAK2
2606,ADAMTS17,FRAS1
2607,DEPDC5,SZT2
2608,ADAMTS13,CELSR2
2609,KRT40,CDK5RAP2
2610,PNMA2,PLCD1
2611,ITFG2,SZT2
2612,CD160,CELSR2
2613,INSC,DNAJC1
2614,CADPS,FYCO1
2615,HNRNPC,BCLAF1
2616,ALPK2,VAPA
2617,RPL23,CELSR2
2618,NR1I3,MED13
2619,GRB10,AHNAK2
2620,ALPK2,OBSL1
2621,TACSTD2,CELSR2
2622,TEX35,PLCD1
2623,LARP4B,BCLAF1
2624,MED21,MED13
2625,GDF5,PLCD1
2626,IL31RA,PLCD1
2627,TULP3,PHKB
2628,INSC,SERPINB4
2629,LRRC55,B4GALNT3
2630,LINC01587,CDK5RAP2
2631,LMO2,AHNAK2
2632,CLEC12B,B4GALNT3
2633,PPP1CA,RIF1
2634,RBPJL,CELSR2
2635,FYCO1,MLYCD
2636,MMP14,TMEM120B
2637,C15orf59,CDK5RAP2
2638,SCGB2A2,B4GALNT3
2639,FYCO1,CCT7
2640,FYCO1,CCT2
2641,PCK2,AHNAK2
2642,PYHIN1,PLCD1
2643,SAP18,PHKB
2644,CCNC,MED13
2645,CORO2A,BCLAF1
2646,FAM81B,CDK5RAP2
2647,FAM120AOS,AHNAK2
2648,INSC,RAP1A
2649,FYCO1,TCP1
2650,FKBP11,AHNAK2
2651,FAM24B,PLEC
2652,CARTPT,PHKB
2653,C2CD4B,PHKB
2654,RYK,CELSR2
2655,PILRA,B4GALNT3
2656,PPL,AHNAK
2657,GJB7,AHNAK2
2658,DEFB131,AHNAK2
2659,CALM1,PHKB
2660,LUC7L2,BCLAF1
2661,PTDSS1,PLCD1
2662,GPBP1,PLCD1
2663,ALPK2,ARRB1
2664,CSNK2A1,BCLAF1
2665,NLRP8,DNAJB5
2666,INSC,LCN2
2667,USP51,AHNAK2
2668,PRKACB,CDK5RAP2
2669,CDK8,MED13
2670,ALPK2,TRIP6
2671,ATP2A1,B4GALNT3
2672,GPR182,RIF1
2673,CCDC68,PLEC
2674,C11orf57,BCLAF1
2675,KRT34,PLEC
2676,ZCCHC9,AHNAK2
2677,SMARCD1,PLCD1
2678,PSG8,FRAS1
2679,CCDC101,FYCO1
2680,C7orf60,SZT2
2681,TNNT1,CDK5RAP2
2682,KNSTRN,CDK5RAP2
2683,SLC35G1,FYCO1
2684,MED7,MED13
2685,LGALS3BP,PHKB
2686,SLC39A9,RIF1
2687,MMP14,TMX1
2688,NLRP8,DNAJB4
2689,B4GALNT3,CDK5RAP3
2690,ASF1A,RIF1
2691,RAPGEF5,ANK1
2692,ALPK2,NAA10
2693,OR2A4,PLEC
2694,DTWD2,CELSR2
2695,CERS2,AHNAK2
2696,DCANP1,CELSR2
2697,TMEM9B,RIF1
2698,DYNLL2,CDK5RAP2
2699,MED20,MED13
2700,U2AF2,BCLAF1
2701,SRSF11,BCLAF1
2702,ZNF284,AHNAK2
2703,NMS,FRAS1
2704,VAPB,CELSR2
2705,C1orf87,CDK5RAP2
2706,DYM,PLCD1
2707,NXPH2,CELSR2
2708,ZAR1L,CDK5RAP2
2709,SCGB1D1,FRAS1
2710,TINAGL1,HSPG2
2711,CERS2,AHNAK
2712,RAMP1,FYCO1
2713,STK11,FYCO1
2714,RPS14P3,CELSR2
2715,HPSE2,FRAS1
2716,DOCK5,SZT2
2717,TMEM106A,ROR2
2718,FTSJ3,FYCO1
2719,PRPS1,CDK5RAP2
2720,ANK1,PIKFYVE
2721,PDE4DIP,CDK5RAP2
2722,LGALS1,FRAS1
2723,INSC,A2ML1
2724,C1QTNF7,MYOM2
2725,CERS2,PLEC
2726,MED1,MED13
2727,CEP57,CDK5RAP2
2728,PHKG2,PHKB
2729,DOK4,PHKB
2730,GOT1,AHNAK2
2731,FBXO2,HSPG2
2732,B4GALNT3,PCBP3
2733,LGALS1,CELSR2
2734,GPR17,RIF1
2735,FBXO10,CELSR2
2736,INSC,KDM5C
2737,YWHAG,BCLAF1
2738,PAIP2B,BCLAF1
2739,AHNAK,PLEKHG3
2740,CREB3L3,CELSR2
2741,GML,FRAS1
2742,MPPED1,PHKB
2743,MED4,MED13
2744,PRG3,FRAS1
2745,SAAL1,B4GALNT3
2746,PDGFRA,B4GALNT3
2747,ALPK2,VAPB
2748,RAPGEF5,PLEC
2749,C17orf59,CDK5RAP2
2750,AHNAK2,NUDT14
2751,PRPS2,CDK5RAP2
2752,INSC,GPSM1
2753,P2RY10,RIF1
2754,VBP1,PHKB
2755,LRRC46,POLE
2756,NAALADL2,CELSR2
2757,ZBTB44,FYCO1
2758,ST8SIA4,FRAS1
2759,LOC254896,CELSR2
2760,ALPK2,TRIM41
2761,C2CD4B,FRAS1
2762,KPTN,SZT2
2763,CTAG2,CDK5RAP2
2764,CMA1,CELSR2
2765,KRT72,FYCO1
2766,WHAMMP3,CDK5RAP2
2767,ANK1,FIG4
2768,NAA11,CELSR2
2769,SSX6,CELSR2
2770,MMP14,C8A
2771,B4GALNT3,FAM175B
2772,CDH16,CELSR2
2773,C1orf54,B4GALNT3
2774,TTC9C,POLE
2775,C1QTNF2,SZT2
2776,CDHR2,TMTC2
2777,PIPSL,CDK5RAP2
2778,MMP14,GSTCD
2779,ZNF408,FRAS1
2780,ZNF408,HSPG2
2781,FGF12,PHKB
2782,ANK1,VAC14
2783,KRT222,PLEC
2784,S100A6,CDK5RAP2
2785,ALPK2,CSNK1G3
2786,IGHG1,FRAS1
2787,INSC,MUL1
2788,DKKL1,FRAS1
2789,PCDH20,CELSR2
2790,NTN5,FRAS1
2791,SPACA1,RIF1
2792,MED23,MED13
2793,LGALS3BP,POLE
2794,STX17,PLEC
2795,FAM9C,CDK5RAP2
2796,INSC,HAUS5
2797,SOCS7,XIRP1
2798,ABCF3,FYCO1
2799,CSTL1,CELSR2
2800,NEFM,PLEC
2801,MED18,MED13
2802,PSG8,CELSR2
2803,ALPK2,OBFC1
2804,KRT38,FYCO1
2805,ABCA2,XIRP1
2806,ZBBX,CELSR2
2807,DKKL1,POLE
2808,ARGLU1,BCLAF1
2809,KLK5,FRAS1
2810,CSTL1,FRAS1
2811,ZSCAN21,FRAS1
2812,PCDHGB1,CELSR2
2813,POLE,POLE2
2814,GPR64,RIF1
2815,ADAMTS17,CELSR2
2816,ALPK2,NAA16
2817,PNN,BCLAF1
2818,C16orf45,POLE
2819,ZHX1-C8orf76,PHKB
2820,MMP14,LRRC15
2821,ALPK2,NAA15
2822,DKKL1,CELSR2
2823,MKNK1,AHNAK2
2824,DTNB,FYCO1
2825,SUSD4,FRAS1
2826,FBXO2,FRAS1
2827,SIRT3,AHNAK2
2828,PCDHGB1,TMTC2
2829,TRUB2,FYCO1
2830,C2CD4B,CELSR2
2831,MCM5,CELSR2
2832,ZFP41,FRAS1
2833,MED22,MED13
2834,ANXA2,AHNAK2
2835,INSC,MAVS
2836,PCDH12,CELSR2
2837,KRT39,PLEC
2838,HNRNPCL1,BCLAF1
2839,NUP210P1,CELSR2
2840,ALPK2,ARRB2
2841,LRRTM1,FRAS1
2842,PXK,PHKB
2843,MED24,MED13
2844,LYPD6,CELSR2
2845,CEACAM8,FRAS1
2846,CC2D1B,CELSR2
2847,IGFL3,FRAS1
2848,CCDC71,FYCO1
2849,ASF1B,RIF1
2850,MED28,MED13
2851,CLEC4A,ROR2
2852,ALPK2,CERK
2853,AHNAK,PPP1R9A
2854,TMEM30B,CELSR2
2855,PPP2R2B,PLEC
2856,FAM9C,FYCO1
2857,KRT37,CDK5RAP2
2858,TAZ,FRAS1
2859,DUSP16,CDK5RAP2
2860,INSC,ENPP1
2861,ALPK2,HYPK
2862,RAMP1,PHKB
2863,KRT14,PLEC
2864,PHKA2,PHKB
2865,MGAT4C,FRAS1
2866,FYCO1,CCT6B
2867,SLC15A1,RIF1
2868,USP6NL,PLCD1
2869,ALPK2,C2CD4B
2870,CSF3,AHNAK2
2871,ACVR2B,ROR2
2872,SOCS1,CELSR2
2873,KRT78,PLEC
2874,MMP14,TIMP2
2875,MMP14,TIMP3
2876,DEFA5,FRAS1
2877,XIRP1,CETN2
2878,FYCO1,CCT3
2879,KRT16,PLEC
2880,PPP1CC,RIF1
2881,DUSP16,SZT2
2882,CLK2,BCLAF1
2883,RALBP1,CDK5RAP2
2884,C6orf141,PLEC
2885,FYCO1,DTNA
2886,KRT23,PLEC
2887,PPP1R12B,ANK1
2888,EHBP1,CELSR2
2889,MB,ANK1
2890,DNAJC7,POLE
2891,C2CD4A,CELSR2
2892,SNRNP70,BCLAF1
2893,SNIP1,BCLAF1
2894,PNMAL1,B4GALNT3
2895,MED19,MED13
2896,MMP14,SERPINB5
2897,ALPK2,FBXO45
2898,CCDC96,CDK5RAP2
2899,SLU7,FYCO1
2900,SRPK2,BCLAF1
2901,TIMP3,FRAS1
2902,NOBOX,CDK5RAP2
2903,INSC,OCIAD1
2904,LAG3,CELSR2
2905,CTCFL,FYCO1
2906,BAP1,ASXL3
2907,DYNLL1,CDK5RAP2
2908,CD3D,SZT2
2909,INSC,TRIM65
2910,PRELID2,CDK5RAP2
2911,ST8SIA4,CELSR2
2912,THRAP3,BCLAF1
2913,FYCO1,SASS6
2914,SOCS7,CELSR2
2915,LURAP1,CDK5RAP2
2916,UPK2,CELSR2
2917,ALPK2,MYCBP2
2918,PRKAR2B,CDK5RAP2
2919,BSG,RIF1
2920,MED17,MED13
2921,SLU7,PHKB
2922,RNF145,FYCO1
2923,CAMKV,BCLAF1
2924,PER1,BCLAF1
2925,PIGF,FYCO1
2926,KRT38,CDK5RAP2
2927,FBXL4,PLCD1
2928,KRT86,FYCO1
2929,MED12,MED13
2930,STX17,AHNAK2
2931,MMP14,POF1B
2932,TRIM52,CDK5RAP2
2933,SPSB2,CELSR2
2934,BTNL2,ROR2
2935,HLA-B,RIF1
2936,ALS2CR12,AHNAK2
2937,B4GALT4,HSPG2
2938,HLA-G,ROR2
2939,GPR45,MMP14
2940,ZNF444,FRAS1
2941,IL17F,HSPG2
2942,TRGV3,FRAS1
2943,METTL21B,POLE
2944,NXPH2,FRAS1
2945,SRMS,PLCD1
2946,CSGALNACT1,PLCD1
2947,PRELP,FRAS1
2948,HSPA9,AHNAK
2949,WDR25,FRAS1
2950,RAB39B,PLCD1
2951,FGFRL1,CELSR2
2952,GPR173,CELSR2
2953,PODN,FRAS1
2954,CAMKV,HSPG2
2955,SLC22A9,ROR2
2956,MFSD4,RIF1
2957,KLK5,CELSR2
2958,ADAMTS4,FRAS1
2959,ASIC4,ROR2
2960,GAA,HSPG2
2961,FIGLA,HSPG2
2962,CSNK2A2,AHNAK2
2963,ADAM30,FRAS1
2964,TMEM106A,TMTC2
2965,VIPR2,RIF1
2966,GGH,TMTC2
2967,C18orf21,AHNAK2
2968,SGIP1,PLCD1
2969,ZNF444,HSPG2
2970,RPL10,FRAS1
2971,LY86,ROR2
2972,MMP14,GALNT1
2973,FYCO1,HAUS5
2974,GPIHBP1,FRAS1
2975,UGT1A7,ROR2
2976,FBXO6,CELSR2
2977,SDF2L1,HSPG2
2978,ARL4D,CELSR2
2979,PI15,HSPG2
2980,FBXO6,HSPG2
2981,TSPAN5,CELSR2
2982,C17orf78,CELSR2
2983,HSPB8,POLE
2984,S1PR4,CELSR2
2985,ICAM4,FRAS1
2986,ANK1,ANO6
2987,KDELR2,PLCD1
2988,ANXA9,PLCD1
2989,SFTPC,ROR2
2990,CDHR4,CELSR2
2991,OGFOD3,ROR2
2992,IL5RA,HSPG2
2993,LYPD1,FRAS1
2994,DHFR,CELSR2
2995,SSUH2,AHNAK2
2996,ASIC1,ROR2
2997,P2RY8,RIF1
2998,KLHDC2,FYCO1
2999,POLE2,POLE
3000,CLDND1,MMP14
3001,FCGR1A,CELSR2
3002,ITGAD,PLCD1
3003,CIB2,POLE
3004,PCDHB7,TMTC2
3005,DHRS12,PLCD1
3006,PRTN3,FRAS1
3007,GPC5,HSPG2
3008,KCNC3,TNS1
3009,GPBAR1,CELSR2
3010,CBLN4,CELSR2
3011,PSG11,POLE
3012,ECEL1,ROR2
3013,PEMT,PLCD1
3014,CFC1,FRAS1
3015,ZNF252P-AS1,CELSR2
3016,PHF11,AHNAK2
3017,PINK1,AHNAK2
3018,KCNE3,PLCD1
3019,AHNAK,CDC42EP1
3020,TIMP3,POLE
3021,F11R,PLCD1
3022,INHBE,FRAS1
3023,METTL21B,PHKB
3024,GSPT2,BCLAF1
3025,SRSF6,BCLAF1
3026,DUSP14,PLCD1
3027,PRG2,B4GALNT3
3028,UBXN6,POLE
3029,KLK3,FRAS1
3030,KLK15,CELSR2
3031,GPR45,MSH6
3032,PTCH1,ROR2
3033,IL5RA,FRAS1
3034,HLA-C,ROR2
3035,BRICD5,HSPG2
3036,B3GAT2,FRAS1
3037,SIRPD,FRAS1
3038,PCDHA8,ROR2
3039,FYCO1,PARP14
3040,LYZL1,FRAS1
3041,EMILIN1,AHNAK2
3042,SDF2L1,TMTC2
3043,CTSG,FRAS1
3044,FNDC5,HSPG2
3045,SIRT6,FYCO1
3046,FGF4,HSPG2
3047,PLD5,PLCD1
3048,NPAS1,POLE
3049,CARD9,CDK5RAP2
3050,PRG2,CELSR2
3051,FYCO1,IQSEC1
3052,TULP3,HSPG2
3053,NRSN1,AHNAK2
3054,PLOD3,AHNAK
3055,NCR3,FRAS1
3056,C20orf195,CELSR2
3057,LATS1,MYOM2
3058,CMA1,FRAS1
3059,SCG5,PLCD1
3060,CD3E,ROR2
3061,SIRPD,HSPG2
3062,B4GALT2,POLE
3063,FPR1,RIF1
3064,CLK3,BCLAF1
3065,SDF2L1,FRAS1
3066,CDH8,CELSR2
3067,SRSF7,BCLAF1
3068,PLBD1,POLE
3069,IL5RA,CELSR2
3070,EDA,CELSR2
3071,ZNF707,FRAS1
3072,PRG2,FRAS1
3073,SIRPD,CELSR2
3074,FAM174A,MSH6
3075,ADAM30,ROR2
3076,CEACAM21,CELSR2
3077,GDF9,HSPG2
3078,FAM96A,POLE
3079,SDF2L1,ROR2
3080,FLRT1,CELSR2
3081,KLRD1,ROR2
3082,NXPH3,FRAS1
3083,RCCD1,FYCO1
3084,F2RL1,RIF1
3085,ZC3HC1,AHNAK2
3086,SNRPC,BCLAF1
3087,ANK1,BRI3BP
3088,SLURP1,ROR2
3089,GGH,FRAS1
3090,PTRH1,MED13
3091,PPARD,POLE
3092,C9orf163,POLE
3093,CD7,CELSR2
3094,ANK1,FGFR1
3095,FIGF,FRAS1
3096,MBNL1,AHNAK2
3097,B4GAT1,ROR2
3098,FYCO1,TCF7L2
3099,RFXANK,POLE
3100,PRG2,HSPG2
3101,SAP18,CELSR2
3102,CBLN4,FRAS1
3103,GPR45,RIF1
3104,ZDHHC23,AHNAK2
3105,FGF1,HSPG2
3106,KLK2,ROR2
3107,LYZL1,ROR2
3108,FYCO1,EXPH5
3109,HLA-DRB1,ROR2
3110,CHCHD2,BCLAF1
3111,IDS,HSPG2
3112,HLA-E,ROR2
3113,BRICD5,ROR2
3114,MSH2,MSH6
3115,NXPH3,CELSR2
3116,CD1B,ROR2
3117,C21orf33,PLCD1
3118,PCDHB3,TMTC2
3119,LY86,CELSR2
3120,CAPZA2,PLCD1
3121,TNFSF14,RIF1
3122,ANK1,FKBP8
3123,GAA,ROR2
3124,BAG2,POLE
3125,DKKL1,MMP14
3126,ELSPBP1,ROR2
3127,FPR2,RIF1
3128,WISP3,FRAS1
3129,PCDHB3,ROR2
3130,TSPAN33,MYOM2
3131,LOXL3,HSPG2
3132,FBXL19,MED13
3133,TSPAN15,CELSR2
3134,MGARP,RIF1
3135,AGPAT1,AHNAK2
3136,EDN3,HSPG2
3137,HLA-DQA1,ROR2
3138,QPCT,FRAS1
3139,TMTC4,PLCD1
3140,IQUB,PLCD1
3141,TXNL4B,AHNAK2
3142,NCR3,CELSR2
3143,SRFBP1,PLCD1
3144,C12orf74,POLE
3145,FOS,PLCD1
3146,APLNR,RIF1
3147,LRRN4CL,MMP14
3148,CDHR4,FRAS1
3149,POLE,CHTF18
3150,DTX3,AHNAK
3151,SPRTN,MSH6
3152,BTF3,AHNAK
3153,BTF3,BCLAF1
3154,BTF3,PLEC
3155,SLFN11,RIF1
3156,ESR1,BCLAF1
3157,EP300,FRAS1
3158,EP300,FYCO1
3159,EP300,MSH6
3160,EP300,RIF1
3161,EEF1D,PLEC
3162,FBXW7,PLEC
3163,FBXW7,AHNAK
3164,FBXW7,MSH6
3165,FBXW7,BCLAF1
3166,FBXW7,HSPG2
3167,NRP1,AHNAK2
3168,IFITM1,FYCO1
3169,ANPEP,AHNAK2
3170,BSG,AHNAK2
3171,IFITM3,AHNAK2
3172,IFITM3,FYCO1
3173,ACE2,AHNAK2
3174,nsp1,PLEC
3175,ORF3a,ROR2
3176,ORF6,AHNAK2
3177,FGD5,AHNAK
3178,FGD5,PLEC
3179,LRRK1,CDK5RAP2
3180,LRRK1,CDK5RAP2
3181,TUBG1,CDK5RAP2
3182,YAP1,PLEC
3183,FBXO32,PLEC
3184,TOLLIP,AHNAK
3185,ASXL3,BAP1
3186,ASXL3,HCFC1
3187,ASXL3,FOXK1
3188,ASXL3,BRD4
3189,BRD4,ASXL3
3190,ASXL3,BAP1
3191,ASXL3,HCFC1
3192,ASXL3,FOXK1
3193,ASXL3,FOXK2
3194,ASXL3,OGT
3195,ASXL3,BRD4
3196,SIRT6,BCLAF1
3197,SIRT6,FYCO1
3198,SIRT6,MSH6
3199,DVL2,FRAS1
3200,DVL2,PLEC
3201,DGCR8,MSH6
3202,PER2,AHNAK
3203,PER2,PLEC
3204,EN1,RIF1
3205,YY1,RIF1
3206,GLI3,HSPG2
3207,BRD3,RIF1
3208,BRD2,RIF1
3209,AR,MED13
3210,vpr,AHNAK
3211,BRD4,MSH6
3212,AXL,AHNAK
3213,HERC5,HSPG2
3214,RAC1,ROR2
3215,RHOG,ROR2
3216,RHOG,AHNAK2
3217,CDC42,ROR2
3218,RHOJ,ROR2
3219,RHOQ,ROR2
3220,RAC3,ROR2
3221,RHOA,ROR2
3222,RHOD,ROR2
3223,RHOF,ROR2
3224,RHOH,ROR2
3225,RND1,ROR2
3226,RND2,ROR2
3227,RND3,ROR2
3228,RAC2,ROR2
3229,RHOB,ROR2
3230,RHOC,ROR2
3231,RHOU,ROR2
3232,RHOV,ROR2
3233,ORF3,MSH6
3234,AICDA,MSH6
3235,PML,AHNAK2
3236,PML,AHNAK
3237,ASXL3,BRD4
3238,FBXO43,AHNAK
3239,FBXO43,PLEC
3240,YTHDC1,MSH6
3241,YTHDC1,AHNAK
3242,EGFR,POLE
3243,KRAS,POLE
3244,KRAS,BCLAF1
3245,RIT1,POLE
3246,AGPAT6,MSH6
3247,ARFGEF1,MSH6
3248,BLM,RIF1
3249,CALM1,PHKB
3250,CALM1,CDK5RAP2
3251,CALM2,PHKB
3252,CALM3,PHKB
3253,CD2BP2,BCLAF1
3254,CPSF6,BCLAF1
3255,CSNK2B,BCLAF1
3256,CTTN,PLEC
3257,DDX21,BCLAF1
3258,DYNLL1,CDK5RAP2
3259,DYNLL2,CDK5RAP2
3260,FKBP5,POLE
3261,FUS,BCLAF1
3262,H2AFZ,MSH6
3263,H2AFZ,RIF1
3264,HIST2H2BE,MSH6
3265,HIST2H2BE,BCLAF1
3266,HIST2H2BE,RIF1
3267,HMGA1,RIF1
3268,INPPL1,AHNAK
3269,KPNA4,RIF1
3270,LMNB1,BCLAF1
3271,MAP1LC3B,FYCO1
3272,MAPRE1,CDK5RAP2
3273,MED10,MED13
3274,MED11,MED13
3275,MED14,MED13
3276,MED19,MED13
3277,MED21,MED13
3278,MED27,MED13
3279,MED28,MED13
3280,MED29,MED13
3281,MED31,MED13
3282,MED4,MED13
3283,MED9,MED13
3284,MIF,CDK5RAP2
3285,MSH6,FEN1
3286,MSH6,MSH2
3287,MSH6,PCNA
3288,MSH6,MCM8
3289,MSH6,HIST1H2AJ
3290,MSH6,SMARCAD1
3291,MSH6,EXO1
3292,MSH6,HIST1H2BD
3293,MSH6,ZDBF2
3294,MSH6,MCM9
3295,MSH6,C17orf53
3296,MSH6,TATDN3
3297,MYO1E,RIF1
3298,NECAP1,RIF1
3299,NUCKS1,RIF1
3300,NUMA1,RIF1
3301,OST4,RIF1
3302,PARP1,MSH6
3303,PHKG2,PHKB
3304,POLR1D,MED13
3305,PRKACA,CDK5RAP2
3306,PRPF4B,BCLAF1
3307,PTGES3,POLE
3308,PTGES3,MSH6
3309,RBM39,BCLAF1
3310,RNF40,BCLAF1
3311,SF3A1,BCLAF1
3312,SF3A2,BCLAF1
3313,SF3B1,BCLAF1
3314,SMARCAD1,MSH6
3315,SNRPA,BCLAF1
3316,SNRPB,BCLAF1
3317,SNRPC,BCLAF1
3318,SNRPF,BCLAF1
3319,SSRP1,RIF1
3320,SSRP1,POLE
3321,SSRP1,BCLAF1
3322,SSRP1,MSH6
3323,SUPT5H,BCLAF1
3324,TOP1,MSH6
3325,TOP1,BCLAF1
3326,VRK1,RIF1
3327,RAB7A,FYCO1
3328,SNX27,AHNAK2
3329,RNF43,ROR2
3330,ROR2,RNF43
3331,RNF43,ROR2
3332,RNF43,AHNAK2
3333,ATG9A,ROR2
3334,SOX2,PLCD1
3335,RNF113A,RIF1
3336,PHLPP1,PLEC
3337,PHLPP1,AHNAK2
3338,PHLPP1,AHNAK
3339,FOXC1,MSH6
3340,LMNA,RIF1
3341,FOLR1,AHNAK
3342,FOLR1,PLEC
3343,NUP43,BCLAF1
3344,NUP43,AHNAK2
3345,DTX2,ROR2
3346,NEIL3,PLEC
3347,PRMT1,BCLAF1
3348,PRMT1,PLEC
3349,PRMT1,RIF1
3350,PRMT1,PHKB
3351,MYCN,BCLAF1
3352,MYC,BCLAF1
3353,MYC,PLEC
3354,MYC,AHNAK
3355,RIF1,PPP1CA
3356,PPP1CA,RIF1
3357,C9orf78,MSH6
3358,PCBP1,AHNAK
3359,KIAA1715,PHKB
3360,PARK2,AHNAK
3361,PARK2,PLEC
3362,WWP1,BCLAF1
3363,PARP1,POLE
3364,PARP1,PHKB
3365,RNF38,PLEC
3366,RNF38,AHNAK
3367,CUL3,MSH6
3368,CUL3,FRAS1
3369,CUL3,RIF1
3370,CUL3,TNC
3371,CUL3,HSPG2
3372,CUL3,POLE
3373,CUL3,PLEC
3374,ROR2,MSX2
3375,MSX2,ROR2
3376,ROR2,MSX2
3377,STK11,BCLAF1
3378,RB1,MED13
3379,KEAP1,MED13
3380,MSH2,MSH6
3381,MSH6,UL29
3382,MSH6,UL12
3383,UL12,MSH6
3384,DCAF8L2,BCLAF1
3385,ARF6,CDK5RAP2
3386,ARF6,AHNAK
3387,ARL4C,AHNAK
3388,ARL4D,BCLAF1
3389,ARL4D,RIF1
3390,ARL13B,AHNAK
3391,ARL14,AHNAK
3392,ARL15,AHNAK
3393,HDAC6,PLEC
3394,HDAC6,AHNAK
3395,SBNO1,MSH6
3396,PLOD2,AHNAK2
3397,TNPO2,MSH6
3398,HTATSF1,BCLAF1
3399,NBN,MSH6
3400,FLNB,AHNAK
3401,WDHD1,MSH6
3402,RSL1D1,BCLAF1
3403,SMC2,MSH6
3404,AIFM1,PLEC
3405,TP53,MSH6
3406,HSPB1,AHNAK
3407,CDK1,POLE
3408,EPHX1,BCLAF1
3409,CTSD,PLEC
3410,ANXA2,AHNAK
3411,HNRNPA1,PLEC
3412,PARP1,POLE
3413,POLA1,POLE
3414,HSPA1A,AHNAK
3415,HSPD1,AHNAK
3416,TOP1,POLE
3417,TOP2A,POLE
3418,PABPC1,AHNAK
3419,PCNA,MSH6
3420,PCNA,POLE
3421,EEF2,AHNAK
3422,PLS3,PLEC
3423,DSP,AHNAK
3424,RPA2,POLE
3425,LIG1,POLE
3426,CCNA2,POLE
3427,CDK11B,BCLAF1
3428,FLNA,AHNAK
3429,CD9,BCLAF1
3430,PAICS,AHNAK
3431,PAICS,PLEC
3432,WARS,PLEC
3433,RPS3,BCLAF1
3434,AHCY,AHNAK
3435,AHCY,PLEC
3436,DDX6,PLEC
3437,RPA1,POLE
3438,DCK,MSH6
3439,POLD1,POLE
3440,PDIA3,AHNAK
3441,PDIA3,PLEC
3442,HNRNPH1,AHNAK
3443,RPA3,POLE
3444,RFC4,MSH6
3445,RFC1,MSH6
3446,MYH10,MSH6
3447,HSPA9,AHNAK
3448,MLH1,MSH6
3449,MATR3,MSH6
3450,MSH2,MSH6
3451,BRCC3,MSH6
3452,RPL5,BCLAF1
3453,POLD2,POLE
3454,PRIM1,POLE
3455,PRIM2,POLE
3456,RBM25,MSH6
3457,RBM25,FYCO1
3458,LIG4,AHNAK
3459,MRE11A,MSH6
3460,HNRNPM,AHNAK
3461,HNRNPM,PLEC
3462,KPNA2,MSH6
3463,MSH6,BLM
3464,MSH6,PPP4C
3465,MSH6,ACTR1A
3466,MSH6,PRKCZ
3467,MSH6,SRSF1
3468,MSH6,CHD3
3469,MSH6,FLII
3470,MSH6,SF3B2
3471,MSH6,PRPF4B
3472,MSH6,HDAC1
3473,MSH6,DCTN1
3474,MSH6,CAPRIN1
3475,MSH6,CHD4
3476,MSH6,RAB3GAP1
3477,MSH6,LRRFIP1
3478,MSH6,SMEK1
3479,MSH6,PBRM1
3480,MSH6,GATAD2A
3481,MSH6,SMARCC2
3482,MSH6,RAD50
3483,MSH6,SMARCC1
3484,MSH6,DDX23
3485,MSH6,NUCKS1
3486,MSH6,RAB3GAP2
3487,MSH6,BIRC6
3488,MSH6,POT1
3489,MSH6,BRE
3490,MSH6,PPP4R2
3491,MSH6,FAM120A
3492,MSH6,DCTN4
3493,MSH6,RCOR1
3494,MSH6,DICER1
3495,MSH6,USP15
3496,MSH6,IVNS1ABP
3497,PTTG1IP,BCLAF1
3498,POLE2,POLE
3499,S100A10,AHNAK
3500,RPL27,BCLAF1
3501,RPS15,BCLAF1
3502,RPL31,BCLAF1
3503,EEF1A1,PLEC
3504,FOXK1,PLEC
3505,PLOD1,AHNAK
3506,PLOD1,PLEC
3507,POLE,POLA2
3508,POLE,POLD3
3509,POLE,POLE3
3510,AHNAK,XRCC4
3511,AHNAK,SNW1
3512,AHNAK,CTTN
3513,AHNAK,CACYBP
3514,AHNAK,RRBP1
3515,AHNAK,PRRC2C
3516,IK,BCLAF1
3517,TCOF1,BCLAF1
3518,NOLC1,BCLAF1
3519,PLEC,PCBP1
3520,PLEC,ATXN2L
3521,RBBP5,PHKB
3522,DCAF8,BCLAF1
3523,AHNAK2,MIPEP
3524,AHNAK2,CPPED1
3525,C18orf25,BCLAF1
3526,IWS1,BCLAF1
3527,HIST1H2AJ,BCLAF1
3528,RTN4,BCLAF1
3529,BCLAF1,MRPS2
3530,HDAC6,TNS1
3531,ORF6,MSH6
3532,DYRK2,BCLAF1
3533,BRD4,BCLAF1
3534,PARK2,AHNAK
3535,,
