,GENE,INTERACTORS
0,SCN5A,"SCN5A,SNTB2,CRYAB,SCN5A,GAN,SCN5A,SCN5A,WWP2,CAV3,SCN5A,CALM1,SCN5A,GIG20,SCN5A,PIG53,SCN5A,Nedd4,SCN5A,SCN5A,SNTA1,CDK2,SCN5A,SCN5A,SNTB1"
1,MASP1,"CUL3,MASP1,CTA-215D11.2,MASP1,MASP1,NUDT21,GSK3B,MASP1,MAPK6,MASP1,MASP1,UFD1L,MASP1,RPS6KA6,MASP1,PDCD6IP,MASP1,NCK2,CDC37,MASP1,MAPK8IP2,MASP1,MASP1,RP11-263F14.2,ERBB3,MASP1,MASP1,RP11-393H10.3,H2AFX,MASP1,MASP1,RP11-346C16.5,MASP1,MASP2,MASP1,RP11-94H3.1,AP2M1,MASP1,MASP1,SERPING1,MASP1,RP5-975D15.1"
2,ADGRA3,
3,FAT4,"Nbla00548,ZBBX,Nbla00548,XCL1,DDX39A,Nbla00548,ATXN1,Nbla00548,Nbla00548,PSG8,Nbla00548,RYK,Nbla00548,UNQ360/PRO655,C2orf48,Nbla00548,Nbla00548,UNQ3098/PRO10075,NXF1,Nbla00548,Nbla00548,PCDHGB1,Nbla00548,RP11-485B17.2,Nbla00548,RP11-9E13.1,AAG4,Nbla00548,Nbla00548,SHMT2,Nbla00548,PRSS37,ENO1,Nbla00548,Nbla00548,RP6-206I17.5,DCDC2B,Nbla00548,Nbla00548,SIRT6,LL22NC03-10C3.2,Nbla00548,Nbla00548,UNQ735/PRO1429,Nbla00548,RPL28,NXPH2,Nbla00548"
4,DNAH5,
5,PDZD2,"HSPC225,PDZD2,ERBB2IP,PDZD2,CTNND2,PDZD2,PDZD2,PKP4,PDZD2,PP642,BAI1,PDZD2,NRXN1,PDZD2,NUP35,PDZD2,PDZD2,RAD21,MYC,PDZD2,DDX24,PDZD2"
6,SYNE1,"NTRK1,RP1-130E4.2,NUP107,RP1-130E4.2,RP1-130E4.2,RP11-104M22.1,MCM2,RP1-130E4.2,APC,RP1-130E4.2,RP1-130E4.2,RP1-147M19.1,HHV1gp089,RP1-130E4.2,IFT57,RP1-130E4.2,RP1-130E4.2,RP11-297K8.3,RP1-130E4.2,TRIM29,CEP63,RP1-130E4.2,RP1-130E4.2,TNIK,IFI16,RP1-130E4.2,GAN,RP1-130E4.2,RP1-130E4.2,RP11-386D8.2,RP1-130E4.2,XX-FW88778H2.1,PP2593,RP1-130E4.2,RP1-130E4.2,RP3-508I15.15-002,RP1-130E4.2,RP1-319D22.1,RP1-130E4.2,RP1-224A6.5,RP1-130E4.2,RP11-54H19.1,RP1-130E4.2,RP11-573G6.1,NUP35,RP1-130E4.2,RP1-130E4.2,SUZ12,Nde1,RP1-130E4.2,RP1-130E4.2,SH3BP5,RP1-130E4.2,RP1-130E4.2,OBSL1,RP1-130E4.2,RP1-130E4.2,SUN1,NDEL1,RP1-130E4.2,GS1-120K12.1,RP1-130E4.2,RP1-130E4.2,RP4-730B13.1,RP1-130E4.2,TERF2,EZH2,RP1-130E4.2,NLN,RP1-130E4.2"
7,ABCA13,"ABCA13,HAGH,ABCA13,APOA2,ABCA13,APOA1,ABCA13,CLK1,ABCA13,CUL3"
8,SETX,"MAPK8IP1,RP11-203M2.2,BRCA1,RP11-203M2.2,POLR2G,RP11-203M2.2,CD2AP,RP11-203M2.2,NME2P1,RP11-203M2.2,EGFR,RP11-203M2.2,RP1-319D22.1,RP11-203M2.2,AAG4,RP11-203M2.2,RP11-203M2.2,RP11-216L13.5,RP11-203M2.2,SUPT5H,ARHGAP1,RP11-203M2.2,GIG20,RP11-203M2.2,LA16c-358B7.1,RP11-203M2.2,CARD8,RP11-203M2.2,RP11-203M2.2,UNQ478/PRO941,POLR2F,RP11-203M2.2,RP11-203M2.2,SMN1,POLR2A,RP11-203M2.2,RP11-203M2.2,tcag7.561,RP11-203M2.2,SKAP1,MLST8,RP11-203M2.2,MEF2A,RP11-203M2.2,APBB1,RP11-203M2.2,RP11-203M2.2,SIGLECL1,RP11-203M2.2,SUMO2,Nhsl1,RP11-203M2.2,PAK1,RP11-203M2.2,RP11-203M2.2,RP23-43J1.4,PTEN,RP11-203M2.2,FZD10,RP11-203M2.2,RP11-203M2.2,VWA5A,PP1221,RP11-203M2.2,OK/SW-cl.43,RP11-203M2.2,RP11-203M2.2,VPS28,Kif7,RP11-203M2.2,RP11-203M2.2,UNQ766/PRO1558,RP11-203M2.2,SETMAR,APOA1,RP11-203M2.2,RP11-203M2.2,RP23-396G1.1,FKSG19,RP11-203M2.2,RP11-203M2.2,UNQ189/PRO215,NEUROG3,RP11-203M2.2,HSPC057,RP11-203M2.2"
9,CUBN,"GIF,RP11-416D8.1,LRP1,RP11-416D8.1,RP11-416D8.1,Rrp1b,GC,RP11-416D8.1,HMFN2073,RP23-97D20.1,HMFN2073,RP11-416D8.1,BRCA1,RP11-416D8.1,RP11-416D8.1,RP11-416D8.1,RP11-416D8.1,RRP1B,RP11-416D8.1,SCGB1A1,CBL,RP11-416D8.1,RP23-97D20.1,RP3-339A18.2"
10,PDCD11,"PDCD11,SIRT7,CEP164,PDCD11,FGF8,PDCD11,FGF3,PDCD11,LGR4,PDCD11,IFI16,PDCD11,NPM1,PDCD11,PDCD11,SCARNA22,HDAC11,PDCD11,PDCD11,hucep-1,PDCD11,RP11-367H5.3,EED,PDCD11,PDCD11,RPL18A,CBX8,PDCD11,HIV1gp6,PDCD11,HNRNPA1,PDCD11,CAND1,PDCD11,PDCD11,ZNF512,OBSL1,PDCD11,PDCD11,PRO2640,CCDC8,PDCD11,FBL,PDCD11,PDCD11,RP23-353J21.1,GS1-120K12.1,PDCD11,PDCD11,RP11-573G6.1,PDCD11,RP11-324J2.1,PDCD11,RP11-658F2.8,MECP2,PDCD11,CUL3,PDCD11,PDCD11,RPL18,PDCD11,SUZ12,NTRK1,PDCD11,CUL7,PDCD11,PDCD11,SUPT6H,DADB-70P7.10-021,PDCD11,CAGF28,PDCD11,PDCD11,RPGRIP1L,PDCD11,SRPK3,PDCD11,S100A8,PDCD11,RP11-458I7.3,PDCD11,ZSCAN31,PDCD11,TMEM67,PDCD11,RP11-11N7.3"
11,NAV2,"FWP006,NAV2,ING5,NAV2,NAV2,TRIO,APC,NAV2,MAPRE1,NAV2,NAV2,RBM15B,JM21,NAV2,My036,NAV2,NAV2,hCG_18099,NAV2,RP11-554P13.1,NAV2,PIAS2,NAV2,RBM15,CDH1,NAV2"
12,ADAMTSL4,"CPNE7,PP1396,LONRF1,PP1396,ARNT2,PP1396,DGCR6,PP1396,GNMT,PP1396,KRTAP5-9,PP1396,PP1396,RP6-191P20.2,PP1396,RAB2B,DSCR8,PP1396,FHL3,PP1396,PP1396,SMARCC1,PP1396,RP5-895C5.2,KRTAP10-8,PP1396,LCE1B,PP1396,LCE3E,PP1396,LGALS14,PP1396,PP1396,SLC23A1,NTF4,PP1396,PP1396,TAPBPL,CLEC18A,PP1396,CTA-941F9.7,PP1396,C19orf66,PP1396,KRTAP10-5,PP1396,CREB5,PP1396,PP1396,PRKAB2,MAPKBP1,PP1396,PP1396,tcag7.1300,PP1396,TSSK3,PP1396,SUSD6,PP1396,SPATA8,HOXA1,PP1396,PP1396,SPINK2,PP1396,SORBS3,OTX1,PP1396,KRTAP9-2,PP1396,KIF1A,PP1396,PP1396,SLC6A20,DNPEP,PP1396,PP1396,STK16,HUSSY-22,PP1396,PIN1,PP1396,PP1396,SPRY2,Hoxa1,PP1396,DIP2A,PP1396,PP1396,RCHY1,ADAMTSL5,PP1396,GMCL1P1,PP1396,LMO1,PP1396,PP1396,XX-FW83128A1.1,MORN3,PP1396,KRTAP5-6,PP1396,COL8A1,PP1396,HGF,PP1396,PP1396,TMEM150A,LINC00671,PP1396,GOLGA8EP,PP1396,PP1396,RP13-360B22.1,CATSPER1,PP1396,EIF4E2,PP1396,PP1396,UNQ3095/PRO21341,AQP1,PP1396,NMUR2,PP1396,PP1396,RP11-556K13.2,FKBP1B,PP1396,HMFN2073,PP1396,GNE,PP1396,PLSCR1,PP1396,PP1396,RHOJ,GATA2,PP1396,C6orf165,PP1396,CCDC26,PP1396,PP1396,RP11-299N6.2,MVP,PP1396,PP1396,ZNF587,KRTAP10-9,PP1396,CST2,PP1396,KRTAP10-11,PP1396,KRTAP4-12,PP1396,PP1396,PP3971,PP1396,UNQ891/PRO1906,ASPSCR1,PP1396,LCE2D,PP1396,PP1396,hCG_2005471,PP1396,RP5-952N6.2,PP1396,RP11-298J23.2,LCE3C,PP1396,PP1396,TRIM42,KRTAP10-1,PP1396,NTN4,PP1396,PP1396,TUBGCP4,PP1396,UNQ2759/PRO6714,FAM124B,PP1396,PP1396,RP1-236A3.1,GIP,PP1396,KRTAP10-3,PP1396,LCE4A,PP1396,PP1396,SALL2,AAG10,PP1396,LRRC29,PP1396,PP1396,RP3-330O12.3,LMO2,PP1396,PP1396,TMSB4XP6,FAH,PP1396,NATD1,PP1396,PP1396,ZNF417,PP1396,TOP3B,KRTAP4-2,PP1396,KRTAP9-4,PP1396"
13,LRP5,"LRP5,RP11-239E10.4,FZD8,LRP5,LRP5,PRED44,ETV6,LRP5,C4orf26,LRP5,LRP5,SCGB1D1,LRP5,UNQ735/PRO1429,B3GALT2,LRP5,LA16c-314G4.3,LRP5,LRP5,UNQ2976/PRO7455/PRO7476,LRP5,ST8SIA4,LRP5,MGAT4C,FCGRT,LRP5,LRP5,PARP16,LRP5,RP6-88D7.1,LRP5,XX-FW83563B9.3,LRP5,SERPINA12,CSNK1A1,LRP5,LRP5,UNQ293/PRO332,LIPH,LRP5,DKK4,LRP5,LRP5,NXPH2,LRP5,RASD2,LRP5,UNQ292/PRO331,LRP5,RP11-421P11.9,CAPRIN2,LRP5,LRP5,RP11-445K1.1,LRP5,TGIF2LY,LRP5,RP5-964F7.2,CLPSL1,LRP5,LRP5,UNQ492/PRO1008,LRP5,UNQ2549/PRO6175,LRP5,PRSS37,LRP5,POMK"
14,HEPHL1,"HEPHL1,NSMAF,HEPHL1,RP3-343K2.2,HEPHL1,TBC1D14,HEPHL1,RP11-167N5.4,HEPHL1,RP5-990P15.1,HEPHL1,PMM1,CGI-29,HEPHL1,HEPHL1,RP11-5G9.2,HEPHL1,PSEC0106,HEPHL1,RAB11B,HEPHL1,SEMG2,HEPHL1,SGOL2,HEPHL1,UNQ6368/PRO21073/PRO21384,FBXL4,HEPHL1,HEPHL1,Nbla11589,HEPHL1,HSPC262,HEPHL1,KIF3A,GPBP1,HEPHL1,HEPHL1,VTI1B,HEPHL1,SETDB2,HEPHL1,ZMAT4,HEPHL1,hCG_2044604,HEPHL1,TFG,HEPHL1,RP11-520H16.1,HEPHL1,RP11-98D18.13-004"
15,PCK2,"PCK2,UNQ787/PRO1606,BBS2,PCK2,PCK2,RP5-1187J4.9,PCK2,UNQ6194/PRO20221,PCK2,RP11-47A8.1,IGHA2,PCK2,PCK2,RP1-85F18.1,AHNAK2,PCK2,NDUFS6,PCK2,HSPD1,PCK2,COQ2,PCK2,APP,PCK2,PCK2,RP11-318L16.1,PAG1,PCK2,PCK2,RP11-66D17.11-004,PCK2,RP11-264J4.7,GAP43,PCK2,PCK2,RP11-181E22.3,PCK2,SMAD3,AHNAK,PCK2,PCK2,UBE2L3,PCK2,PPIA,PCK2,PIGR,HSPE1,PCK2,LACRT,PCK2,PCK2,TSG101,PCK2,PROSC,OK/SW-cl.121,PCK2,PCK2,UNQ773/PRO1567,IGHA1,PCK2,AD-002,PCK2,PCK2,ZMYM3,PCK2,RP11-481L19.1,MUC5B,PCK2,NTRK1,PCK2,PCK1,PCK2"
16,RYR3,"RYR3,tcag7.78,CUL1,RYR3,RP11-573G6.1,RYR3,RP11-314N13.2,RYR3,RP4-626J7.1,RYR3,HNF1A,RYR3,FKBP1B,RYR3"
17,DUOX2,
18,ZNF592,"LLGL2,ZNF592,RP11-126K1.3,ZNF592,RP5-890O15.1,ZNF592,RP11-258C19.2,ZNF592,RP4-677H15.3,ZNF592,FAM115A,ZNF592,SRPK2,ZNF592,UNQ711/PRO1374,ZNF592,RP11-216N14.2,ZNF592,INTS5,ZNF592,GATAD2A,ZNF592,CSNK2A2,ZNF592,RP11-24B19.2,ZNF592,RP5-914N13.2,ZNF592,ZNF408,ZNF592,RP11-421P11.9,ZNF592,BRD4,ZNF592,RP4-811H24.2,ZNF592"
19,PPL,"PPL,Vim,PPL,TSC22D4,PPL,ZSCAN1,HNRNPA1,PPL,PPL,UNQ1888/PRO4333,ACAD9,PPL,PPL,RALBP1,PPL,USP7,PPL,VWA9,DROSHA,PPL,KIR3DS1,PPL,PPL,RBM24,AHCYL1,PPL,CDK15,PPL,PPL,Trip11,PPL,PSMB4,PPL,RP4-580O19.1,ITSN1,Ppl,OK/SW-cl.121,PPL,EZR,PPL,PPL,TRAF2,PPL,UGT1A10,PPL,PSMA5,PPL,UNQ290/PRO330,PPL,SYNPO,PPL,RAB3IP,PPL,RP11-124N14.1,Cct3,PPL,HSPC206,PPL,PPL,UBC,PPL,RP23-174D24.4,PPL,RP1-21O18.1,PPL,SKIL,PPL,Rhoa,PPL,RP11-487F23.2,PPL,PSMB6,CGI-35,PPL,DN-393H17.5,PPL,OK/SW-cl.84,PPL,PPL,RP11-164L23.1,DAAP-182E11.3,PPL,PPL,UNQ9387/PRO34275,CT009708.1,PPL,EVPL,PPL,PPL,RP4-744I24.2,PPL,PSMA1,CUL1,PPL,DDX19B,PPL,PPL,RP4-791M13.2,AKT1,PPL,PPL,RP11-658F2.8,PPL,RP11-16H23.2,PPL,PTEN,KRT8,PPL,ITSN1,PPL,CDH1,PPL,CCNYL1,PPL,Cdk1,PPL,FYCO1,PPL"
20,DNAH3,"ARRB1,DNAH3"
21,MYH4,"RP23-294E23.4,RP3-339A18.2,HIF1A,MYH4,ACTN2,MYH4,MYH4,SIX1,MYH4,PP894,MYH4,TLE3,MYH4,RP13-297E16.1,MYH4,WWOX,MCM2,MYH4,MYH4,SYT3,MYH4,NTHL1,Kif13b,MYH4,AURKC,MYH4,MYH4,USP15,MYH4,TMEM260,MYH4,TPM1,CNBP,MYH4,CDCA8,MYH4,LDHD,MYH4,LIMS1,MYH4"
22,HMCN1,"GS1-174L6.1,RAPGEF2,DDX1,GS1-174L6.1,CLP1,GS1-174L6.1,GS1-174L6.1,MCM2"
23,FASN,"FASN,HSD17B12,FASN,RP1-319D22.1,ARRB1,FASN,FASN,RP11-54H19.1,FASN,tcag7.39,FASN,PTGR2,CARM1,FASN,FASN,GFPT2,FASN,RP11-57G10.3,FASN,UNQ1845/PRO3573,FASN,FUS,FASN,SNW1,CDK2,FASN,FASN,KIF11,FASN,YAP1,Bag2,FASN,FASN,RAD21,COX15,FASN,FASN,RP11-739N20.5,CCT6B,FASN,FASN,IRF3,FASN,SIRT7,CCDC8,FASN,FASN,ISG15,FASN,RP1-302G2.1,FASN,PCK1,FASN,FOXI1,FASN,TSG101,CUL7,FASN,FASN,YWHAQ,FASN,NTRK1,FASN,RP11-307C12.1,FASN,MCM2,FASN,HAUS4,FASN,FOXL1,FASN,ZNF746,FASN,RP3-470L14.2,FASN,FASN,AKT1,FASN,CRY2,FASN,FASN,RP11-115D7.1,CCT6A,FASN,FASN,RP23-440M18.7,DNM1L,FASN,AI837181,FASN,FASN,HSPC322,EED,FASN,ASNS,FASN,AP2M1,FASN,CYP27A1,FASN,ABCC1,FASN,DCUN1D1,FASN,FASN,RP24-313J18.2,FASN,MAPK3,FASN,KIF3A,CUL3,FASN,FASN,ILK,FASN,NDRG1,FASN,HIV1gp2,FASN,XX-FW88778H2.1,FASN,IMPDH1,FASN,HSP90AA1,FASN,RP11-205M9.1,FASN,RP11-2C24.4,FASN,HSPC057,FASN,RP5-1024G6.4,FASN,RP3-339A18.2,FASN,RP3-339A18.4,FASN,FOXI2,FASN,KIAA1598,AC002059.7,FASN,EIF4A3,FASN,FASN,TPM4,FASN,USP22,FASN,RP1-90K10.1,FASN,NOS2,FASN,OBSL1,FASN,NPM1,FASN,PTEN,FASN,RP3-330O12.3,CDH1,FASN,FASN,RP1-109F14.4,FASN,PC,FASN,SMURF1,FASN,USP2,FASN,RP5-827C21.5,FASN,PRR12,FASN,TP53BP1,CRY1,FASN,ARRB2,FASN,DNAJC7,FASN,FASN,FN1,FASN,SDHA,FASN,PTPN11,FASN,LGR4,FASN,VCAM1,FASN,GFPT1,FASN,RP11-723P2.1,FASN,HSPA5,FASN,HDAC5,DLST,FASN,FASN,PP1845"
24,NAV1,"NAV1,RP11-113P14.1,KSR1,NAV1,ELAVL1,NAV1,APP,NAV1,NAV1,PP624,AGAP1,NAV1,KIF13B,NAV1,MAPK1,NAV1,NAV1,RP11-513M16.1,NAV1,RP3-508I15.8,NAV1,PCM1,NAV1,SBBI03,NAV1,RTKN,NAV1,PPM1H,NAV1,NF1,NAV1,RP11-304M3.3,NAV1,ZNF638,CEP89,NAV1,CDC25C,NAV1,NAV1,PP3360,NAV1,RP11-230L22.3,HSPC124,NAV1,NAV1,RP11-90M2.2,NAV1,RP4-669K10.2,NAV1,RP5-1009E24.3,NAV1,RP1-148E22.1,MAP3K14,NAV1,NAV1,RP11-74C1.3,GCC1,NAV1,Cenpe,NAV1,NAV1,RP11-5F19.1,NAV1,RP11-63L7.3,CEP135,NAV1,NAV1,SYDE1,INPP5E,NAV1,EIF4E2,NAV1,NAV1,TRIO,NAV1,RP11-312O7.2,FBXW11,NAV1,NAV1,SIPA1L1,HDAC4,NAV1,CEP128,NAV1,KRT31,NAV1,AD-016,NAV1,GIGYF2,NAV1,MAPRE1,NAV1,NAV1,RP11-269P11.1,NAV1,RP11-367H5.1,NAV1,RP1-147M19.1,LRFN1,NAV1,NAV1,PDCD1,FGFR1OP,NAV1,NAV1,RP23-249G3.1,NAV1,SH3PXD2A,NAV1,ZBTB21,MAST3,NAV1,NAV1,RP1-283E3.6,NAV1,TESK2,NAV1,RP11-88H12.2,APC,NAV1"
25,OBSCN,"HSF2,RP5-1139B12.1,RP5-1139B12.1,RPA1,HNRNPD,RP5-1139B12.1,RP5-1139B12.1,Vps28,RP5-1139B12.1,Smc3,KCTD6,RP5-1139B12.1,Actr1b,RP5-1139B12.1,RP5-1139B12.1,VPS18,RP5-1139B12.1,TTN,PCNA,RP5-1139B12.1,RP11-426L16.2,RP5-1139B12.1,RP5-1139B12.1,UNQ2552/PRO6181,NXF1,RP5-1139B12.1,RP5-1139B12.1,Z69720.1-002,C10orf12,RP5-1139B12.1,NPPA,RP5-1139B12.1,BRCA1,RP5-1139B12.1,ANK1,RP5-1139B12.1,RP5-1139B12.1,Setd2,KIAA1107,RP5-1139B12.1,RP23-29D15.3,RP5-1139B12.1,CDCA5,RP5-1139B12.1"
26,SBF1,"MTMR2,RP4-579N16.2"",C1orf186,RP4-579N16.2"",RP23-133A3.2,RP4-579N16.2"",RP4-579N16.2"",SIRT3,FBXW11,RP4-579N16.2"",RP4-579N16.2"",RP4-614O4.7,COL1A2,RP4-579N16.2"",RP4-579N16.2"",hCG_1732268,NTRK1,RP4-579N16.2"",AATK,RP4-579N16.2"",INO80B,RP4-579N16.2"",RP11-301N24.1,RP4-579N16.2"",RP4-579N16.2"",STIP1,RP11-86N24.2,RP4-579N16.2"",CDKN1A,RP4-579N16.2"",RP4-579N16.2"",SKAP1,RAB6B,RP4-579N16.2"",RP4-579N16.2"",YHR119W,RP1-117P20.2,RP4-579N16.2"",RP11-256E16.2,RP4-579N16.2"",MTMR1,RP4-579N16.2"",RP11-6B20.2,RP4-579N16.2"",RP4-579N16.2"",RP4-579N16.2"",CALM1,Sbf1,RP4-579N16.2"",WDR55,LL22NC01-132D12.2,RP4-579N16.2"",RP11-272L14.1,RP4-579N16.2"",PTGES3L,RP4-579N16.2"",RP4-579N16.2"",TGFBR2,RP4-579N16.2"",UNQ316/PRO361,RAB35,RP4-579N16.2"",CGI-132,RP4-579N16.2"",RP4-579N16.2"",SSSCA1,RP4-579N16.2"",RPAP3,RP11-108L7.8,RP4-579N16.2"",PMS1,RP4-579N16.2"",PRKACA,RP4-579N16.2"",RP4-579N16.2"",SUPT16H,RP4-579N16.2"",SUV39H1,HAVCR2,RP4-579N16.2"",RP4-579N16.2"",UNQ292/PRO331,PDPK1,RP4-579N16.2"",RP4-579N16.2"",SIRT7,CDH5,RP4-579N16.2"",RP4-579N16.2"",RP5-1028D15.4,RP4-579N16.2"",SBF2,CTTNBP2NL,RP4-579N16.2"",Dmel_CG6502,RP4-579N16.2"",RP11-501I19.1,RP4-579N16.2"",HSPB1,RP4-579N16.2"""
27,LYST,"LYST,RP23-26L6.8,LYST,Tnpo1,LYST,MLH1,LYST,TNNI3,LYST,MYH13,HSPC228,LYST,KLC3,LYST,LYST,hCG_2016179,DGCR14,LYST,LYST,NCDN,ATN1,LYST,LYST,RP1-148E22.1,LYST,PCBP4,LYST,YWHAZ,LYST,SAP30,KIF1C,LYST,LYST,ZNF521,Dync1li1,LYST,LYST,RP11-756A22.2,EFS,LYST,DAP3,LYST,Ccdc9,LYST,LYST,MRPL17,KPNB1,LYST,LYST,PP1221,ESRRA,LYST,LLGL2,LYST,LYST,PPIA,GAR1,LYST,LYST,MED12,LYST,YWHAQ,CELF4,LYST,HNRNPH2,LYST,LYST,TACC1,Cep85l,LYST,HGS,LYST,LYST,MRPS31,DADB-127H9.2,LYST,HNRNPM,LYST"
28,IFT172,"IFT172,RP11-172H24.2,IFT172,IFT20,IFT172,IFT81,IFT172,TRAF3IP1,IFT172,TTC30A,IFT172,IFT74,CLUAP1,IFT172,IFT172,IFT80,IFT172,LHX3,IFT172,TTC26,IFT172,RP5-1028D15.4,IFT172,LHX4,CORO1A,IFT172,IFT172,IFT57,IFT172,KRBA1,IFT172,LCA5,IFT172,LL22NC01-132D12.2,FGF8,IFT172,IFT172,IFT46,ICK,IFT172,HSPC034,IFT172,IFT172,PCM1,IFT172,TTC30B,IFT172,NUDC,DNAJC7,IFT172,IFT172,TSC22D4,IFT172,ISOC2,IFT172,IFT22"
29,HSPG2,"RP11-132G19.2,Vps28,RP11-132G19.2,Shoc2,FGF7,RP11-132G19.2,PP6614,RP11-132G19.2,NID2,RP11-132G19.2,RP11-132G19.2,RP11-415H23.1,RP11-132G19.2,RP11-520M5.1,RP11-132G19.2,TTR,CACNA1A,RP11-132G19.2,Pxdc1,RP11-132G19.2,RP11-132G19.2,UBC,MCM2,RP11-132G19.2,GAR1,RP11-132G19.2,Id2,RP11-132G19.2,RP11-132G19.2,RP11-91B9.1,RP11-132G19.2,ZNF408,RP11-132G19.2,UNQ340/PRO539,LAMA1,RP11-132G19.2,LL22NC03-10C3.2,RP11-132G19.2,FGFBP1,RP11-132G19.2,GRB2,RP11-132G19.2,Heatr2,RP11-132G19.2,RP11-132G19.2,TMPO,RP11-132G19.2,RP3-330O12.3,JM1,RP11-132G19.2,RP11-132G19.2,RP23-284C20.3,PTTG1,RP11-132G19.2,RP11-132G19.2,SKI,FBLN2,RP11-132G19.2,PSAT1,RP11-132G19.2,ATN1,RP11-132G19.2,FN1,RP11-132G19.2,PDGFA,RP11-132G19.2"
30,TTN,"MIG19,TTN,CALM1,TTN,NTRK1,TTN,ADAM2,TTN,RBM3,TTN,TTN,TUBA1A,CUL7,TTN,MAP2K1,TTN,TOP3A,TTN,DYRK2,TTN,RP11-535K18.1,TTN,RP1-134O19.1,TTN,PUF60,TTN,CPSF6,TTN,ASF1B,TTN,ARRB1,TTN,MYPN,TTN,CAPN3,TTN,NEDD8,TTN,CHEK1,TTN,TTN,WEE1,EGFR,TTN,MCM2,TTN,GIG20,TTN,FHL2,TTN,SRPK2,TTN,ANK1,TTN,MAPK1,TTN,CRYAB,TTN,CDH1,TTN,CUL4B,TTN,TOP2A,TTN,ANKRD23,TTN,Pparg,TTN,GAN,TTN,AC002059.7,TTN,COPS5,TTN,RP11-297A16.3,TTN,TTN,YWHAQ,ACTN1,TTN,CEP57,TTN,RP11-548K23.2,TTN,RP3-511B24.1,TTN,Cep135,TTN,CDK2,TTN,HSPB2,TTN,SRSF2,TTN,RAPGEF2,TTN,MYBPC3,TTN,TCAP,TTN,ANKRD1,TTN,TRIM55,TTN,TRIM63,TTN,TTN,VAV2,RP11-537A6.8,TTN,TSC22D2,TTN,ADRB2,TTN,GS1-120K12.1,TTN,SQSTM1,TTN,TLE3,TTN,RP5-1139B12.1,TTN,RP11-436C9.1,TTN,SP1,TTN,CUL3,TTN"
31,COL6A3,"COL6A3,GAN"
32,SCN10A,"MTNR1B,Scn10a"
33,STAB1,"RP1-319D22.1,STAB1,RP1-37E16.3,STAB1,GGA3,STAB1,ORC5,STAB1,PIK3R2,STAB1,GGA2,STAB1"
34,CSMD2,
35,DGKG,"DGKG,GIG20,DGKG,SDHA,ARRB1,DGKG"
36,DCHS2,"COPS5,DCHS2"
37,APC,"APC,PCNA,APC,COG4,APC,RP11-228B15.5,Apc,PTPN13,APC,Axin1,APC,Ctnna1,APC,KIF5B,PF4,PROC,APC,UNQ601,APC,HECTD1,ANKRD28,APC,APC,ND4,APC,HGS,APC,DAMC-258G8.6,APC,CTBP1,APC,TUBA4A,APC,PPP1R13B,APC,NUP107,Apc,LA16c-314G4.3,APC,RP11-206I15.1,APC,KRT13,Apc,OK/SW-cl.35,APC,NUPL2,APC,RNF114,PROC,TK1,APC,MCM3AP,APC,Nhsl1,APC,RP23-378G22.2,APC,SASS6,APC,Dmel_CG6193,APC,RP11-298J20.4,APC,OK/SW-cl.35,PROC,SERPINA5,APC,RP3-472A9.1,APC,RBM4B,APC,TRAF1,APC,FAM214A,APC,NAV3,APC,KIAA1328,APC,STRN,APC,RP1-290I10.1,APC,EXPH5,APC,NAV2,DADB-127H9.2,PROC,APC,VHL,ACADVL,APC,APC,SNRNP200,APC,MYH11,Dmel_CG6193,OK/SW-cl.35,APC,TNKS,APC,NUP153,APC,SYNC,APC,MAPRE1,Apc,RP11-403E24.2,APC,UNQ642/PRO1272,APC,KRT19,APC,SIAH1,APC,UNQ340/PRO539,APC,SAV1,PROC,UNQ6114,APC,KRT14,APC,KRT23,APC,FHOD1,APC,SCRIB,APC,RP11-403E24.2,APC,RP11-753C18.1,APC,CYTH2,APC,TFF1,APC,RP11-537A6.8,APC,KIAA1683,APC,RPGRIP1L,APC,RP23-43J1.4,APC,FBXW11,APC,RP11-422P24.3,APC,ERBB2IP,APC,USP7,APC,LA16c-314G4.3,APC,STRN4,APC,RP11-545I5.4,APC,HSPC275,APC,DVL2,APC,RP1-41P2.9,APC,RANBP9,APC,NAT2,APC,NUP98,APC,DLGAP1,APC,DADB-127H9.2,APC,Otud7b,AP2B1,APC,APC,RP1-142L7.4,APC,RP23-94F11.1,APC,CREBBP,APC,PTK2,APC,HNRNPM,APC,MBD5,APC,RP11-316M1.1,APC,HSPA5,AP2M1,APC,APC,SYNPO,APC,TAF1,APC,UBC,APC,SPTBN1,APC,CSNK2A1,PROC,UQCRH,APC,UNQ258/PRO295,APC,PPP2R5A,APC,CEP128,APC,NAV1,APC,hCG_38480,APC,RP11-84A14.1,APC,SPECC1L,AKAP13,APC,APC,LAMA3,Apc,JUP,APC,EPAS1,APC,ZNF106,APC,BUB3,APC,ST14,APC,NEB,APC,RP11-67K19.1,APC,KRT5,APC,JUP,APC,ZNF785,APC,RANBP2,APC,RP3-523K23.2,APC,MAD1L1,APC,Gsk3b,APC,MAPRE2,APC,SFN,APC,RP11-395P17.5,APC,ING5,APC,APC,APC,LPHN1,APC,NUP54,APC,RP3-477O4.2,APC,tcag7.78,APC,RP1-5O6.1,APC,ARHGEF4,APC,STRN3,APC,RP11-108L7.8,APC,SENP1,APC,Usp7,APC,CGNL1,APC,PSMD1,APC,POM121C,ACTN1,APC,PROC,WNT5A,ANKRD17,APC,APC,RP4-547C9.3,APC,NCKAP5,APC,Tnks2,APC,UBR5,APC,MARK2,APC,RP23-392I3.6,APC,RP3-351K20.1,APC,GSK3B,APC,GIGYF2,Apc,XPO1,APC,PKP2,APC,NOSTRIN,APC,HSPC071,APC,YWHAQ,APC,CASC3,APC,RP11-433J16.1,APC,BBX,APC,MYH10,APC,CSNK1A1,APC,ZNF408,APC,HOXC6,APC,XPO1,PDF,PROC,APC,Ctnnb1,APC,RP11-529I10.2,APC,BUB1B,APC,COG5,APC,SMARCB1,APC,RP11-324E23.2,APC,POM121,APC,WIZ,APC,TELO2,APC,XX-FW83128A1.1,APC,LATS2,APC,SPTBN2,APC,RP1-130E4.2,AGFG1,APC,Apc,RP11-298J20.4,Dmel_CG6193,RP5-1068B5.2,APC,RP1-190I16.1,ALDH2,APC,APC,TRIM21,APC,CCL5,Apc,DC12,APC,Zranb1,APC,HSPC261,APC,TPR,APC,FP1193,APC,TRIM25,APC,AXIN2,NPB,PROC,APC,MAD2L1,APC,CCDC6,APC,RP11-263K19.2,APC,KRT17,APC,FKSG11,APC,RP23-120A4.1,APC,RP3-361I14.2,APC,RP11-291O7.3,Apc,CTNNA1,APC,USP30,APC,IL24,APC,SMC3,APC,DIRAS3,APC,BUB1,APC,RP23-176N9.2,APC,HTRA2,APC,LIN7C,APC,MBD4,APC,COPS5,Apc,PUF60,APC,CTNNA1,APC,RP11-544A12.7,PROC,PROCR,PROC,PROS1,APC,CSNK1D,APC,MACF1,APC,PP6345,APC,KRT15"
38,FBN2,"FBN2,RP3-330O12.3,FBN2,RP11-426L16.6,FBN2,UNQ193/PRO219,FBN2,ZFP41,FBN2,RP5-1167H4.6,FBN2,SFRP4,FBN2,ZNF408,FBN2,FOXD4L6,FBN2,RP11-220B22.2,FBN2,HIV1gp5,FBN2,UNQ2552/PRO6181,FBN2,PRG2,ELN,FBN2,FBN2,Htt,FBN2,VWCE,FBN2,PTEN,FBN2,UNQ486/PRO1002"
39,DNAH8,"EGFR,RP1-202I21.7,GAN,RP1-202I21.7"
40,CUL9,"RP3-330M21.2,TP53,RAB6B,RP3-330M21.2,RP3-330M21.2,UBE2G1,CYCS,RP3-330M21.2,CUL7,RP3-330M21.2,RP3-330M21.2,UBE2L3,RP11-554C12.1,RP3-330M21.2,RP3-330M21.2,RP3-330M21.2,GLMN,RP3-330M21.2,RP3-330M21.2,SIRT7,RP3-330M21.2,SOX2,RP3-330M21.2,RP5-884M20.3"
41,DST,"CDK2,RP3-361I14.2,ITGB4,RP3-361I14.2,RP11-90M2.2,RP3-361I14.2,RP11-520M5.1,RP3-361I14.2,RP23-244H7.2,RP3-361I14.2,Calml3,RP3-361I14.2,RP3-361I14.2,TMEM17,RP11-16H23.2,RP3-361I14.2,RP3-361I14.2,UNK,RP3-361I14.2,SH3BP5,ERBB2IP,RP3-361I14.2,OBSL1,RP3-361I14.2,RP11-452K12.5,RP3-361I14.2,CELSR3,RP3-361I14.2,COPS7B,RP3-361I14.2,PPP1CB,RP3-361I14.2,CCDC8,RP3-361I14.2,RP3-361I14.2,TERF2,RP3-361I14.2,RP4-730B13.1,PRMT5,RP3-361I14.2,HSPC187,RP3-361I14.2,RP1-68O2.1,RP3-361I14.2,RP11-421P11.9,RP3-361I14.2,MAGEA1,RP3-361I14.2,MAPK6,RP3-361I14.2,MOB1A,RP3-361I14.2,Actb,RP3-361I14.2,CALM1,RP3-361I14.2,MAPRE1,RP3-361I14.2,RP3-361I14.2,STK3,KIAA1549,RP3-361I14.2,AL583886.1,RP3-361I14.2,RP3-361I14.2,Tpm1,Coro1c,RP3-361I14.2,RP23-446O17.1,RP3-361I14.2,Flot1,RP3-361I14.2,RP11-114M11.1,RP3-361I14.2,MYO18A,RP3-361I14.2,RP3-361I14.2,SIRT7,MTNR1B,RP3-361I14.2,RP3-361I14.2,TRAF3IP1,RP3-361I14.2,RP5-1066H13.1,PP624,RP3-361I14.2,RP23-298E4.6,RP3-361I14.2,BM-012,RP3-361I14.2,CAPZA2,RP3-361I14.2,RP3-361I14.2,TERF1,RP1-319D22.1,RP3-361I14.2,APC,RP3-361I14.2,RP3-361I14.2,UBXN6,DBN1,RP3-361I14.2,ANLN,RP3-361I14.2,PRKAB2,RP3-361I14.2,RP23-368I1.2,RP3-361I14.2,MCM2,RP3-361I14.2,AT3G47690,RP3-361I14.2,CEP63,RP3-361I14.2,RP3-361I14.2,TNIK,RP3-361I14.2,Tecpr2,MOB1B,RP3-361I14.2,FKSG30,RP3-361I14.2,CDH1,RP3-361I14.2,DCTN1,RP3-361I14.2,IQGAP1,RP3-361I14.2,RP23-136K12.2,RP3-361I14.2,RP1-147M19.1,RP3-361I14.2,ITSN2,RP3-361I14.2,GAN,RP3-361I14.2,PAK2,RP3-361I14.2,RP11-386D8.2,RP3-361I14.2,RP3-361I14.2,SPAC18G6.15"
42,MDN1,"RP1-122O8.1,UNQ326/PRO386,ART3,RP1-122O8.1,NOTCH1,RP1-122O8.1,HUSSY-07,RP1-122O8.1,PARP16,RP1-122O8.1,FN1,RP1-122O8.1,RP1-122O8.1,UNQ189/PRO215,RP1-122O8.1,Tmed10,RP1-122O8.1,RP23-132N23.17-001,Chmp3,RP1-122O8.1,ATOH1,RP1-122O8.1,RP1-122O8.1,TGOLN2,RP1-122O8.1,UBC,LRRK2,RP1-122O8.1,CUL7,RP1-122O8.1,RP1-122O8.1,RP23-29D15.3,RP1-122O8.1,RP1-319D22.1,RP1-122O8.1,RP11-383C12.1,RP1-122O8.1,RP11-208F1.2,RP1-122O8.1,SHFM1,RP1-122O8.1,SRP19,RP1-122O8.1,RP11-529I10.2,RP1-122O8.1,RP11-399O19.7,GSK3A,RP1-122O8.1,BRIX1,RP1-122O8.1,RP1-122O8.1,UNQ6505/PRO21383,BOP1,RP1-122O8.1,APLNR,RP1-122O8.1,RP1-122O8.1,UNQ735/PRO1429,FOXL1,RP1-122O8.1,HDAC11,RP1-122O8.1,RP1-122O8.1,SUMO2,RP1-122O8.1,SOX2,PELP1,RP1-122O8.1,RP1-122O8.1,SMARCAD1,RP1-122O8.1,RP5-889N15.1,RP1-122O8.1,SNW1,DPEP1,RP1-122O8.1,RP1-122O8.1,TUBB3,RP1-122O8.1,WDR12,OK/SW-cl.40,RP1-122O8.1,RP1-122O8.1,VCP,RP1-122O8.1,Wiz,RP1-122O8.1,RP11-216B9.3,RP1-122O8.1,STK17B,OBSL1,RP1-122O8.1,CD70,RP1-122O8.1,BECN1,RP1-122O8.1,RP1-122O8.1,RP11-443G18.2,RP1-122O8.1,SIRT7,CCDC8,RP1-122O8.1"
43,RARS2,"CLN3,RP3-382I10.6,ATP12A,RP3-382I10.6,RP11-298E9.1,RP3-382I10.6,RP11-444E17.1,RP3-382I10.6,NTRK1,RP3-382I10.6,MCCC1,RP3-382I10.6,LPAR6,RP3-382I10.6,CPS1,RP3-382I10.6,RP11-151A6.1,RP3-382I10.6,RP3-382I10.6,Rhoa,NSDHL,RP3-382I10.6,PHLDA3,RP3-382I10.6,RP3-382I10.6,UNQ2514/PRO6003,GLS,RP3-382I10.6,NPY2R,RP3-382I10.6,IL13RA2,RP3-382I10.6,PREPL,RP3-382I10.6,ARL8A,RP3-382I10.6,MSTP027,RP3-382I10.6,PDPR,RP3-382I10.6"
44,MROH7-TTC4,
45,MYOM2,"MYOM2,TERF2,HSPB2,MYOM2"
46,MCPH1,"MCPH1,RP11-298P3.4,ATR,MCPH1,MCPH1,RP11-114F7.2,MCPH1,RAD51,CHEK1,MCPH1,MCPH1,SMARCB1,DAAP-285E11.7,MCPH1,MCM2,MCPH1,MCPH1,SMARCC2,ATM,MCPH1,E2F1,MCPH1,H2AFX,MCPH1,MCPH1,RP11-185C18.3,KRAS,MCPH1,MCPH1,TP53BP1,MCPH1,RPA1,CDC27,MCPH1,MCPH1,USP8,CHD4,MCPH1,CRACR2A,MCPH1,MCPH1,SMARCA2,MCPH1,NBN,MCPH1,SMARCA4,MCPH1,RP1-184J9.1,BIRC6,MCPH1,MCPH1,SMARCC1,KL04P,MCPH1"
47,SULF1,"PIG53,SULF1,APP,SULF1,SULF1,UNQ156/PRO182,SULF1,UNQ292/PRO331,LYZL2,SULF1,SDC2,SULF1"
48,PLEC,"PLEC,PPIP5K2,BAG3,PLEC,PLEC,RP11-501I19.1,GRB2,PLEC,PDLIM7,PLEC,P/OKcl.14,PLEC,PLEC,RP11-124N14.1,PHB,PLEC,PLEC,RP11-228B15.5,C17orf85,PLEC,PLEC,RP11-427H3.3,OBSL1,PLEC,MTDH,PLEC,PLEC,RP11-573G6.1,EZH2,PLEC,PLEC,SUZ12,NOMO1,PLEC,PLEC,SMC4,DFNA5,PLEC,CCDC68,PLEC,NUP88,PLEC,PLEC,RAPGEF2,HSPC057,PLEC,DLST,PLEC,NOS2,PLEC,FKSG86,PLEC,PLEC,TKT,NCAPH,PLEC,PLEC,SOCS6,DVL3,PLEC,PLEC,RP1-130E4.1,MCM2,PLEC,PLEC,SP1,PLEC,SLTM,CDK2,PLEC,PLEC,PPP1CB,CTA-268H5.7,PLEC,CCDC8,PLEC,PLEC,QSER1,NCAPG,PLEC,PLEC,PTEN,PLEC,USP20,MLF1,PLEC,PLEC,SPTA1,AL583886.1,PLEC,CUL7,PLEC,PLEC,SKI,PLEC,QARS,Lima1,PLEC,MYO18A,PLEC,PLEC,TRA2A,PAN2,PLEC,PLEC,RP11-704J17.4,CCAR2,PLEC,NIPSNAP1,PLEC,PLEC,VCP,PLEC,VCAM1,PLEC,tcag7.1034,PLEC,RP11-421P11.9,EED,PLEC,PLEC,RP11-723P2.1,PLEC,SYNPO,AHNAK,PLEC,PLEC,UBC,PLEC,URGCP,AL049757.1,PLEC,PLEC,SPTAN1,HSPC075,PLEC,BUB1,PLEC,PLEC,RP1-319D22.1,Cep78,PLEC,PLEC,TJP1,PLEC,RP3-358H7.2,CUL3,PLEC,PLEC,PLEKHA5,MAPRE1,PLEC,ATOH1,PLEC,NEFM,PLEC,PLEC,UQCRC1,PLEC,TSGA10,PLEC,SNW1,PLEC,SFN,C6orf141,PLEC,GBF1,PLEC,DDX19B,PLEC,PLEC,RP3-434P1.1,MYO19,PLEC,CCDC88A,PLEC,PLEC,SIRT7,IQGAP1,PLEC,GAN,PLEC,FMNL1,PLEC,ITGB4,PLEC,Plec,STXBP5L,PLEC,UBE2D2,ETS1,PLEC,Calml3,PLEC,JUP,PLEC,PLEC,RABEP1,PLEC,RP1-184J9.3,ITGA4,PLEC,PLEC,SEC24B,PLEC,PP624,PLEC,PRO0324,FN1,PLEC,PLEC,XX-FW83128A1.1,LRRK2,PLEC,PLEC,RP13-444K19.2,MAP2,PLEC,PLEC,WNK1,HACE1,Plec,PLEC,RP11-262P20.3,PLEC,RP1-68O2.1,CAPZA2,PLEC,GNAI2,PLEC,ANLN,PLEC,ISG15,PLEC,Flnb,PLEC,CDH1,PLEC"
49,FOCAD,"FOCAD,RP11-11N7.3,FOCAD,SLAIN2,FOCAD,XX-FW83563B9.1,FOCAD,RP23-244N6.4,FOCAD,RP23-77A2.2,FOCAD,UNQ326/PRO386,FOCAD,RP11-178G16.3,FOCAD,NTRK1,FOCAD,RP11-3J11.4,FOCAD,UBE2D3,FOCAD,RAD21"
50,AGL,"AGL,NHLRC1,AGL,DAK,AGL,YTHDF2,AGL,GLO1,AGL,OK/SW-cl.81,AGL,ASB15,AGL,COPS5,AGL,NXF1,AGL,GENX-3414,AGL,RP11-343H5.1,AGL,RP11-397D12.2,AGL,UNQ3124,AGL,NTRK1,AGL,PSMB6,AGL,PP8985,AGL,GCK,AGL,Ppp1r3b,AGL,RP11-314N13.2,AGL,ASPSCR1,AGL,PRKAA2,AGL,CUL4B,AGL,RNF126,AGL,KHK,AGL,SDHB,AGL,USP5,AGL,SP100,AGL,SULT1E1,AGL,VPS25,AGL,RP11-297A16.3,AGL,SERPINE2,AGL,SPATA20,AGL,RP11-518L10.4,AGL,PRKAB2,AGL,CGI-26,AGL,RP11-426L16.2,AGL,ASB3,AGL,HSPC322,AGL,GCLC,AGL,CUL3,AGL,CUL1,AGL,MAN2B1,AGL,FKBP1B,Btg2,RP4-811H24.2,AGL,CAT,AGL,CARKD,AGL,FOXA2,Btg2,HDAC4,AGL,PKM,AGL,CUL5,AGL,RP11-625L16.4,AGL,LGR4,AGL,DCUN1D1,AGL,MCFD2,AGL,GARS"
51,LAMC3,"POT1,RP11-143H20.1,CWC25,RP11-143H20.1,PELI2,RP11-143H20.1,RP11-143H20.1,YTHDC1,GIG24,RP11-143H20.1,DADB-122G4.5,RP11-143H20.1,LGMN,RP11-143H20.1,CSNK2A2,RP11-143H20.1,PSEC0252,RP11-143H20.1,ANXA5,RP11-143H20.1,RP11-143H20.1,RP11-419N10.4,HP,RP11-143H20.1,RP11-143H20.1,RP11-452K12.1,RP11-143H20.1,ZNF160,NR1H2,RP11-143H20.1,CYP2E1,RP11-143H20.1,EPB41L4B,RP11-143H20.1,KIF1C,RP11-143H20.1,PRO1400,RP11-143H20.1,RP11-143H20.1,RP11-175D17.6"
52,OGDHL,"OGDHL,STAT3,OGDHL,RP11-455B2.6,MDM2,OGDHL,OGDHL,tcag7.39,NFKBIA,OGDHL,OGDHL,SMYD1"
53,NRAP,"RP11-178G16.3,RP11-190F19.1,RAPGEF2,RP11-351M8.1,NOL6,ZFC3H1,GS1-120K12.1,NOL6,BDP1,RAPGEF2,NOL6,SIRT7,DAQB-147D11.1,RAPGEF2,MPHOSPH10,NOL6,LAP3,RAPGEF2,BM-013,NOL6,RAPGEF2,TNKS,RAPGEF2,RP11-88H12.2,RAPGEF2,RP3-349A12.1,NOL6,RPL18A,EGFR,NOL6,HSPC277,NOL6,NOL6,ZNF512,RAPGEF2,RP23-98K7.1,PLEC,RAPGEF2,RP11-190F19.1,TRIM63,DDX24,NOL6,NOL6,XX-FW83563B9.1,G3BP1,NOL6,RAPGEF2,SLC25A11,NOL6,ZNF746,PRKAA2,RP11-190F19.1,NOL6,RP11-58A11.4,PTPN13,RAPGEF2,FBXW11,RAPGEF2,DDX18,NOL6,IKZF5,NOL6,HTT,RAPGEF2,KCTD5,RAPGEF2,RAPGEF2,WWOX,RAPGEF2,UBC,NOL6,RP11-11N7.3,PRKCI,RAPGEF2,RAPGEF2,SND1,RAPGEF2,RP11-54H19.1,RAPGEF2,TJP1,NOL6,RPS4X,RAPGEF2,SREK1IP1,RAPGEF2,RP5-1170K4.4,NOC2L,NOL6,RAPGEF2,RP4-659F15.2,NAP1L5,NOL6,RAPGEF2,TTN,RAPGEF2,RP1-315G1.5,EPB41L5,RAPGEF2,IFI16,NOL6,NOL6,RP11-324J2.1,EED,NOL6,NOL6,RP11-573G6.1,KIF11,RAPGEF2,RAPGEF2,YAP1,CGI-95,RAPGEF2,RAP1A,RAPGEF2,KIF5A,RAPGEF2,PSEC0156,RAPGEF2,RAPGEF2,SP140L,NOL6,RP5-1034F7.2,NOL6,RP11-426L16.2,RAPGEF2,RP11-190A12.5,KIF5B,RAPGEF2,FBL,NOL6,HSPC049,RAPGEF2,COX5A,RAPGEF2,RAPGEF2,RP11-326L24.1,HIST2H4B,RAPGEF2,NOL10,NOL6,MECP2,NOL6,RAPGEF2,RP11-529I10.2,LRR1,RAPGEF2,NOL6,NXF1,CGI-09,RAPGEF2,RACGAP1,RAPGEF2,RAPGEF2,ZNF512B,LA16c-358B7.1,NOL6,NOL6,UTP20,PRPSAP1,RAPGEF2,NOL6,RPS5,NOL6,RPS7,NOL6,OBSL1,CTA-126B4.5,NOL6,NOL6,NPM1,NOL6,NOP2,CTTNBP2,RAPGEF2,NOL6,RRP9,HSPC120,NOL6,NOL6,SORT1,GS1-174L6.1,RAPGEF2,DADB-159G18.3,NOL6,PIG53,RAPGEF2,RAPGEF2,RP11-342H3.1,RAPGEF2,RP4-730K3.1,RAPGEF2,RP5-891H21.3,NOL6,Srp72,NOL6,RP23-77A2.2,PD04912,RAPGEF2,RAPGEF2,SCYL2,NOL6,hucep-1,FLNC,RAPGEF2,GENX-3947,RAPGEF2,LIN28A,NOL6,ATP8,RAPGEF2,NOL6,RP4-686C3.1,RAPGEF2,XPO1,RAP2B,RAPGEF2,DHX15,NOL6,RAPGEF2,SEC62,NOL6,SIAH1,RAPGEF2,SSSCA1,RP11-190F19.1,RP5-1068B5.2,CCDC132,RAPGEF2"
54,PHRF1,"HIST3H3,PHRF1,PHRF1,SIRT7,CSNK2A2,PHRF1,JMJD6,PHRF1,AC002059.7,PHRF1,PHRF1,PPP1CA,COPS5,PHRF1,NBN,PHRF1,DLST,PHRF1,AGPAT2,PHRF1,CTA-216E10.7,PHRF1,NLRP3,PHRF1,PHRF1,XRCC5,DADB-127H9.2,PHRF1,KIF21A,PHRF1,AL133330.1,PHRF1"
55,ANO5,"ANO5,EGFR,ANO5,PTGIR"
56,MADD,"FP585,RP3-469A13.1,ATP5A1,ETFA,ALDH1B1,ETFA,ETFA,EXOSC4,ETFA,MYC,ETFA,RP1-224A6.5,ETFA,HSPB2,ETFA,HADHA,MADD,PIDD1,MADD,RP11-284B18.5,ETFA,RP11-114M11.1,ETFA,NDUFAB1,FP585,RABGGTA,ETFA,RAB2A,COQ2,ETFA,MADD,XPO1,FP585,RP3-353E16.2,ETFA,RP5-886K2.6,ETFA,RAB6B,FP585,RP11-82H13.1,ETFDH,HSPC326,ETFA,VDAC1,FP585,RP3-470L14.2,ETFA,YKT6,COX15,ETFA,ARF5,ETFA,DAAP-97M17.4,ETFA,MADD,SOCS6,ETFA,IDH3A,DLST,FP585,CAPG,FP585,ETFA,UBA5,ETFA,RAB5C,ATL3,FP585,ETFA,RP11-443G18.6,AKAP11,FP585,ETFA,HDAC5,MADD,POT1,FP585,HT028,ETFA,RP11-397D12.2,APP,FP585,CUL7,ETFA,ETFA,tcag7.39,ETFA,NDUFS3,Bmpr1a,FP585,FP585,My039,ETFA,RAB1B,BCAT2,ETFA,FP585,IVD,FP585,RP23-176N9.2,ETFA,UNQ1845/PRO3573,MADD,RP5-902P8.6,CASC5,FP585,FP585,PLCH1,FP585,GPX4,FP585,NTRK1,ETFA,RP11-511I2.1,ETFA,RP4-682C21.1,FP585,XPO1,FP585,HADH,ETFA,RAB6A,CUL7,FP585,FP585,SOD1,ETFA,PIG19,ETFA,SORD,CANX,ETFA,ETFA,PAICS,CCDC8,ETFA,MADD,NXPH2,ETFA,GPX4,MADD,YWHAZ,ETFA,NTRK1,EIF2S2,ETFA,ETFA,SMS,ETFA,LDHB,ETFA,PSEC0245,ARL8B,ETFA,ETFA,HSD17B12,MADD,PRMT6,ETFA,SGTB,FP585,LYRM5,FP585,LRPPRC,ETFA,PSEC0082,MADD,RP3-337O18.7,ETFA,PP894,ETFA,RP4-568C11.2,ETFA,hCG_17428,DOCK5,MADD,ETFA,UQCRC2,FP585,RP11-114M11.1,CTSD,ETFA,MADD,RB1CC1,ETFA,GLS,FP585,NDUFAB1,FP585,GMCL1,ARF4,ETFA,ETFA,HNRNPD,ETFA,IVD,ETFA,ICT1,MADD,RP5-1037B23.1,ETFDH,NXF1,CGI-141,FP585,ETFA,RP11-215I23.1,ETFA,RAB1A,CGI-10,ETFA,ETFA,TPM1,DDA1,ETFA,ETFA,RP23-196C23.4,DDX39A,ETFA,MADD,TNFRSF1A,MADD,RP11-67C2.3,ETFA,RP11-528D24.2,ETFA,HERC2,MADD,SYT12,ETFA,KYNU,MADD,SYT3,ETFA,PCMT1,MADD,RP11-714M16.1,ETFA,FP585,ETFA,LYRM5,ETFDH,RP3-339A18.2,ETFA,HADH,DAMA-277I14.1,MADD,MADD,NTRK1,MADD,SHMT2,ETFA,RAB5B,ETFA,LDHAL6A,DN-393H17.2,FP585,ETFDH,RP11-426L16.2,ETFA,NIT1,FP585,PRKAR1B,ETFA,RP11-401E9.1,CGI-126,ETFA,FP585,RP11-397D12.2,MADD,TSPYL6,BAG3,ETFA,ADRB2,FP585,MADD,VPS13D,FP585,tcag7.39,FP585,RP5-890O15.2,BBS7,MADD,C8orf82,ETFA,ETFA,SUCLG2,ARF1,ETFA,ETFA,PSEN1,ETFA,PPP6R3"
57,PDE4DIP,"A2ML1,RP4-791M13.2,HMGCS2,RP4-791M13.2,RP23-402H11.2,RP4-791M13.2,EVPL,RP4-791M13.2,CTA-445C9.9,RP4-791M13.2,RP4-791M13.2,UTP14C,RP4-791M13.2,RP4-791M13.2,RP4-791M13.2,UNQ495/PRO1012,MAPRE3,RP4-791M13.2,RP4-791M13.2,SBBI58,C14orf105,RP4-791M13.2,PRPF31,RP4-791M13.2,ITSN2,RP4-791M13.2,RP11-66B24.1,RP4-791M13.2,RP4-791M13.2,ZNF785,RP4-791M13.2,SERPINB3,RP23-193M19.1,RP4-791M13.2,RP4-791M13.2,XXbac-BCX105G6.2,PIAS4,RP4-791M13.2,PRKAR2B,RP4-791M13.2,RP4-791M13.2,S100A7,RP11-395P17.6,RP4-791M13.2,ACADVL,RP4-791M13.2,RP4-791M13.2,ZBTB38,GOLGA8EP,RP4-791M13.2,PM20D1,RP4-791M13.2,NEFL,RP4-791M13.2,GDPD3,RP4-791M13.2,GM2A,RP4-791M13.2,MTUS2,RP4-791M13.2,CALML3,RP4-791M13.2,RP4-791M13.2,TEAD4,IGKC,RP4-791M13.2,PIG46,RP4-791M13.2,ADH1B,RP4-791M13.2,PDE4D,RP4-791M13.2,RP11-260L6.1,RP4-791M13.2,RP11-301J7.3,RP4-791M13.2,MAPRE1,RP4-791M13.2,CHCHD3,RP4-791M13.2,RP11-535K18.1,RP4-791M13.2,CDKN1A,RP4-791M13.2,RP1-184J9.1,RP4-791M13.2,NCCRP1,RP4-791M13.2,RP4-791M13.2,ZNF408,RP1-319D22.1,RP4-791M13.2,PRKACG,RP4-791M13.2,FES,RP4-791M13.2,PFDN1,RP4-791M13.2,RP4-791M13.2,SMN1,RP11-82H13.1,RP4-791M13.2,CEP170,RP4-791M13.2,CCDC6,RP4-791M13.2,RP4-791M13.2,ZNF512B,RP4-791M13.2,TRAF4,AKAP9,RP4-791M13.2,NDRG1,RP4-791M13.2,RP11-415H23.1,RP4-791M13.2,RP4-791M13.2,RP5-973N23.2,AKR1B10,RP4-791M13.2,RP4-791M13.2,ZFYVE21,CD207,RP4-791M13.2,JUP,RP4-791M13.2,C3,RP4-791M13.2,RP4-791M13.2,SH2D4A,RP1-75N13.2,RP4-791M13.2,RP11-412P1.1,RP4-791M13.2,PPL,RP4-791M13.2,KLC4,RP4-791M13.2,RP4-791M13.2,TGM1,IVL,RP4-791M13.2,ARF6,RP4-791M13.2,RP4-791M13.2,TYMP,CSNK1D,RP4-791M13.2,C1orf109,RP4-791M13.2,ELAVL1,RP4-791M13.2,MIF4GD,RP4-791M13.2,RP4-791M13.2,SDCBP,LGALS7B,RP4-791M13.2,PRKACA,RP4-791M13.2,DAAP-285E11.2,RP4-791M13.2,RP4-791M13.2,SNCA,C1orf87,RP4-791M13.2,CCDC146,RP4-791M13.2,CALML5,RP4-791M13.2,CGI-49,RP4-791M13.2,HSPC189,RP4-791M13.2,LMO4,RP4-791M13.2,RP11-66D17.4,RP4-791M13.2,RP11-68I18.6,RP4-791M13.2,GS1-120K12.1,RP4-791M13.2,FCHSD2,RP4-791M13.2,ARNT2,RP4-791M13.2,OSGEP,RP4-791M13.2,PRO2783,RP4-791M13.2,RP4-791M13.2,ZSCAN26,RP4-791M13.2,SERPINB4,RP4-791M13.2,TK1,FAM161A,RP4-791M13.2,IGHG1,RP4-791M13.2,Asap1,RP4-791M13.2,Prkar2a,RP4-791M13.2,RP4-791M13.2,USO1,RP4-791M13.2,SERPINB5,Prkacb,RP4-791M13.2,PKP3,RP4-791M13.2,GOLGA8F,RP4-791M13.2,KRAS,RP4-791M13.2,ANKRD11,RP4-791M13.2,HAUS1,RP4-791M13.2,RP4-791M13.2,VAC14,CST6,RP4-791M13.2,C19orf66,RP4-791M13.2,RP1-5O6.1,RP4-791M13.2,DYNLL1,RP4-791M13.2,IGHG2,RP4-791M13.2,GATM,RP4-791M13.2,RP23-244H7.2,RP4-791M13.2,RP11-356B19.6,RP4-791M13.2,RAB25,RP4-791M13.2,RP11-95K23.4,RP4-791M13.2,NAA10,RP4-791M13.2,RP4-791M13.2,RP5-1068H6.2,PIG4,RP4-791M13.2,KLC3,RP4-791M13.2,KRT31,RP4-791M13.2,MLF1,RP4-791M13.2,RP4-791M13.2,S100A9,RP4-791M13.2,RTP5,NEK2,RP4-791M13.2,RP4-791M13.2,TNIK,HSPC057,RP4-791M13.2"
58,AHNAK,"AHNAK,HNRNPDL,AHNAK,ZNF131,AHNAK,STRN,AHNAK,RP11-413M3.10,AHNAK,RP11-22I24.1,AHNAK,KLHL40,AHNAK,GORASP2,AHNAK,RP4-635E18.2,AHNAK,EZR,AHNAK,PMS1,AHNAK,RP1-319D22.1,AHNAK,GRB2,AHNAK,Lima1,AHNAK,OBSL1,AHNAK,CUL7,AHNAK,GS1-19O24.1,AHNAK,DAAP-21F2.2,AHNAK,CGI-99,AHNAK,PCK2,AHNAK,RP1-125I3.5,AHNAK,AI837181,AHNAK,NOL9,AHNAK,AHNAK,AHNAK,PCDHGC3,AHNAK,FLNB,AHNAK,USP14,AHNAK,TARS,AHNAK,U2AF2,AHNAK,CAPZA2,AHNAK,ISG15,AHNAK,ING2,AHNAK,GPR141,AHNAK,OXCT1,ACTN4,AHNAK,AHNAK,HSPA9,AHNAK,GJB7,AHNAK,CDH1,AHNAK,HSPA5,AHNAK,GRPEL1,AHNAK,CT009708.1,AHNAK,Actb,AHNAK,RPA3,AHNAK,SUMO2,AHNAK,Cdk1,AHNAK,CCDC8,AHNAK,ASNS,AHNAK,EEF1B2,AHNAK,Calml3,AHNAK,SNW1,AHNAK,ARHGDIA,AHNAK,HNRNPAB,AHNAK,RP1-68O2.1,AHNAK,ALPPL2,AHNAK,RP11-240L7.3,AHNAK,PPIP5K2,AHNAK,MYO19,AHNAK,RP3-496N17.2,AHNAK,SIRT7,AHNAK,HNRNPD,AHNAK,RUVBL1,AHNAK,RP4-547C9.3,AHNAK,YARS,AHNAK,PLEC,AHNAK,HNRNPH1,AHNAK,HIV1gp2,AHNAK,CCT5,AHNAK,FMNL1,AHNAK,MCM2,AHNAK,Ppp1cb,AHNAK,HSPC057,AHNAK,PP624,AHNAK,STIP1,AHNAK,Tpr,AHNAK,JSRP1,AHNAK,GALK2,AHNAK,RFPL2,AHNAK,Bmpr1a,AHNAK,ATP4A,AHNAK,PSME3,AHNAK,HSPB1,AHNAK,RP23-479K11.1,AHNAK,Flnb,AHNAK,RP11-345K20.1,AHNAK,RP23-120A4.1,AHNAK,SDC1,AHNAK,CDK2,AHNAK,S100B,AHNAK,ZNF517,AHNAK,NXF1,AHNAK,RP1-224A6.5,AHNAK,EGFR,AHNAK,UNQ601,AHNAK,ATF2,AHNAK,RP4-559A3.4,AHNAK,Kctd5,AHNAK,TUBA1C,AHNAK,MYL6,AHNAK,SKI,AHNAK,RP23-119H5.1,AHNAK,Ccdc15,AHNAK,S100A10,AHNAK,RP11-90M2.2,AHNAK,RPA1,AHNAK,RP11-505P4.2,AHNAK,RP1-130E4.1,AHNAK,FN1,AHNAK,EEF2,AHNAK,LASP1,AHNAK,POT1,AHNAK,Coro1c"
59,CHD1L,"CBX3,CHD1L,CHD1L,SNW1,CHD1L,RPA1,CHD1L,SSRP1,CHD1L,PARP2,CHD1L,FAM134A,CHD1L,CIAO1,CHD1L,CU464060.1,CHD1L,H2AFX,CHD1L,NR4A1,CHD1L,RP11-125A15.2,CBX5,CHD1L,CHD1L,UNQ649/PRO1279,CHD1L,HIST1H2BG,CHD1L,SUPT16H,CHD1L,HIST1H2BK,CBX1,CHD1L,CHD1L,HIST1H2BA,CHD1L,TEAD2,CHD1L,ID1,CHD1L,RP11-443G18.2,CHD1L,LAMP2,CHD1L,HSPA8,CHD1L,TRIM33,CHD1L,RP4-547C9.3,CHD1L,XRCC5,CHD1L,H2AFZ,CHD1L,EIF4A1,CHD1L,RFC2,CHD1L,UNQ570/PRO1132,CHD1L,HSPC215,CHD1L,RP3-351K20.1,CHD1L,SGOL1,CHD1L,TGOLN2,CHD1L,HIST2H2AA4,CHD1L,H3F3AP6,CHD1L,HIST3H2A,CHD1L,HIST1H2BB,CHD1L,NTRK1,CHD1L,RP1-319D22.1,APLF,CHD1L,CHD1L,XRCC1,A-152E5.1,CHD1L,CHD1L,TNKS,CHD1L,HLTF,CHD1L,LRRK2,CHD1L,CTA-216E10.7,CHD1L,FOXL1,CHD1L,HIST2H2BE,CHD1L,SRPK2,CHD1L,PRKDC,CHD1L,RP11-399O19.7,CHD1L,XPC,CHD1L,Osgep,CHD1L,TNKS2,CHD1L,RNF166,CHD1L,MIG8,CHD1L,HT019,CHD1L,RPA3,CHD1L,FOXB1,CHD1L,RP11-321N4.1,CHD1L,PLK1,CHD1L,FAM196A,ART3,CHD1L"
60,NUMA1,"KIF20A,NUMA1,BRAP,NUMA1,NUMA1,NXF1,CUL7,NUMA1,CDC73,NUMA1,CDK6,NUMA1,NUMA1,RP11-32D17.1,NUMA1,SUZ12,LGR4,NUMA1,NPM1,NUMA1,NUMA1,PIM1,NUMA1,RP11-426L16.2,AL022311.1,NUMA1,NUMA1,RP4-800J21.2,NUMA1,RPA1,HSP90AA1,NUMA1,NUMA1,RP1-130E4.1,HRIHFB2072,NUMA1,NUMA1,Srp72,NUMA1,SCARNA22,GIG33,NUMA1,L5,NUMA1,DYNC1H1,NUMA1,HIV1gp5,NUMA1,NUMA1,RP11-475E11.4,NUMA1,TNKS,NUMA1,RP11-54H19.1,NUMA1,OBSL1,KPNB1,NUMA1,MATR3,NUMA1,NUMA1,Ranbp2,NUMA1,RP23-353J21.1,NUMA1,PRED77,NUMA1,RPAP1,NUMA1,RTF1,NUMA1,SUMO2,NUMA1,SMARCAD1,BRD4,NUMA1,NUMA1,TERF2,NUMA1,WDR83,NUMA1,RP6-29D12.1,NUMA1,ZC3H18,NUMA1,SMURF1,NUMA1,TP53BP1,NUMA1,PTTG1,NUMA1,PP8000,NUMA1,VCP,NUMA1,NUP98,NUMA1,SIRT7,NUMA1,TERF1,NUMA1,RP11-523H24.1,NUMA1,SRRM1,NUMA1,U2AF2,GS1-120K12.1,NUMA1,ECT2,NUMA1,NUMA1,RP11-517F10.1,ERG,NUMA1,GMCL1,NUMA1,NUMA1,RP3-327J16.5,NUMA1,RP11-723P2.1,CCDC57,NUMA1,DDB1,NUMA1,NUMA1,RP5-890O3.5,EMILIN1,NUMA1,NUMA1,OK/SW-cl.40,CRK,NUMA1,NUMA1,RPA3,NUMA1,RP11-234K24.1,NUMA1,Tnks,NUMA1,RPS13,CBX8,NUMA1,EIF3E,NUMA1,HDAC5,NUMA1,NUMA1,RP11-143H17.2,NUMA1,RP4-675E8.1,NUMA1,SMC3,NUMA1,RP3-324N14.1,NUMA1,RP1-302G2.1,NUMA1,RUVBL1,NUMA1,Tnks2,EZH2,NUMA1,NUMA1,RP4-547C9.3,NUMA1,SSX2IP,EPB41L3,NUMA1,NTRK1,NUMA1,NUMA1,RP5-1181N3.2,NUMA1,PAPD5,NUMA1,RP13-270L15.1,FAM175B,NUMA1,NUMA1,RP11-242O24.1,NUMA1,YWHAQ,DVL3,NUMA1,BRCA1,NUMA1,DAAP-285E11.7,NUMA1,NUMA1,RP11-573G6.1,ENO1,NUMA1,IFI16,NUMA1,EED,NUMA1,NUMA1,YEATS4,CDK2,NUMA1,DYNLL1,NUMA1,EIF3H,NUMA1,DVL2,NUMA1,BANF1,NUMA1,ACTR1A,NUMA1,CCDC8,NUMA1"
61,ATM,"ATM,hCG_2011013,ATM,RP11-228B15.5,ATM,RP11-298P3.4,ATM,UNQ1964/PRO4486,ATM,NOLC1,ATM,BRAT1,ATM,RP3-324M8.1,Atm,LMNB1,ATM,GIG20,ATM,SRSF8,ATM,RP11-472N13.4,ATM,PRKDC,ATM,RAD50,ATM,RP11-573G6.1,AP1B1,ATM,ATM,HNRNPUL1,ATM,MCPH1,ATM,RAD17,ATM,UTP15,ATM,RP11-261P4.4,ATM,ND4,ATM,RP3-339A18.4,ATM,MLH1,ATM,FANCI,ATM,TAOK3,ATM,LPAR4,ATM,Ap3b2,ATM,ZNF821,ATM,HSPC064,ATM,RP4-657D16.2,ATM,Bid,ATM,RP3-467L1.3,ATM,CD274,ATM,FOXO3,ATM,BANP,ATM,RBBP8,ATM,TDP1,ATM,TRAF6,ATM,RP11-244N9.4,ATM,WWOX,ATM,RASSF1,ATM,YDR369C,ATM,PP7073,ATM,WRN,ATM,DAQB-90C11.16-002,ATM,VHL,ACTL6B,ATM,AT1G25580,ATM,ATM,CHEK1,ATM,RFC1,ATM,DDX1,ATM,CSNK1D,ATF2,ATM,ATM,Atm,ATM,DADB-70P7.10-021,Atm,TP53,ATM,E4F1,ATM,POLR2A,ATM,RAD51,ATM,C1orf27,ATM,LIG4,ATM,RP11-247A12.4,ATM,BRCA1,ATM,FANCD2,ATM,TFF1,ATM,USP34,ATM,RELA,ATM,DC28,AP3B1,ATM,ATM,SMO,ATM,C5AR2,ATM,MDM2,ATM,TP53BP1,ATM,RPA1,ATM,LPAR6,ATM,DADB-159G18.9,ATM,MINK1,ATM,RP23-445E20.3,ATM,NAT2,ATM,RANBP9,ATM,TCL1A,ATM,BHLHE41,ATM,RP11-553N16.2,ATM,KDM2A,ATM,RP11-318G21.1,APLNR,ATM,ATM,NBN,ATM,RP11-83J21.1,ATM,H2afx,ATM,SNAI1,ATM,XRCC5,ATM,CDC6,ATM,TAF1,ATM,MSH2,Atm,RP4-745I14.1,ATM,RRM2B,ATM,RP11-278J17.2,ATM,TP53,ATM,RP1-179N16.5,ATM,IKBKG,ATM,VPRBP,ATM,BLM,ATM,GNA11,ATM,RNF20,ATM,ELAVL1,ATM,KAT5,ATM,RBM47,ATM,OPRM1,ATM,GMNN,ATM,UNQ6505/PRO21383,ATM,TRIM28,ATM,hCG_1783907,ATM,RP11-398C13.5,ATM,E2F1,ATM,SMAD7,ATM,TERF2,ATM,RP13-886N14.3,ATM,BCAS3,ATM,SNW1,ATM,DAAP-285E11.7,ATM,MSH6,ATM,RP23-64E17.3,ATM,RP6-29D12.1,ATM,TOPBP1,ATM,SKP2,ATM,EIF4EBP1,ATM,RP3-511B24.1,ATM,H2AFX,ATM,ATMIN,ATM,EIF3E,ATM,MAGEC2,ATM,OSGIN1,ATM,Chek1,ATM,DCLRE1A,ATM,SIRT7,ATM,ATM,ATM,Nedd1,ATM,RP4-547C9.3,ATM,RP11-234D19.2,ATM,HIF1A,ATM,SPOP,ATM,HSPC069,ATM,MED1,Atm,RP11-574F21.1,ATM,PRKCA,ATM,CTA-215D11.2,ATM,NREP,ATM,P3H2,ATM,RP4-811H24.2,ATM,FECH,ATM,MCM2,ATM,PPP1CC,ATM,SOCS1,ATM,Mcm3,ATM,CREB1,ATM,SMARCB1,ATM,SREBF1,ATM,XPC,ATM,MTRR,ATM,CHD4,ATM,TELO2,ATM,RP11-128N14.2,ATM,MRE11A,ATM,RNF40,ATM,NPY2R,ATM,DYRK2,ATM,MAS1,Atm,RP11-391H12.1,ATM,TTI1,ATM,hCG_1997849,ATM,PPP1CA,ATM,PEX5,ATM,HTR6,ATM,JM21,ATM,RP11-173B14.3,ATM,ZER1,ATM,RHEB,ATM,NR4A1,ATM,RP11-125A15.2,ATM,CD70,ATM,TERF1,ATM,ATR,ATM,NDUFA8,ATM,UNQ326/PRO386,ATM,HSPA8,ATM,IL24,ATM,FEN1,ATM,SMC3,Atm,DDB1,ATM,RP11-436C9.1,ATM,HSPC195,ATM,MAP1S,ATM,RP1-154G14.1"
62,A2ML1,"A2ML1,GMCL1,A2ML1,RP4-791M13.2,A2ML1,TOX4,A2ML1,RASSF9,A2ML1,THRA,A2ML1,RP11-217A12.1,A2ML1,CDK15,A2ML1,CEP152,A2ML1,WWOX,A2ML1,NPPA,A2ML1,ZSCAN12,A2ML1,L2HGDH,A2ML1,FOXH1,A2ML1,RP11-358L16.1,A2ML1,UGT1A10,A2ML1,SLC39A11,A2ML1,FOXD4,A2ML1,OK/SW-cl.84,A2ML1,ACAD9,A2ML1,DUSP21,A2ML1,PI4KA,A2ML1,RP11-164L23.1,A2ML1,CCNYL1,A2ML1,RP4-744I24.2,A2ML1,GPATCH2L,A2ML1,HNRNPA1"
63,KMT2D,"KMT2D,NR3C1,KMT2D,SENP3,FOXK2,KMT2D,KMT2D,RP11-383C12.1,KMT2D,Setd3,KMT2D,RP11-98G7.2,KMT2D,POLR2A,KMT2D,RP1-177P22.2,KMT2D,PPP1R21,KMT2D,RP5-890O15.2,CAGF28,KMT2D,KMT2D,RP23-328F3.2,KMT2D,RP23-333D2.2,E2F6,KMT2D,KMT2D,PP7910,KMT2D,SMAD1,KMT2D,RP13-886N14.3,KMT2D,WDR5,HERC2,KMT2D,KMT2D,RBBP5,E2F2,KMT2D,KMT2D,RP1-130E4.1,KMT2D,UNQ9342/PRO34047,ASH2L,KMT2D,KMT2D,MAX,E2F5,KMT2D,KMT2D,OK/SW-cl.35,KMT2D,MEN1,HIST2H3C,KMT2D,KMT2D,SRRM1,KMT2D,RP11-178C10.1,KMT2D,RP11-421P11.9,KMT2D,RP11-436C9.1,EEF1B2,KMT2D,CXXC1,KMT2D,KDM4B,KMT2D,KMT2D,RBM45"
64,HAL,"DDX19B,HAL,HAL,VEGFB,HAL,PLCZ1,HAL,VDAC1,HAL,RP4-580O19.1,HAL,RP11-461N23.8,HAL,UCP2,HAL,RP11-178C10.1,HAL,L3,HAL,ZSCAN12,HAL,ZIC1,GLYR1,HAL,HAL,SLC39A11,HAL,OK/SW-cl.84,CDK15,HAL,HAL,SLCO6A1,HAL,RAB9B,HAL,PI4KA,GMCL1,HAL,HAL,MCM2,HAL,PLEKHA3,HAL,HSPC057,HAL,THRA,HAL,RP4-744I24.2,HAL,KCTD16,CGI-35,HAL,C21orf59,HAL,DPPA4,HAL,HAL,HNRNPA1,HAL,XXbac-BCX195L8.9,HAL,ZRSR2,HAL,RP1-286D6.1,DADB-104B20.2,HAL,DOCK10,HAL,CUL1,HAL"
65,POLE,"POLE,POLE3,POLE,RAD17,FBXW11,POLE,HSPA8,POLE,FAM96A,POLE,NTRK1,POLE,PABPC1,POLE,POLE,RPL28,POLE,UNQ735/PRO1429,PABPC4,POLE,PCNA,POLE,FOXG1,POLE,POLE,RP11-452K12.5,POLE,PRIM1,POLA1,POLE,POLE,PSMD11,POLE,RP6-29D12.1,POLE,SNW1,POLE,ZBBX,POLE,TOPBP1,LRRC46,POLE,LGALS3BP,POLE,POLE,POLE2,POLD4,POLE,CIAO1,POLE,POLE,SIRT7,FOXL1,POLE,MYC,POLE,FOXQ1,POLE,FOXE1,POLE,CGI-128,POLE,C16orf45,POLE,Mdm2,POLE,POLE,RP11-126K1.1,DADB-112B14.2,POLE,POLE,UNQ2552/PRO6181,EIF4G1,POLE,OK/SW-cl.22,POLE,POLE,POLE4,POLE,TGOLN2,POLE,SSB,DTWD2,POLE,MSH6,POLE,GINS4,POLE,DNAJC7,POLE,FOXB1,POLE,HIV1gp1,POLE"
66,ATP12A,"ATP12A,RP5-963K15.1,ATP12A,RP3-382I10.6,ATP12A,RP11-51G5.2,ATP12A,RP11-54A4.10-004,ATP12A,FEZ1,ATP12A,RP11-443G18.2,ATP12A,RAB2B,ATP12A,RP4-696H22.1,ATP12A,TMEM223,ATP12A,TNFRSF9,ATP12A,CDABP0067,ATP12A,RP11-384C4.5,ATP12A,FAM134C,ATP12A,RP5-944H6.1,ATP12A,ATP1B3,ATP12A,IRGC,ATP12A,MME,ATP12A,WBP1,ATP12A,S1PR1,ATP12A,TUSC5,ART3,ATP12A,ATP12A,TACR1,ATP12A,TMED2,ATP12A,SLC37A3,ATP12A,NTRK1,AGK,ATP12A,ATP12A,RP11-481A12.7,ATP12A,RP5-1160K1.2,ATP12A,CLEC2D,ATP12A,FPR2,ATP12A,CTDSP1,ATP12A,SPINT2,ATP12A,RP3-402G11.12-004,ATP12A,RP11-239E10.4,ATP12A,DHCR24,ATP12A,RP11-528G1.4,ATP12A,P2RY14,ATP12A,RP11-25K21.3,ATP12A,RP11-552M11.7,ATP12A,UNQ486/PRO1002,ATP12A,RP4-815O16.3,ATP12A,UNQ1912/PRO4371,ATP12A,GRPR,ATP12A,IL13RA2,ATP12A,NPY,ATP12A,ODF4,AGTR1,ATP12A,ATP12A,DLK1,ATP12A,PSEC0230,ATP12A,RP11-130L10.1,ATP12A,CD300C,ATP12A,C5AR2,ATP12A,PPIB,ATP12A,PTH1R,ATP12A,HSD17B6,ATP12A,CTDSP2,ATP12A,HS2ST1"
67,SYNE2,"NDUFB9,SYNE2,PML,SYNE2,ICT1,SYNE2,BRAP,SYNE2,CAPN6,SYNE2,CALM1,SYNE2,Cul1,SYNE2,SYNE2,TERF2,CUL7,SYNE2,RP11-110L1.4,SYNE2,MTNR1B,SYNE2,MKS1,SYNE2,CDC37,SYNE2,SYNE2,THOP1,MAPK8IP2,SYNE2,SYNE2,TMEM67,S100A4,SYNE2,Chmp4c,SYNE2,ACTC1,SYNE2,CEP170,SYNE2,Kctd5,SYNE2,SUPT5H,SYNE2,MAPK1,SYNE2,BIN1,SYNE2,SYNE2,TERF1,RP5-1099D15.1,SYNE2,HDAC11,SYNE2,GAN,SYNE2,SUN1,SYNE2,SIRT7,SYNE2,SDHA,SYNE2,SYNE2,UBC,MORC3,SYNE2,ARRB2,SYNE2,CTDNEP1,SYNE2,SYNE2,VAPA,RP3-508I15.15-002,SYNE2,RNASEH2B,SYNE2,OBSL1,SYNE2,SOD1,SYNE2,SYNE2,TBC1D16,RP5-1018E9.1,SYNE2,MAPK3,SYNE2"
68,AHNAK2,"AHNAK2,KRT10,AHNAK2,RP4-559A3.4,AHNAK2,HUSSY-22,AHNAK2,CT009708.1,AHNAK2,UNQ336/PRO535,AHNAK2,PCK2,AHNAK2,NAA10,AHNAK2,ANXA2,AHNAK2,RP3-339A18.4,AHNAK2,JSRP1,AHNAK2,GABARAPL2,AHNAK2,C1QL4,AHNAK2,LMO2,AHNAK2,RP11-68I18.4,AHNAK2,USP14,AHNAK2,RP11-190A12.1,AHNAK2,Shoc2,AHNAK2,Cul4a,AHNAK2,RP11-517F10.1,AHNAK2,GJB7,AHNAK2,GABARAPL1,AHNAK2,PSMD14,AHNAK2,DYNC1I2"
69,ATP10A,"ATP10A,CLK1"
70,TYRO3,"RP11-104M22.2,TYRO3,KRTAP10-7,TYRO3,IPPK,TYRO3,KRTAP10-8,TYRO3,RP23-121M7.1,TYRO3,GAS6,TYRO3,RP5-823N20.1,TYRO3,APOE,TYRO3,TNIP1,TYRO3,KRTAP10-3,TYRO3,CHRNB3,TYRO3,A2M,TYRO3,KRTAP10-9,TYRO3,COPS5,TYRO3,TMEM30B,TYRO3,AXL,TYRO3,KLK4,TYRO3,PIK3R1,TYRO3,HSP90AA1,TYRO3,KRTAP4-2,TYRO3,HDLBP,TYRO3,KRT40,TYRO3,CTDSP1,TYRO3,IKBKG,TYRO3,KRTAP5-9,TYRO3,CTDSP2,TYRO3,RP4-696P19.1,TYRO3,TYRO3,UNQ574/PRO1136"
71,HERC1,"HERC1,PKM,C1orf87,HERC1,HERC1,RP4-779E11.4,HERC1,USP18,HERC1,MYL12A,H13,HERC1,GCNT3,HERC1,HERC1,HERC1,HERC1,tcag7.1034,CGI-145,HERC1,ARF1,HERC1,HERC1,ZNF563,HERC1,RP1-106H8.3,HERC1,TSC2,HERC1,WDFY3,HERC1,NEUROG3,HERC1,UBC,HERC1,HSPC059,CLTC,HERC1,ECHS1,HERC1,HERC1,NOS2,HERC1,UBE2D3,HERC1,HERC2,BAK1,HERC1,HERC1,TRPC4AP,HERC1,RP11-337C18.2,DN-393H17.5,HERC1,CSNK1A1,HERC1,HERC1,RP3-358H7.2,HERC1,ZNF223,HERC1,UNK,HERC1,RSPH10B2,BRCA1,HERC1,HERC1,Slain2,HERC1,RAPSN,HERC1,MLF1,EGFR,HERC1,HERC1,ZNF555,HERC1,RP5-973N23.2,HERC1,RABGEF1,HERC1,RP1-85F18.1,HERC1,KCMF1,HERC1,TIGD6,HERC1,OK/SW-cl.73,HERC1,SSH3,CCDC65,HERC1,HERC1,IFIT1B,HERC1,RP11-255E17.1,HERC1,ZBBX,GRIPAP1,HERC1,HERC1,SOX9,HERC1,MORC1,HERC1,TTLL1,HERC1,ZNF610,HERC1,RP11-408K19.2"
72,ITGA11,"MSTP018,OK/SW-cl.85"
73,ALPK3,
74,FANCI,"FANCI,RP11-317B7.1,CAMKK2,FANCI,FANCI,SUMO2,FANCI,PAPSS1,FANCI,HIST1H2AB,FANCI,hCG_2002013,FANCI,RAD18,FANCI,FANCI,FANCI,RP11-426L16.2,FANCI,IMPACT,FANCI,RP11-452K12.5,DPY30,FANCI,FANCI,PRKAB2,FANCI,RP11-101K10.6,ATR,FANCI,CXCL8,FANCI,FANCI,LP4941,FANCI,SNW1,DADB-104B20.2,FANCI,FANCI,HDCMD47P,FANCI,OK/SW-cl.45,FANCI,HIST1H4A,CGI-17,FANCI,AKT1,FANCI,APP,FANCI,FANCI,RP11-181G12.3,CEP120,FANCI,FANCI,Foxf1,ATM,FANCI,FANCI,FANCM,FANCI,VCP,FANCI,PLEKHA8,FANCI,SIRT7,FANCI,RP5-824I19__A.1,FANCI,PHLPP2,FANCI,UBL5,FANCI,RP1-108C2.3,FANCI,RP3-398I9.1,FANCI,PRO1470,CIR1,FANCI,FANCI,PIDD1,FANCI,PTPLAD1,FANCI,MTNR1B,FANCI,REV1,FANCI,PNAS-11,FANCI,PHLPP1,FANCI,PRO2292,FANCI,PPM1A,FANCI,RP11-349J5.1,FANCI,ILK,FANCI,RP11-540B6.6,FANCI,NXF1,FANCI,UBC,CLN3,FANCI,FANCD2,FANCI,FANCI,NTRK1,FANCI,HIST1H2BB,FANCI,RP11-481A12.7,FANCI,USP36,FANCI,HIST1H3A,FANCI,RP1-319D22.1,FANCI,HELQ,FANCI,XX-FW88778H2.1,FANCI,MYC,FANCI,WDR48,FANCI,STXBP2,FANCI,MCM2,FANCI,FANCL,FANCI,PTP4A3,DADB-87H23.3,FANCI,FANCI,OK/SW-cl.40,CUL3,FANCI"
75,ACAN,"ACAN,TNFAIP6,ACAN,LUM,ACAN,RP3-518E13.1,ACAN,Nedd4,ACAN,FBLN2"
76,CORO7,"CORO7,RP3-383J4.3,ACTB,CORO7,CNTF,CORO7,CORO7,RP11-554C12.1,CORO7,SETD4,CORO7,CUL1,CORO7,TCEB2,CORO7,RP11-483H20.7,CORO7,RP11-298J20.4,CORO7,MRPL50,AZIN2,CORO7,CORO7,S100A4,CORO7,TCEB1,CDC34,CORO7,CORO7,THBS3,CORO7,DAG1,CORO7,EPS15,AP2M1,CORO7,AP1M1,CORO7,BLM,CORO7,CORO7,NTRK1,CORO7,Rhoa,CORO7,RP5-823N20.1,CORO7,RP23-396M19.2,CORO7,RP11-274K13.3,AP1G1,CORO7,CORO7,TOB1,CORO7,JUN"
77,MYH11,"COQ2,MYH11,MYH11,RP4-547C9.3,GL011,MYH11,MYH11,RP11-723P2.1,EIF3A,MYH11,LGR4,MYH11,MYH11,RP5-1185N5.1,MYH11,RP4-657E11.7,FBXO25,MYH11,MYH11,PRO1855,GDF9,MYH11,DNM1L,MYH11,MYH11,RP11-215I23.1,MYH11,YWHAQ,MYH11,RP11-534G20.1,GRB2,MYH11,MYH11,hCG_2029577,MYH11,RP11-307C12.1,MYH11,PLBD2,MYH11,RP11-175D17.1,MYH11,YWHAE,MYH11,OVCA2,ACTR3,MYH11,COX15,MYH11,MYH11,RAD51,MYH11,ZNF746,MYH11,TBC1D31,GIG46,MYH11,MYH11,MYO1E,MYH11,RP1-127C7.3,MYH11,RP11-164O23.4,MYH11,XX-FW83128A1.1,MPP1,MYH11,MYH11,SOD1,MYH11,MYL6,MYH11,RPA3,HT001,MYH11,CTA-215D11.1,MYH11,MYH11,MYOC,MYH11,RP11-90M2.2,FAM96A,MYH11,MYH11,SFN,DLST,MYH11,MYH11,RPA1,MYH11,RALBP1,ACTB,MYH11,MYH11,RP11-74C1.3,MYH11,UBXN2A,MYH11,SP1,MYH11,VDAC1,MYH11,MYO5A,MYH11,SLX1B,DSTN,MYH11,MYH11,POC1A,DADB-159G18.9,MYH11,APC,MYH11"
78,SLC12A3,"HSPA4,Slc12a3,PIG53,SLC12A3,LA16c-313D11.6,SLC12A3,RP3-390O13.2,Slc12a3,ACTB,SLC12A3,SLC12A3,STIP1,OS9,Slc12a3,Bmpr1a,SLC12A3,HSP90AA1,SLC12A3,KLHL3,SLC12A3,HSPA8,SLC12A3,DNAJB1,SLC12A3,DAQB-147D11.1,SLC12A3,PDIA3,SLC12A3"
79,ATP2C2,
80,USP36,"RP3-522O2.2,USP36,RP4-776P7.1,USP36,DDX41,USP36,USP36,WDR36,UNQ5837,USP36,CEP164,USP36,SRPK2,USP36,RP11-125A15.2,USP36,STK25,USP36,MYC,USP36,RP11-545I5.1,USP36,NPM1,USP36,USP36,XX-FW83563B9.1,IFI16,USP36,FBXW7,USP36,NUDCD1,USP36,DAAP-200B17.5,USP36,PPM1G,USP36,DHX33,USP36,RP11-172F4.1,USP36,KIAA0232,USP36,RP11-321N4.1,USP36,RP1-56L9.2,USP36,CDABP0061,USP36,RP13-55H22.1,USP36,CHD4,USP36,PWP2,USP36,TBL3,USP36,USP36,YKL078W,CELSR2,USP36,PPP6R3,USP36,NUP85,USP36,FANCI,USP36,IFRD2,USP36,MPND,USP36,GNL2,USP36,RP11-11N7.3,USP36,TMEM104,USP36"
81,RNF213,"CBX4,hCG_1812857,RNASEH2B,hCG_1812857,RP11-395P17.5,hCG_1812857,REL,hCG_1812857,HIV1gp7,hCG_1812857,hCG_1812857,tcag7.1300,PP2243,hCG_1812857,UNQ326/PRO386,hCG_1812857,KRT40,hCG_1812857,UBC,hCG_1812857,RP11-369J21.8,hCG_1812857,SDC2,hCG_1812857,ATOH1,hCG_1812857,hCG_1812857,hCG_1812857,HSPC057,hCG_1812857,HIV1gp5,hCG_1812857,PTPN1,hCG_1812857,SIGLECL1,hCG_1812857,TRIM23,hCG_1812857,RP5-895C5.2,hCG_1812857,DAAP-182E11.3,hCG_1812857,CBX2,hCG_1812857,EGFR,hCG_1812857,LAMP3,hCG_1812857,MCM2,hCG_1812857,RP23-244N6.4,hCG_1812857,MRPL50,hCG_1812857,Ube2k,hCG_1812857,RP23-213F21.3,hCG_1812857,IFI16,hCG_1812857,GAN,hCG_1812857,CD244,hCG_1812857,RP3-327J16.5,hCG_1812857"
82,LAMA1,"Lama1,RP11-181K3.1,LAMA1,OS9,LAMA1,UBC,LAMA1,Prmt6,Kctd5,LAMA1,LAMA1,MAPK9,BAG3,LAMA1,Immt,LAMA1,Get4,LAMA1,LAMA1,TOMM40,LAMA1,ZNF408,LAMA1,SUCO,AP4E1,LAMA1,LAMA1,RP1-272L16.3,LAMA1,Prkci,LAMA1,MEP1A,Bag2,LAMA1,LAMA1,RP23-440M18.7,LAMA1,RP11-132G19.2,LAMA1,Tube1,LAMA1,LGALS3,CBX4,LAMA1,FBLN2,LAMA1,DNAJC7,LAMA1,LAMA1,RP23-468K2.1,LAMA1,RP11-419N10.4,Dctn4,LAMA1,LAMA1,Nbla00170,ITGA2,LAMA1,LAMA1,PLAT,ATL2,LAMA1,LAMA1,LGALS9,CCDC132,LAMA1,LAMA1,RP23-294E23.3,LAMA1,STRN3,HSPA5,LAMA1,LAMA1,RP11-479G22.2,ITGA1,LAMA1,LAMA1,RP1-81D8.1,LAMA1,TUBG1,LAMB1,Lama1"
83,LAMA3,"PTN,RP1-142L7.4,DEFA1,LAMA3,APC,LAMA3,LAMA3,RP3-480J14.1,RP1-142L7.4,TUBB2A,MCAM,RP1-142L7.4,LGALS3,RP1-142L7.4,LAMA3,SPINK4,PILRA,RP1-142L7.4,RP1-142L7.4,TP53,LAMA3,RP11-528G1.4,RP1-142L7.4,RP11-96K19.1,LAMA3,P2rx7,LAMA3,RP11-57G10.3,RP1-142L7.4,UNC119,RP1-142L7.4,ZHX1,My043,RP1-142L7.4,LAMA3,TSHR,LAMA3,SDC2,GML,LAMA3,BCAM,RP1-142L7.4,LGALS9,RP1-142L7.4,CDABP0047,RP1-142L7.4,APC,RP1-142L7.4,LAMA3,PLAT,RP1-142L7.4,UBR1,RP1-142L7.4,RP11-385F5.1,LAMA3,XX-FW83563B9.3,AL133330.1,LAMA3,RP1-142L7.4,RP11-505P4.2,CGI-125,RP1-142L7.4,BRD7,RP1-142L7.4,COPS6,RP1-142L7.4,LAMA3,SCGB2A2,LAMA3,UNQ517/PRO812,LAMA3,RP1-81D8.1,LAMA3,TUBG1"
84,CACNA1S,"CACNA1S,SRI,CACNA1S,YWHAQ,CACNA1S,DLNB27,CACNA1S,PPP2R2A"
85,USH2A,"BRCA1,USH2A,TP53,USH2A,RP5-1119A7.4,USH2A"
86,PEG3,"TRAF2,hCG_1685807,GIG20,hCG_1685807,SIAH1,hCG_1685807,USP7,hCG_1685807,BRCA1,hCG_1685807,hCG_1685807,hCG_1685807,SIAH2,hCG_1685807"
87,RRBP1,"HSPC259,RP23-77A2.2,LGR4,RP11-462D18.3,RP11-505P4.2,RP23-77A2.2,RP23-77A2.2,ZNF512,RP23-77A2.2,RP4-614O4.1,HSPC120,RP23-77A2.2,RP23-77A2.2,RPL22,RP23-77A2.2,UNQ601,L12,RP23-77A2.2,DDX6,RP23-77A2.2,RP23-77A2.2,RPS19,OK/SW-cl.46,RP23-77A2.2,RP11-462D18.3,RP23-402H11.2,RP23-77A2.2,XX-FW83563B9.1,RP11-101E13.3,RP23-77A2.2,RP23-77A2.2,RPL13A,FBL,RP23-77A2.2,RP23-77A2.2,ZNF622,KLHL2,RP11-462D18.3,PP9932,RP23-77A2.2,IGF2BP3,RP23-77A2.2,RP23-77A2.2,RP3-523E19.1,GIG33,RP23-77A2.2,EIF2S2,RP23-77A2.2,RP11-462D18.3,ZWINT,RP23-77A2.2,XXbac-BCX105G6.6,RP11-462D18.3,VCP,LARP1,RP23-77A2.2,HSPC055,RP23-77A2.2,RP23-77A2.2,WDR74,PACSIN3,RP23-77A2.2,RP23-77A2.2,UHRF1,RP23-77A2.2,RP4-776P7.1,RP23-77A2.2,TCBAP0781,RP23-77A2.2,SPATA5,CAPRIN1,RP23-77A2.2,RP23-77A2.2,RPL4,FBXL6,RP23-77A2.2,RP23-77A2.2,RPL19,MINA,RP23-77A2.2,RP11-11N7.3,RP23-77A2.2,RP23-77A2.2,RPP25L,RP11-462D18.3,RP11-723P2.1,DHX57,RP23-77A2.2,RP11-421P11.9,RP11-462D18.3,AVEN,RP23-77A2.2,PRO1608,RP23-77A2.2,CDV3,RP11-462D18.3,RP23-77A2.2,RPLP0,Ndc80,RP11-462D18.3,DDX55,RP23-77A2.2,RP11-462D18.3,RP11-505F3.5,AD-001,RP23-77A2.2,ORC4,RP23-77A2.2,NPM1,RP23-77A2.2,RP23-77A2.2,XXbac-BCX105G6.1,EMILIN1,RP11-462D18.3,GNL3,RP23-77A2.2,RP23-77A2.2,RP3-423B22.2,ILF3,RP11-462D18.3,RP23-77A2.2,SEMA3C,RP23-77A2.2,Z69720.1-002,DHX33,RP23-77A2.2,RP23-77A2.2,RPS4X,RP23-77A2.2,TARBP2,Ktn1,RP11-462D18.3,RP11-342M3.4,RP11-462D18.3,DADB-159G18.1,RP23-77A2.2,FOXL1,RP11-462D18.3,RP23-77A2.2,RP5-908M14.8,RP11-513M16.6,RP23-77A2.2,RP23-77A2.2,RPS5,RP23-77A2.2,TSR1,RP23-77A2.2,RPL38,PES1,RP11-462D18.3,HMG20A,RP23-77A2.2,OK/SW-cl.32,RP23-77A2.2,RP23-77A2.2,RP3-508I15.1,RP23-77A2.2,RPL27,HNRNPM,RP11-462D18.3,BUD31,RP11-462D18.3,RP23-77A2.2,RPL10A,RP23-77A2.2,ZNF598,RP11-22I24.2,RP23-77A2.2,JM26,RP11-462D18.3,RP23-77A2.2,RPS27A,EXOSC7,RP23-77A2.2,NOC4L,RP23-77A2.2,HERC5,RP23-77A2.2,DDX1,RP23-77A2.2,RP11-167N5.2,RP23-77A2.2,RP23-77A2.2,RPS27L,RP11-429H9.6,RP23-77A2.2,RBM3,RP23-77A2.2,RBMS1,RP11-462D18.3,RP23-77A2.2,RPL24,RP23-77A2.2,YBX3,RP23-77A2.2,RP5-1034F7.2,RP23-77A2.2,SRP14,RP23-77A2.2,TTC37,RP1-93K22.1,RP23-77A2.2,HSPC187,RP11-462D18.3,RP23-77A2.2,STAU2,EEFSEC,RP23-77A2.2,MSTP070,RP23-77A2.2,MRTO4,RP23-77A2.2,NTRK1,RP11-462D18.3,HUSSY-12,RP23-77A2.2,FAU,RP23-77A2.2,RP11-269F19.3,RP23-77A2.2,RP11-6P10.1,RP23-77A2.2,RP23-77A2.2,RPL36,RAB8A,RP11-462D18.3,NKRF,RP23-77A2.2,ILF3,RP23-77A2.2,DLST,RP11-462D18.3,RP23-77A2.2,RPL12,PSIP1,RP23-77A2.2,RP23-77A2.2,SRP72,FAM98A,RP23-77A2.2,RP23-77A2.2,RPS11,BRIX1,RP23-77A2.2,DADB-112B14.3,RP23-77A2.2,RP23-77A2.2,WIBG,KRBA2,RP23-77A2.2,RP11-38M7.5,RP23-77A2.2,RBM28,RP23-77A2.2,AL135749.5,RP11-462D18.3,PNAS-5,RP23-77A2.2,DSTN,RP11-462D18.3,NOP2,RP23-77A2.2,FKSG26,RP23-77A2.2,PES1,RP23-77A2.2,BTBD1,RP23-77A2.2,MSTP158,RP23-77A2.2,RP11-462D18.3,TSPYL6,RP23-77A2.2,RP4-686C3.1,RP11-462D18.3,TMPO,NOP10,RP23-77A2.2,PNO1,RP23-77A2.2,EIF3E,RP23-77A2.2,MORC2,RP11-462D18.3,RP11-462D18.3,SMNDC1,RP23-77A2.2,SND1,RP23-77A2.2,RPL23,OK/SW-cl.26,RP23-77A2.2,POP1,RP23-77A2.2,DDX47,RP23-77A2.2,HLC7,RP23-77A2.2,RP11-462D18.3,SCP2,EXOSC10,RP23-77A2.2,AFF1,RP23-77A2.2,RP23-77A2.2,RPS29,RP11-223J15.3,RP23-77A2.2,RP23-77A2.2,YTHDF3,DDX31,RP23-77A2.2,RP23-77A2.2,UNQ785/PRO1604,NDUFA7,RP11-462D18.3,DADB-129D20.7,RP23-77A2.2,RP23-77A2.2,RPL23A,OK/SW-cl.103,RP23-77A2.2,RP23-77A2.2,RPS20,RP11-462D18.3,STYX,RP23-77A2.2,UBTF,RP23-77A2.2,RP3-422H11.1,RP23-77A2.2,RPS15,RP11-175D17.6,RP23-77A2.2,RP23-77A2.2,UNQ667/PRO1301,RP11-393H10.1,RP23-77A2.2,RP23-77A2.2,RPS13,DDX51,RP23-77A2.2,IFRD2,RP23-77A2.2,EIF2B1,RP23-77A2.2,RP23-77A2.2,TOP2A,RP23-77A2.2,TOPBP1,CCDC124,RP23-77A2.2,GEMIN4,RP23-77A2.2,CGI-55,RP23-77A2.2,DRG1,RP23-77A2.2,RP11-422P24.3,RP23-77A2.2,RFC3,RP23-77A2.2,NPM3,RP23-77A2.2,NMT1,RP23-77A2.2,MSTP030,RP23-77A2.2,DADB-333F21.5,RP11-462D18.3,CUL7,RP11-462D18.3,RFC4,RP23-77A2.2,FOXG1,RP11-462D18.3,RP23-77A2.2,USP10,RP23-77A2.2,RPSA,RP11-462D18.3,RPL38,DDX24,RP23-77A2.2,NAT10,RP23-77A2.2,RP11-462D18.3,UNQ601,G3BP1,RP23-77A2.2,RP11-462D18.3,RPS19,RP23-77A2.2,RPS17,CLASP1,RP23-77A2.2,RP23-77A2.2,YTHDC2,DDX54,RP23-77A2.2,RP23-77A2.2,RPL8,RP23-77A2.2,SB144,RP11-353K22.1,RP23-77A2.2,RP1-164F3.1,RP23-77A2.2,HSPC131,RP23-77A2.2,HSPC114,RP11-462D18.3,EIF2AK2,RP23-77A2.2,RFC1,RP23-77A2.2,RP23-77A2.2,WDR36,GLYR1,RP23-77A2.2,AC002059.7,RP11-462D18.3,OK/SW-cl.82,RP23-77A2.2,RP11-61L14.5,RP23-77A2.2,EIF2S1,RP23-77A2.2,RP23-77A2.2,RPS12,RP23-77A2.2,TOP2B,FOCAD,RP23-77A2.2,NVL,RP23-77A2.2,ERCC3,RP23-77A2.2,DDX18,RP23-77A2.2,CHMP2A,RP11-462D18.3,RP11-244N20.10-004,RP23-77A2.2,RP23-77A2.2,RP3-522J7.4,RP23-77A2.2,RPS3A,RP23-77A2.2,UNQ266/PRO303,RP23-77A2.2,RPL18,EEF1B2,RP23-77A2.2,RP23-77A2.2,RPL6,C12orf43,RP23-77A2.2,NOL6,RP23-77A2.2,HSPC117,RP23-77A2.2,RP23-77A2.2,SEH1L,RP23-77A2.2,RPL17,RP11-269F19.1,RP23-77A2.2,CGI-37,RP23-77A2.2,PA2G4,RP23-77A2.2,MRPL53,RP11-462D18.3,HSBP1,RP11-462D18.3,RP23-77A2.2,RPL7,RP23-77A2.2,RPL30,CUL3,RP11-462D18.3,L5,RP11-462D18.3,CGI-99,RP23-77A2.2,RP23-77A2.2,RPS25,DAAP-21F2.2,RP23-77A2.2,Eef1a1,RP11-462D18.3,RP11-462D18.3,RP23-139J21.8,RP11-205M9.4,RP23-77A2.2,DDX21,RP23-77A2.2,RP23-77A2.2,SMARCA5,RP11-462D18.3,RP4-635E18.2,PPP1CC,RP23-77A2.2,RP11-346K17.1,RP11-462D18.3,MYBBP1A,RP23-77A2.2,RP23-77A2.2,TBL3,RP23-77A2.2,RPL14,PSEC0230,RP11-462D18.3,OK/SW-cl.85,RP11-462D18.3,RFC5,RP23-77A2.2,EIF2S3,RP23-77A2.2,EMG1,RP23-77A2.2,RP23-77A2.2,RPS2,RP1-121G13.4,RP23-77A2.2,RP11-455B2.5,RP23-77A2.2,RP23-77A2.2,RPL18A,DHX29,RP23-77A2.2,PRO2640,RP23-77A2.2,RP23-77A2.2,RPS23,RP23-77A2.2,RPS16,H1FX,RP23-77A2.2"
88,UBR4,"RP5-1126H10.1,SART3,RAD23A,RP5-1126H10.1,RP5-1126H10.1,UBE2A,RP11-386D8.2,RP5-1126H10.1,RP11-351K23.1,RP5-1126H10.1,HIV1gp6,RP5-1126H10.1,RP11-216B9.5,RP5-1126H10.1,CGI-03,RP5-1126H10.1,RP3-477O4.2,RP5-1126H10.1,RP5-1126H10.1,VCP,GML,RP5-1126H10.1,EFTUD2,RP5-1126H10.1,NCK1,RP5-1126H10.1,RP5-1125M8.1,RP5-1126H10.1,RP5-1126H10.1,SIRT7,FOXK2,RP5-1126H10.1,POMC,RP5-1126H10.1,RP5-1126H10.1,UBC,ACLY,RP5-1126H10.1,MCRS1,RP5-1126H10.1,PSMD13,RP5-1126H10.1,BIRC3,RP5-1126H10.1,PSMD14,RP5-1126H10.1,CPNE5,RP5-1126H10.1,FOXK1,RP5-1126H10.1,MDS010,RP5-1126H10.1,C1orf87,RP5-1126H10.1,KCMF1,RP5-1126H10.1,Gorasp1,RP5-1126H10.1,RP5-1126H10.1,ZNHIT2,AURKB,RP5-1126H10.1,PI4KA,RP5-1126H10.1,RP5-1126H10.1,Wiz,BIRC2,RP5-1126H10.1,FAF2,RP5-1126H10.1,RP11-124N14.1,RP5-1126H10.1,ITGA4,RP5-1126H10.1,ERG,RP5-1126H10.1,OK/SW-cl.11,RP5-1126H10.1,HSPC266,RP5-1126H10.1,CTA-984G1.2,RP5-1126H10.1,RP11-426L16.2,RP5-1126H10.1,CD96,RP5-1126H10.1,NXF1,RP5-1126H10.1,RP5-1126H10.1,SHMT2,RP11-480K16.2,RP5-1126H10.1,CRYL1,RP5-1126H10.1,EGFR,RP5-1126H10.1,HSPD1,RP5-1126H10.1,RP5-1126H10.1,SRPK2,RP5-1126H10.1,UBXN7,PSMC6,RP5-1126H10.1,HMFN0601,RP5-1126H10.1,PRMT6,RP5-1126H10.1,MTNR1A,RP5-1126H10.1,RP11-472N13.4,RP5-1126H10.1,RP11-174I10.1,RP5-1126H10.1,GRB2,RP5-1126H10.1,RP5-1126H10.1,SOX2,FIGF,RP5-1126H10.1,FUZ,RP5-1126H10.1,RP5-1126H10.1,SASS6,RP5-1126H10.1,VWA5A,ACSM5,RP5-1126H10.1,RP5-1126H10.1,SRGN,RP11-118B23.4,RP5-1126H10.1,CGI-95,RP5-1126H10.1,RP11-342D11.1,RP5-1126H10.1,LARS,RP5-1126H10.1,HYAL1,RP5-1126H10.1,RP5-1126H10.1,SNRNP200,ERMAP,RP5-1126H10.1,CST9,RP5-1126H10.1,FLNB,RP5-1126H10.1,DADB-104B20.2,RP5-1126H10.1,RP4-756G23.7,RP5-1126H10.1,MCM2,RP5-1126H10.1,RP5-1126H10.1,UBXN1,RP5-1126H10.1,XRCC3,CEP57,RP5-1126H10.1,RP5-1126H10.1,SLX1A,A1BG,RP5-1126H10.1,PSMC5,RP5-1126H10.1,RP5-1126H10.1,UNQ156/PRO182,RP5-1126H10.1,UBE2B,DDX46,RP5-1126H10.1,MTNR1B,Ubr4,RP5-1126H10.1,RP5-1172N10.4,HIV1gp1,RP5-1126H10.1,RP11-282O18.6,RP5-1126H10.1,Copa,RP5-1126H10.1,RP5-1126H10.1,VCAM1,CSHL1,RP5-1126H10.1,CFC1,RP5-1126H10.1,RP5-1126H10.1,STAT2,RP3-358H7.2,RP5-1126H10.1,FSTL4,RP5-1126H10.1,CDKN1A,RP5-1126H10.1,Mgp,RP5-1126H10.1,CGI-23,RP5-1126H10.1,RP5-1126H10.1,TP53,MTNR1B,RP5-1126H10.1,EIF5B,RP5-1126H10.1,RP1-50J22.1,RP5-1126H10.1,HSPC225,RP5-1126H10.1,RP5-1126H10.1,STX11,RP5-1126H10.1,SHFM1,CCNG1,RP5-1126H10.1,RP5-1126H10.1,Ranbp2,RP11-167N5.1,RP5-1126H10.1,DPF3,RP5-1126H10.1,RP5-1126H10.1,Uso1,RP11-544M22.5,RP5-1126H10.1"
89,HEATR1,"IFI16,RP11-385F5.3,FOXQ1,RP11-385F5.3,HDAC11,RP11-385F5.3,PTP4A3,RP11-385F5.3,CD274,RP11-385F5.3,RP11-385F5.3,TSPYL6,RP11-385F5.3,SUZ12,EED,RP11-385F5.3,RP11-385F5.3,RP23-368I1.2,FOXE1,RP11-385F5.3,RP11-385F5.3,RP3-330M21.4,RP11-342H3.1,RP11-385F5.3,RP11-385F5.3,SLC27A2,LAMP3,RP11-385F5.3,PSMD8,RP11-385F5.3,CD244,RP11-385F5.3,RP11-385F5.3,SRSF3,AAGAB,RP11-385F5.3,OBSL1,RP11-385F5.3,RP11-385F5.3,XRN1,ITGA4,RP11-385F5.3,ALDH3A2,RP11-385F5.3,CCDC8,RP11-385F5.3,FOXB1,RP11-385F5.3,GS1-120K12.1,RP11-385F5.3,ILK,RP11-385F5.3,FOXI1,RP11-385F5.3,RP11-385F5.3,VCP,HIV1gp1,RP11-385F5.3,RP11-153I24.1,RP11-385F5.3,RP11-385F5.3,SIRT7,PSMA2,RP11-385F5.3,PSMD3,RP11-385F5.3,RP11-385F5.3,VCAM1,LGR4,RP11-385F5.3,Gnpnat1,RP11-385F5.3,NTRK1,RP11-385F5.3,RP11-385F5.3,UNQ326/PRO386,FOXH1,RP11-385F5.3,CUL7,RP11-385F5.3,DAAP-57C1.3,RP11-385F5.3,Mgp,RP11-385F5.3,FOXG1,RP11-385F5.3,GFAP,RP11-385F5.3,MYC,RP11-385F5.3,LRRC15,RP11-385F5.3,RP11-385F5.3,TGOLN2,DADB-91M20.1,RP11-385F5.3,IQCF1,RP11-385F5.3,RP11-385F5.3,UTP15,CDABP0067,RP11-385F5.3,RP11-385F5.3,hCG_2011013,PSMB3,RP11-385F5.3,RP11-385F5.3,RP23-189N15.7,MCM2,RP11-385F5.3,CGI-17,RP11-385F5.3,RP11-385F5.3,UNQ690/PRO1335,RP11-126K1.7,RP11-385F5.3,DUSP14,RP11-385F5.3,RP11-385F5.3,SMC6,RP11-385F5.3,RP11-573G6.1,PSMA5,RP11-385F5.3,FOXL1,RP11-385F5.3,RP11-385F5.3,RP11-528G1.4,PRO2292,RP11-385F5.3"
90,FLNA,"DRD2,XX-FW83128A1.1,RP5-1119A7.4,XX-FW83128A1.1,HSPC057,XX-FW83128A1.1,RP1-302G2.1,XX-FW83128A1.1,Nek2,XX-FW83128A1.1,KLHL12,XX-FW83128A1.1,TES,XX-FW83128A1.1,MYO1C,XX-FW83128A1.1,TP53BP1,XX-FW83128A1.1,ARRB1,XX-FW83128A1.1,FLNB,XX-FW83128A1.1,RP11-479G22.2,XX-FW83128A1.1,MCM2,XX-FW83128A1.1,SMURF1,XX-FW83128A1.1,DBN1,XX-FW83128A1.1,RALA,XX-FW83128A1.1,RP11-175D17.1,XX-FW83128A1.1,TPM4,XX-FW83128A1.1,DCN,XX-FW83128A1.1,DNAAF5,XX-FW83128A1.1,CRK,XX-FW83128A1.1,Grm7,XX-FW83128A1.1,LGALS14,XX-FW83128A1.1,RP11-574K11.6,XX-FW83128A1.1,CDH1,XX-FW83128A1.1,APOH,XX-FW83128A1.1,MTNR1A,XX-FW83128A1.1,MAP2K2,RP23-436K3.1,RP23-136K12.2,XX-FW83128A1.1,G3BP1,XX-FW83128A1.1,MPRIP,XX-FW83128A1.1,RP11-324E23.2,XX-FW83128A1.1,FAM101A,XX-FW83128A1.1,RP1-76K10.1,XX-FW83128A1.1,LIG4,XX-FW83128A1.1,HMGB2,XX-FW83128A1.1,CDK2,XX-FW83128A1.1,Itga5,XX-FW83128A1.1,RANBP2,XX-FW83128A1.1,RPA1,XX-FW83128A1.1,DADB-118P11.2,XX-FW83128A1.1,KCNE4,XX-FW83128A1.1,RP23-396M19.2,XX-FW83128A1.1,EPS15,XX-FW83128A1.1,TWF1,XX-FW83128A1.1,RP23-101J23.1,XX-FW83128A1.1,MYO1E,XX-FW83128A1.1,ARPC3,XX-FW83128A1.1,SORBS2,XX-FW83128A1.1,USP19,XX-FW83128A1.1,CCDC8,XX-FW83128A1.1,IKBIP,XX-FW83128A1.1,RP13-228J13.4,XX-FW83128A1.1,NPHP1,XX-FW83128A1.1,AL133330.1,XX-FW83128A1.1,PHLDB2,XX-FW83128A1.1,RP1-34B20.8,XX-FW83128A1.1,DAPK3,XX-FW83128A1.1,CFL2,XX-FW83128A1.1,SPTAN1,XX-FW83128A1.1,NTRK1,XX-FW83128A1.1,RP4-657E11.7,XX-FW83128A1.1,AL583886.1,XX-FW83128A1.1,CUL7,XX-FW83128A1.1,VCAM1,XX-FW83128A1.1,CAMKK2,XX-FW83128A1.1,DSG2,XX-FW83128A1.1,FABP1,XX-FW83128A1.1,STON2,XX-FW83128A1.1,Flot1,XX-FW83128A1.1,Lima1,XX-FW83128A1.1,PPP1R12A,XX-FW83128A1.1,MYO18A,XX-FW83128A1.1,HIV1gp2,XX-FW83128A1.1,MTNR1B,XX-FW83128A1.1,RP11-354A16.1,XX-FW83128A1.1,MSTP028,XX-FW83128A1.1,FLOT2,XX-FW83128A1.1,BRCA1,XX-FW83128A1.1,HSPC231,XX-FW83128A1.1,RP5-824I19__A.1,XX-FW83128A1.1,CYBRD1,XX-FW83128A1.1,RP11-534G20.1,XX-FW83128A1.1,RP11-470J20.3,XX-FW83128A1.1,Racgap1,XX-FW83128A1.1,DAAP-285E11.7,XX-FW83128A1.1,CGI-151,XX-FW83128A1.1,AFAP1,XX-FW83128A1.1,ITGB7,XX-FW83128A1.1,RP4-547C9.3,XX-FW83128A1.1,PPP1R9B,XX-FW83128A1.1,PPP1CA,XX-FW83128A1.1,PPP1CC,XX-FW83128A1.1,WDR1,XX-FW83128A1.1,CRY2,XX-FW83128A1.1,VHL,XX-FW83128A1.1,AP2B1,XX-FW83128A1.1,RP23-43J1.4,XX-FW83128A1.1,CORO1B,XX-FW83128A1.1,FSCN1,XX-FW83128A1.1,PP2593,XX-FW83128A1.1,RP11-1000B6.5,XX-FW83128A1.1,ARFGEF2,XX-FW83128A1.1,PLEKHG3,XX-FW83128A1.1,CGI-07,XX-FW83128A1.1,ASB2,XX-FW83128A1.1,CORO1C,XX-FW83128A1.1,ICAM1,XX-FW83128A1.1,AP2M1,XX-FW83128A1.1,SEC13,XX-FW83128A1.1,RP1-164F3.2,XX-FW83128A1.1,Tmod3,XX-FW83128A1.1,MAP3K3,XX-FW83128A1.1,GNB2,XX-FW83128A1.1,HNRNPA1,XX-FW83128A1.1,ACTR3,XX-FW83128A1.1,RP11-350O14.7,XX-FW83128A1.1,GNAI1,XX-FW83128A1.1,RP4-543J19.4,XX-FW83128A1.1,RPA3,XX-FW83128A1.1,ACTR2,XX-FW83128A1.1,TDRD15,XX-FW83128A1.1,TRIM55,XX-FW83128A1.1,ACTG1,XX-FW83128A1.1,HSPC075,XX-FW83128A1.1,OK/SW-cl.40,XX-FW83128A1.1,REL,XX-FW83128A1.1,PP1396,XX-FW83128A1.1,RP11-244N9.1,XX-FW83128A1.1,TRIO,XX-FW83128A1.1,HNRNPD,XX-FW83128A1.1,Tpm1,XX-FW83128A1.1,BANF1,XX-FW83128A1.1,CPM,XX-FW83128A1.1,TMOD3,XX-FW83128A1.1,CUL3,XX-FW83128A1.1,MYBL2,XX-FW83128A1.1,ITGB3,XX-FW83128A1.1,Actb,XX-FW83128A1.1,SHBG,XX-FW83128A1.1,CALM1,XX-FW83128A1.1,MISP,XX-FW83128A1.1,ANXA2,XX-FW83128A1.1,TRAF2,XX-FW83128A1.1,RP4-789D17.2,XX-FW83128A1.1,RP3-470L14.2,XX-FW83128A1.1,MAPRE1,XX-FW83128A1.1,CMIP,XX-FW83128A1.1,Coro1c,XX-FW83128A1.1,UNQ6505/PRO21383,XX-FW83128A1.1,ANTXR1,XX-FW83128A1.1,ACTB,XX-FW83128A1.1,RP1-117P20.2,XX-FW83128A1.1,PIK3C2A,XX-FW83128A1.1,TSGA10,XX-FW83128A1.1,NEXN,XX-FW83128A1.1,RP11-54H19.1,XX-FW83128A1.1,RP1-179N16.5,XX-FW83128A1.1,CAPZA1,XX-FW83128A1.1,OK/SW-cl.85,XX-FW83128A1.1,UAP1,XX-FW83128A1.1,CDC73,XX-FW83128A1.1,PAN2,XX-FW83128A1.1,CPLX1,XX-FW83128A1.1,RP1-130E4.1,XX-FW83128A1.1,RAB8B,XX-FW83128A1.1,RP11-298P3.4,XX-FW83128A1.1,RP11-553L6.5,XX-FW83128A1.1,FURIN,RP23-436K3.1,Prkaa1,XX-FW83128A1.1,RP5-823N20.1,XX-FW83128A1.1,MYO19,XX-FW83128A1.1,FAM90A1,XX-FW83128A1.1,MAP2K4,RP23-436K3.1,AP2A1,XX-FW83128A1.1,DMWD,XX-FW83128A1.1,DYNC1LI2,XX-FW83128A1.1,NPM1,XX-FW83128A1.1,DAAP-285E11.2,XX-FW83128A1.1,AKAP12,XX-FW83128A1.1,RP11-353C18.2,XX-FW83128A1.1,KIAA1211,XX-FW83128A1.1,ITPR3,XX-FW83128A1.1,RP11-169K16.5,XX-FW83128A1.1,SSFA2,XX-FW83128A1.1,ACAD10,XX-FW83128A1.1,MYH11,XX-FW83128A1.1,SPTBN2,XX-FW83128A1.1,SIRT7,XX-FW83128A1.1,CTTN,XX-FW83128A1.1,HACE1,RP23-436K3.1,ALKBH3,XX-FW83128A1.1,HSP90AA1,XX-FW83128A1.1,RP11-383C12.1,XX-FW83128A1.1,RP11-112J3.4,XX-FW83128A1.1,JUP,XX-FW83128A1.1,Calml3,XX-FW83128A1.1,DYNC1LI1,XX-FW83128A1.1,DAB2,XX-FW83128A1.1,RP5-975D15.2,XX-FW83128A1.1,RP11-3J11.4,XX-FW83128A1.1,MYO5A,XX-FW83128A1.1,PFDN4,XX-FW83128A1.1,ARPC1B,XX-FW83128A1.1,RP4-677H15.3,XX-FW83128A1.1,ITGA4,XX-FW83128A1.1,RP11-477J21.1,XX-FW83128A1.1,RP3-472A9.1,XX-FW83128A1.1,ADRB2,XX-FW83128A1.1,KCND2,XX-FW83128A1.1,CASR,XX-FW83128A1.1,SYNPO,XX-FW83128A1.1,CLTC,XX-FW83128A1.1,SSH2,XX-FW83128A1.1,RP1-68O2.1,XX-FW83128A1.1,CD81,XX-FW83128A1.1,FN1,XX-FW83128A1.1,CAPN6,XX-FW83128A1.1,DYNC1H1,XX-FW83128A1.1,CORO2A,XX-FW83128A1.1,BASP1,XX-FW83128A1.1,XX-FW83128A1.1,hCG_2029577,RAI14,XX-FW83128A1.1,ACTN4,XX-FW83128A1.1,RPS23,XX-FW83128A1.1,SPTBN1,XX-FW83128A1.1,DRD3,XX-FW83128A1.1,OTUD5,XX-FW83128A1.1,MAP2K1,RP23-436K3.1,XX-FW83128A1.1,ZBTB1,PP624,XX-FW83128A1.1,DN-491F10.4,XX-FW83128A1.1,CAPZA2,XX-FW83128A1.1,CLTB,XX-FW83128A1.1,APC,XX-FW83128A1.1,ANLN,XX-FW83128A1.1,SYNPO2,XX-FW83128A1.1,ARPC4,XX-FW83128A1.1,ISG15,XX-FW83128A1.1,PALM,XX-FW83128A1.1,COBL,XX-FW83128A1.1,Flnb,XX-FW83128A1.1,LGALS1,XX-FW83128A1.1,RP11-98I9.5,XX-FW83128A1.1,TP53,XX-FW83128A1.1,CARD8,XX-FW83128A1.1,FLII,XX-FW83128A1.1,MYC,XX-FW83128A1.1,SH2B3,XX-FW83128A1.1,NLGN3,XX-FW83128A1.1,OTUD1,XX-FW83128A1.1,TJP1,XX-FW83128A1.1,IQGAP1,XX-FW83128A1.1,DIXDC1,XX-FW83128A1.1,SPECC1,XX-FW83128A1.1,PFDN5,XX-FW83128A1.1,GRB2,XX-FW83128A1.1,PDLIM7,XX-FW83128A1.1,TCF4,XX-FW83128A1.1,SIRT6,XX-FW83128A1.1,CHMP4B,XX-FW83128A1.1,CFL1,XX-FW83128A1.1,PLEC,XX-FW83128A1.1,ARRB2,XX-FW83128A1.1,F3,XX-FW83128A1.1,CRY1,XX-FW83128A1.1,MYO1B,XX-FW83128A1.1,GP1BA,XX-FW83128A1.1,CD59,XX-FW83128A1.1,MYO5C,XX-FW83128A1.1,FILIP1,XX-FW83128A1.1,PDIA3,XX-FW83128A1.1,HDAC5,XX-FW83128A1.1,GNN,XX-FW83128A1.1,OBSL1,XX-FW83128A1.1,PPP1CB,XX-FW83128A1.1,TPM1,XX-FW83128A1.1,RP1-184J9.3,XX-FW83128A1.1,RP11-317F20.1,XX-FW83128A1.1,ECT2,XX-FW83128A1.1,TRA2B,XX-FW83128A1.1,CLINT1,XX-FW83128A1.1,SMAD3,XX-FW83128A1.1,RP11-536C5.3,XX-FW83128A1.1,HRIHFB2017,XX-FW83128A1.1,ITGB6,XX-FW83128A1.1,FBXW11,XX-FW83128A1.1,S100A10,XX-FW83128A1.1,TXNDC16,XX-FW83128A1.1,CLTA,XX-FW83128A1.1,RP11-5P18.6,XX-FW83128A1.1"
91,NEB,"CALM1,NEB,MYPN,NEB,NEB,XIRP2,NEB,TPM1,NEB,SNTA1,MCM2,NEB,APC,NEB,DES,NEB,NEB,TRIM55,NEB,RP1-179N16.5,ACTG2,NEB,MAPK1,NEB,NEB,RP4-786G8.2,KLHL40,NEB,NEB,XIRP1,MTNR1A,RP23-330F15.1,NEB,RP11-112J3.4,Mbp,NEB,NEB,PRKAB2,NEB,RP11-68I18.7,NEB,STK3,NEB,SP1,NEB,TRIM63,NEB,RP11-244N9.1"
92,XIRP1,"FLNC,XIRP1,EVL,XIRP1,ACTA1,XIRP1,RP11-496N12.7,XIRP1,NEB,XIRP1,VASP,XIRP1,RP11-56H7.1,XIRP1"
93,PLCD1,"PLCD1,RBM24,GPBP1,PLCD1,PLCD1,RALA,APP,PLCD1,PLCD1,RP5-1054A22.2,PLCD1,RAB11B,PLCD1,SMARCD1,GDF5,PLCD1,Plcd1,XPO1,CAGF28,PLCD1,FBXL4,PLCD1,KIF3A,PLCD1,PLCD1,RP5-990P15.1,PLCD1,UNQ6368/PRO21073/PRO21384,PLCD1,RP11-520H16.1,GAP43,PLCD1"
94,FYCO1,"FYCO1,RP1-184J9.1,FYCO1,PRMT6,FYCO1,MLYCD,FYCO1,RP11-346K17.1,FYCO1,RP4-547C9.3,FYCO1,RP11-443G18.6,CCT6B,FYCO1,FYCO1,PAX6,DTNA,FYCO1,FYCO1,RFT1,FYCO1,MAP1LC3B,FYCO1,RP11-437A18.1,DDX60,FYCO1,FYCO1,XX-FW88778H2.1,FYCO1,KIF5B,FYCO1,RP11-54H19.1,FYCO1,SEC24B,CCDC68,FYCO1,FYCO1,XPO1,FYCO1,HSPC057,FYCO1,OK/SW-cl.85,FYCO1,RAF1,FYCO1,PRED77,FYCO1,TMPO,ADO,FYCO1,C17orf59,FYCO1,FYCO1,RP1-222E13.9,FYCO1,KIF23,FYCO1,RPA3,FYCO1,MON1B,FYCO1,NOL9,FYCO1,GOPC,FYCO1,RP11-426L16.2,FYCO1,RP11-339B21.1,APP,FYCO1,FYCO1,HIF1AN,FYCO1,RPA1,FYCO1,SASS6,CCDC101,FYCO1,CCT7,FYCO1,C18orf8,FYCO1,CGI-43,FYCO1,FYCO1,MAP4,CCT6A,FYCO1,FYCO1,RP11-379J5.1,FYCO1,TCP1,CCT2,FYCO1,FOXK1,FYCO1,FYCO1,PPL"
95,DNAH1,
96,FRAS1,"FRAS1,QPCT,FRAS1,UNQ735/PRO1429,FRAS1,SCGB1D1,FRAS1,ZFP41,DEFA5,FRAS1,FRAS1,GML,FRAS1,UNQ648/PRO1278,FRAS1,MGAT4C,FRAS1,ST8SIA4,FRAS1,XX-FW83563B9.3,FRAS1,UNQ649/PRO1279,FRAS1,NXPH2,FRAS1,PVRIG,FRAS1,UNQ292/PRO331,FRAS1,UNQ360/PRO655,FRAS1,PSG8,FRAS1,RP11-485B17.2,FRAS1,RP11-196G18.2,FRAS1,OS9,FRAS1,UNQ675/PRO1309,FRAS1,UNQ570/PRO1132,FRAS1,RP3-480J14.1,FRAS1,RP11-239E10.4,FRAS1,ZPBP2,FRAS1,RP1-224A6.7,FRAS1,ZNF408,FRAS1,GPHA2,CHST8,FRAS1,FRAS1,RP11-528G1.4,FRAS1,LIPH,FRAS1,UNQ769/PRO1563,FRAS1,UNQ486/PRO1002"
97,SZT2,"LL22NC03-113A11.1,SZT2,CRX,SZT2,SHMT2,SZT2,KPTN,SZT2,REL,SZT2,RAD23A,SZT2,SZT2,UNQ6349/PRO21054,C7orf60,SZT2,ITFG2,SZT2,DOCK5,SZT2,SZT2,TCF4,RP23-63D8.3,SZT2"
98,BCLAF1,"BCLAF1,ZC3H11A,BCLAF1,EGFR,BAG3,BCLAF1,BCLAF1,YWHAG,ARRB2,BCLAF1,BCLAF1,VCP,BCLAF1,CHD1,BCLAF1,RP1-237H22.1,BCLAF1,PAN2,BCLAF1,HDAC11,BCLAF1,RP3-423B22.3,BCLAF1,RP4-635E18.2,BCLAF1,CSNK2A2,BCLAF1,FXR1,BCLAF1,CLK3,BCLAF1,tcag7.39,BCLAF1,OBSL1,ARRB1,BCLAF1,BCLAF1,CAGF28,BCLAF1,CUL7,BCLAF1,Uso1,BCLAF1,RP23-333D2.2,BCLAF1,COQ2,BCLAF1,CDKN2AIPNL,BCLAF1,GAN,BCLAF1,SART3,BCLAF1,PABPN1,BCLAF1,Tipin,BCLAF1,RP3-422H11.1,BCLAF1,PRMT8,BCLAF1,RP5-1189B24.5,BCLAF1,SMURF1,BCLAF1,CGI-59,BCLAF1,RP11-519K18.1,BCLAF1,CUL3,BCLAF1,HSPC206,BCLAF1,NANOG,BCLAF1,THOC1,BCLAF1,RP4-531M19.2,BCLAF1,SRRM1,BCLAF1,U2AF2,BCLAF1,Psmb5,BCLAF1,RP11-714M16.1,BARD1,BCLAF1,BCLAF1,NTRK1,BCLAF1,CSNK2A1,BCLAF1,THOC7,BCLAF1,SRPK2,BCLAF1,ZBTB1,BCLAF1,FMR1,BCLAF1,CLK1,BCLAF1,RP1-222E13.9,BCLAF1,Prkaa1,BCLAF1,THOC3,BCLAF1,PSEC0006,BCLAF1,HT031,BCLAF1,HSPC322,BCLAF1,PDGFRB,BCLAF1,LA16c-OS12.1,BCLAF1,Numb,BCLAF1,DAAP-97M17.4,BCLAF1,SRSF9,BCLAF1,Erh,BCLAF1,CDK2,ALYREF,BCLAF1,BCLAF1,CTA-215D11.1,BCLAF1,Mad2l1,BCLAF1,XX-FW88778H2.1,BCLAF1,THOC5,BCLAF1,GS1-120K12.1,BCLAF1,RP23-199A2.2,BCLAF1,RP4-756N5.1,BCLAF1,MSTP054,BCLAF1,XPO1,BCLAF1,RP11-573G6.1,BCLAF1,PRMT1,BCLAF1,HSPC057,BCLAF1,Slc25a4,BCLAF1,UNK,BCLAF1,SUZ12,BCLAF1,CORO2A,ASB3,BCLAF1,BCLAF1,THRAP3,BCLAF1,SPIN1,BCLAF1,XXbac-BCX105G6.6,BCLAF1,RP11-426L16.2,BCLAF1,RP11-90M2.2,BCLAF1,PNN,BCLAF1,RP1-134O19.1,BCLAF1,SNRNP70,BCLAF1,Dennd6a,BCLAF1,RP1-130E4.1,BCLAF1,CLK2,ALKBH3,BCLAF1,ASB18,BCLAF1,BCLAF1,PIN1,BCLAF1,CCNB1,BCLAF1,RP1-34B20.8,BCLAF1,NXF1,BCLAF1,CAND1,BCLAF1,RP11-390P24.1,BCLAF1,CTA-150C2.15-003,BCLAF1,CBX8"
99,KMT2C,"KDM4B,KMT2C,ASCL2,KMT2C,KMT2C,RP13-886N14.3,KMT2C,WDR5,KMT2C,RBBP5,KMT2C,PAGR1,APPL2,KMT2C,DPY30,KMT2C,KMT2C,UNQ9342/PRO34047,CAGF28,KMT2C,CDC73,KMT2C,KMT2C,RP11-269C23.2,ELAVL1,KMT2C,KMT2C,MTNR1B,KMT2C,RP5-1181N3.2,KMT2C,UNQ532/PRO1075,ASH2L,KMT2C,JUN,KMT2C,KMT2C,RP1-179N16.5,HIST3H3,KMT2C,KMT2C,RP11-203J24.1,HIST2H3C,KMT2C,KMT2C,RP11-396C23.1,KMT2C,SMARCB1,HIST1H3A,KMT2C"
100,ANK1,"ANK1,RHAG,ANK1,SPTB,ANK1,RP1-249I4.1,ANK1,TIAM1,ANK1,KCTD6,AL133330.1,ANK1,ANK1,SLC4A3,ANK1,SLC4A1,ANK1,SPTA1,ANK1,VAC14,ANK1,TTN,ANK1,CUL3,ANK1,HSPB1,ANK1,RP11-96L7.1,ANK1,RYR1,ANK1,RP5-1139B12.1,ANK1,CHL1,ANK1,RP13-122B23.3,ANK1,tcag7.1034,ANK1,RP1-267P19.1,ANK1,RP4-569D19.7,ANK1,PIKFYVE,ANK1,SPTBN1"
101,TNC,"TNNC1,TNNT1,PRED77,TNNC1,TNNC1,TNNI2,CDK1,TNNC1,TNNC1,TNNI3,TNNC1,TNNT2,FN1,TNC,CNN1,TNNC1,POLR2G,TNNC1,TNNC1,TNNI1,NCAN,TNC,ITGA9,TNC,EGFR,TNC,TNNC1,TRIM63,RP3-447F3.1,TNNC1,RBM15B,TNNC1"
102,CDK5RAP2,"RP23-402H11.2,TBC1D31,MAPRE1,RP11-412P1.1,RP23-402H11.2,RP4-791M13.2,PCM1,RP23-402H11.2,RP11-412P1.1,RP23-193M19.1,RALBP1,RP11-412P1.1,RP11-412P1.1,USP43,RP11-462D18.3,RP23-402H11.2,MYO10,RP23-402H11.2,MZT2B,RP11-412P1.1,C6orf141,RP11-412P1.1,PRO1608,RP11-412P1.1,RP11-412P1.1,RP11-540N4.1,RP11-412P1.1,STK36,PRKACA,RP11-412P1.1,LPXN,RP11-412P1.1,RP1-147M19.1,RP11-412P1.1,AKAP9,RP23-402H11.2,FAM81B,RP11-412P1.1,PTTG1,RP11-412P1.1,CRMP1,RP11-412P1.1,RP11-412P1.1,SUZ12,RP11-412P1.1,RPGRIP1L,RP11-412P1.1,RP11-552J9.2,C17orf59,RP11-412P1.1,RP11-412P1.1,RP23-244H7.2,RP11-413M3.10,RP23-402H11.2,HAP1,RP11-412P1.1,MZT2A,RP11-412P1.1,BOS_18467,RP11-412P1.1,RP11-82H13.1,RP23-402H11.2,CEP170,RP23-402H11.2,PRKACA,RP23-402H11.2,PRKAR2A,RP23-402H11.2,MIB1,RP23-402H11.2,CHMP4B,RP11-412P1.1,C1orf87,RP11-412P1.1,PCBD1,RP11-412P1.1,RP11-412P1.1,RP4-791M13.2,RP11-412P1.1,Uso1,PP8407,RP11-412P1.1,KIAA0753,RP23-402H11.2,MAGEH1,RP11-412P1.1,CDK5,RP11-412P1.1,CEP68,RP11-412P1.1,FGFR1OP,RP11-412P1.1,Fgfr1op,RP11-412P1.1,Prkar2a,RP11-412P1.1,KAT5,RP11-412P1.1,Prkacb,RP11-412P1.1,CEP152,RP11-412P1.1,PGAP2,RP23-402H11.2,PTN,RP11-412P1.1,PRKAR2B,RP11-412P1.1,RP11-412P1.1,RP11-82H13.1,RP11-229P13.8,RP11-412P1.1,DYNLL1,RP11-412P1.1,RP11-412P1.1,SENP2,RP11-408K19.2,RP11-412P1.1,IKBIP,RP11-412P1.1,RP11-412P1.1,RP11-413M3.9,MLF1,RP11-412P1.1,RP11-17H4.1,RP11-412P1.1,RP11-412P1.1,RP3-402G11.6,CEP72,RP23-402H11.2,RP11-412P1.1,TUBGCP5,CGI-59,RP11-412P1.1,FGL2,RP11-412P1.1,RP11-412P1.1,TUBGCP2,RP11-412P1.1,TUBG1,CEP131,RP23-402H11.2,RBM48,RP11-412P1.1,AKAP9,RP11-412P1.1,RP11-412P1.1,ZPR1,NME7,RP11-412P1.1,FBXO25,RP11-412P1.1,RP23-402H11.2,SIPA1L3,LINC01587,RP11-412P1.1,RP11-412P1.1,RP11-480K16.2,RP11-412P1.1,TRIM37,PCNT,RP11-412P1.1,PLK4,RP11-412P1.1,RP11-412P1.1,STARD9,MUS81,RP11-412P1.1,PCNT,RP23-402H11.2,DYNLL1,RP23-402H11.2,AD-011,RP11-412P1.1,RP11-412P1.1,RP23-185A18.13-001,CDK5R1,RP11-412P1.1,RP11-412P1.1,SOCS6,RP11-412P1.1,SSH3"
103,CELSR2,"CELSR2,DTWD2,CELSR2,PCDH20,CELSR2,ZBBX,CELSR2,ST8SIA4,CELSR2,NXPH2,CELSR2,DADB-70P7.1,CELSR2,RYK,CELSR2,DDX39A,CELSR2,PSG8,CELSR2,UNQ3023/PRO9821,CELSR2,RP11-485B17.2,CELSR2,PCDHGB1,CELSR2,UNQ570/PRO1132,CELSR2,UNQ296/PRO336,CELSR2,NAALADL2,CELSR2,USP36,CELSR2,UNQ480/PRO943,CELSR2,UNQ395/PRO731,CELSR2,SIRT6,CELSR2,LCA5,CELSR2,RP5-1018E9.1,CELSR2,UNQ735/PRO1429,CELSR2,RPL28,CELSR2,TMEM30B"
104,INSC,"INSC,UNQ574/PRO1136"
105,SLC6A13,"ATXN1,SLC6A13"
106,B4GALNT3,"B4GALNT3,PILRA,B4GALNT3,GAA,B4GALNT3,SCGB2A2"
107,FLG,"FGFR1,TNK2,FGFR1,RTN1,FGFR1,GRB14,FGF1,FGFR1,FLG,PI4KA,C14orf37,FGFR1,FGFR1,RP11-3J10.3,FGFR1,NCK2,FLG,HNRNPA1,FLG,RP11-101E13.2,FGFR1,PIK3R2,ERBB3,FGFR1,FGFR1,UNQ3027/PRO9828,FGFR1,PKM,AKT1,FGFR1,C19orf45,FGFR1,FGFR1,LDLRAD4,FGFR1,JAK2,FGFR1,UBC,C21orf59,FLG,FGFR1,LITAF,FGFR1,NCAM1,FLG,TUBG1,FLG,UCP2,EVI2A,FGFR1,FGFR1,PIG53,FLG,HSPC057,FLG,KIR3DS1,FGFR1,PPP2R1B,FGF8,FGFR1,FGFR1,RP11-759L5.3,FLG,UNQ1888/PRO4333,FGF10,FGFR1,C16orf58,FGFR1,FGFR1,PVRL1,FGFR1,SOS1,FGFR1,UNQ598,CD79B,FGFR1,FGFR1,GAD1,FLG,ZSCAN12,FGFR1,KPNB1,FGFR1,RES4-23,Fgfr1,GZMB,EPHA4,FGFR1,FGF5,FGFR1,FGFR1,RP11-492M19.2,FAM8A1,FGFR1,CDC20,FGFR1,FGFR1,NCK1,FGF2,FGFR1,FCGRT,FGFR1,FGFR1,UNQ1867/PRO4303,FGFR1,PDP1,FGFR1,HTR1A,FGFR1,UNQ305/PRO346,FGFR1,FGFR2,FGFR1,PTK6,FGFR1,UNQ160/PRO186,FLG,GMCL1,FGFR1,TGFBR2,FGFR1,RP11-393H10.3,FGF3,FGFR1,FGFR1,UNQ3098/PRO10075,Fgfr1,METAP2,CDH1,FGFR1,FGFR1,RP11-298J23.2,FGFR1,UNQ161/PRO187,FGFR1,RP3-503F13.3,FGFR1,HDCGA21P,FLG,STK16,BNIP2,FGFR1,FGFR1,PIK3R1,FGFR1,RP5-823N20.1,FGFR1,KAL1,FGFR1,RP3-511B24.2,FGFR1,RP11-228B15.5,FGFR1,HSP90AA1,FGFR1,GOLGA7B,FGFR1,YES1,FGFR1,RP11-6J24.1,FGFR1,TPCN2,FLG,USP1,FGFR1,L1CAM,FLG,OK/SW-cl.84,FGFR1,hCG_2022374,FGFR1,TSPAN3,FDPS,FGFR1,FLG,Z69720.1-002,FGFR1,RP1-12G14.8,FGFR1,TMEM30B,FGFR1,VAV1,FGFR1,RP11-385F5.1,FGFR1,UNQ316/PRO361,FGFR1,TENC1,FGFR1,FRS2,FGFR1,RTN3,FGFR1,OK/SW-cl.35,FLG,RP11-297A16.3,FGFR1,STAT3,CRK,FGFR1,FGF9,FGFR1,Fgfr1,HDLBP,FGFR1,LTBR,EZH2,FLG,DLK1,FGFR1,FGFR1,RP11-21A7A.2,FGFR1,UNQ296/PRO336,CREBBP,FGFR1,FLG,RP11-461N23.8,FLG,RP3-417M14.2,CGI-35,FLG,Fgfr1,HOMEZ,FGF6,FGFR1,FGFR1,UNQ256/PRO293,FGFR1,SLA,FGFR1,SCN3B,AL133330.1,FGFR1,FGFR1,ITK,FLG,MCL1,FGFR1,FGFR1"
108,IRAK3,"IRAK3,LDB1,IRAK3,RP11-7O11.6,IRAK1,IRAK3,IRAK2,IRAK3,IRAK3,RP11-210N13.4,HUSSY-29,IRAK3,FOLR1,IRAK3,HOXB7,IRAK3,HSP90AA1,IRAK3,IRAK3,NTRK3,CDCA5,IRAK3,ADH1B,IRAK3,CD14,IRAK3,IRAK3,MSTP026,IRAK3,TRAF6,IRAK3,NONO,IRAK3,RP11-54A4.6,IRAK3,MYD88"
109,PHKB,"CALM1,PHKB,PHKB,RP5-1121H13.2,CALM1,Phkb,CAMK2B,PHKB,PHKB,TP53,Ndc80,PHKB,PHKB,Ppp1r3b,PHKB,TULP3,PHKB,RP11-2C24.4,PHKB,RP5-890O15.2,LGALS3BP,PHKB,PHKB,RP13-228J13.4,PHKB,hCG_2033729,PHKB,RP4-754E20__B.2,PHKB,RP5-914N13.2,HNRNPC,PHKB,HERC2,PHKB,CORO1B,PHKB,CORO1C,PHKB,DCP2,PHKB,BRAF,PHKB,AURKB,PHKB,DOK4,PHKB,PHKB,RP5-1009E24.6,PHKB,UBE3A,NTRK1,PHKB"
110,MED13,"MED13,TCL1B,MED13,SREBF1,MED13,RP1-199J3.1,MED13,MED18,MED13,RP11-71J12.1,KL04P,MED13,MED13,MED6,MED13,RP5-914N13.2,MED13,PRPF8,MED13,TRIP4,MED13,MED7,L6,MED13,MED13,QKI,MED13,RANBP2,MED13,RP11-90M2.2,MED13,MED14,MED13,MED21,MED13,MED29,MED13,TCBAP0758,MED13,RP1-130E4.1,CASP10,YDR443C,MED13,RP11-169I2.1,FBXW7,MED13,MED13,MED24,MED13,TSC22D2,MED13,MED9,MED13,RP23-414L19.3,MED13,MED30,MED13,RP11-346C16.5,MED13,RP11-541N10.2,MED13,MED19,MED13,RP11-323H21.4,FKSG20,MED13,MED1,MED13,MED13,MED15,MED13,MED16,MED12,MED13,MED13,VDR,MED13,MED17,MED13,RP1-92O14.5,EFTUD2,MED13,MED13,TRRAP,CDK8,MED13,MED13,MED26,MED13,NR1I3,HIF1A,MED13"
111,ASXL3,"ASXL3,hucep-6,ASXL3,CLK1"
112,ALPK2,
113,MSH6,"MSH6,RUSC2,MSH6,RPS6KB2,BARD1,MSH6,KIAA1191,MSH6,MSH6,RP23-151A15.2,MSH6,SIRT7,MSH6,SMC3,ATR,MSH6,MSH6,RP11-181G12.1,BRCA1,MSH6,MSH6,SUPT5H,DADB-104B20.2,MSH6,MSH6,PCNA,MSH6,NTRK1,IB3089A,MSH6,MSH6,NCL,MSH6,RNF126,FBXO25,MSH6,MSH6,ZNF746,MSH6,RP11-66D17.10-003,BLM,MSH6,MSH6,POLE,AKR7A2,MSH6,MSH6,RP11-15I11.1,MSH6,SLX4,CUL3,MSH6,CSNK2A1,MSH6,MSH6,RFC1,HSD5,MSH6,CHEK1,MSH6,MSH6,MYC,MSH6,RAD51,MSH6,SIRT6,MSH6,POLK,MSH6,RAD50,MSH6,RP11-396C23.1,MSH6,PRKDC,MSH6,UNK,MSH6,RP1-132F21.1,CHD8,MSH6,HYOU1,MSH6,FAF2,MSH6,MSH6,PARP2,CTA-216E10.7,MSH6,MSH6,RP11-291L19.4,MSH2,MSH6,CASP4,MSH6,MSH6,PRDX2,MSH6,RP4-534D1.2,MLH1,MSH6,MSH6,RAD9A,GANAB,MSH6,MSH6,XRCC5,ATP6V1B2,MSH6,MSH6,PMS1,MSH6,TP53,MSH6,RP1-319D22.1,ATM,MSH6,DECR1,MSH6,MSH6,RAD1,ANKRD17,MSH6,MSH6,SMARCAD1,MSH6,STX3,MSH6,RP11-172F4.1,CHAF1A,MSH6,MSH6,RP23-12I13.1,MSH6,tcag7.704,MSH6,PMS2,MSH6,SUPT16H,MRE11A,MSH6,HSPC057,MSH6,MSH6,NBN,MSH3,MSH6,AIRE,MSH6,FWP006,MSH6,HDAC11,MSH6,FEN1,MSH6,CREBBP,MSH6,MSH6,RP1-85F18.1,MSH6,RP13-886N14.3,MSH6,SNW1,MSH6,RP6-29D12.1,MSH6,TOPBP1,CLSPN,MSH6,MSH6,RAD21"
114,TNS1,"FAM175B,MSTP091,MSTP091,RP11-115J22.1,MSTP091,OSGEP,MSTP091,RP11-352E13.1,MSTP091,PPP1CC,GS1-19O24.1,MSTP091,CSK,MSTP091,HSPC142,MSTP091,KLF10,MSTP091,MSTP091,NPHP1,DTNB,MSTP091,MSTP091,TENC1,MSTP091,YWHAZ,MSTP091,SORBS3,MSTP091,RP11-143H17.2,MSTP091,hCG_1980470,MSTP091,RP11-298J23.2,MSTP091,SNTB1,MSTP091,SNTB2"
